user_id,signup_month,plan,channel,activity_month
1,2024-01,free,organic,2024-01
2,2024-07,free,paid_search,2024-07
2,2024-07,free,paid_search,2024-08
2,2024-07,free,paid_search,2024-09
2,2024-07,free,paid_search,2024-10
3,2024-06,free,paid_search,2024-06
4,2024-04,starter,referral,2024-04
4,2024-04,starter,referral,2024-05
4,2024-04,starter,referral,2024-06
4,2024-04,starter,referral,2024-07
4,2024-04,starter,referral,2024-08
4,2024-04,starter,referral,2024-09
4,2024-04,starter,referral,2024-10
4,2024-04,starter,referral,2024-11
4,2024-04,starter,referral,2024-12
4,2024-04,starter,referral,2025-01
4,2024-04,starter,referral,2025-02
4,2024-04,starter,referral,2025-03
5,2024-04,free,paid_search,2024-04
6,2024-08,pro,organic,2024-08
6,2024-08,pro,organic,2024-09
6,2024-08,pro,organic,2024-10
6,2024-08,pro,organic,2024-11
6,2024-08,pro,organic,2024-12
6,2024-08,pro,organic,2025-01
6,2024-08,pro,organic,2025-02
6,2024-08,pro,organic,2025-03
7,2024-01,starter,organic,2024-01
7,2024-01,starter,organic,2024-02
7,2024-01,starter,organic,2024-03
7,2024-01,starter,organic,2024-04
7,2024-01,starter,organic,2024-05
7,2024-01,starter,organic,2024-06
7,2024-01,starter,organic,2024-07
7,2024-01,starter,organic,2024-08
7,2024-01,starter,organic,2024-09
7,2024-01,starter,organic,2024-10
7,2024-01,starter,organic,2024-11
7,2024-01,starter,organic,2024-12
7,2024-01,starter,organic,2025-01
8,2024-07,starter,organic,2024-07
8,2024-07,starter,organic,2024-08
9,2024-02,free,content,2024-02
10,2024-01,enterprise,organic,2024-01
10,2024-01,enterprise,organic,2024-02
10,2024-01,enterprise,organic,2024-03
11,2024-05,free,content,2024-05
11,2024-05,free,content,2024-06
12,2024-09,free,organic,2024-09
13,2024-07,free,organic,2024-07
13,2024-07,free,organic,2024-08
13,2024-07,free,organic,2024-09
14,2024-07,pro,organic,2024-07
14,2024-07,pro,organic,2024-08
14,2024-07,pro,organic,2024-09
14,2024-07,pro,organic,2024-10
14,2024-07,pro,organic,2024-11
14,2024-07,pro,organic,2024-12
14,2024-07,pro,organic,2025-01
14,2024-07,pro,organic,2025-02
14,2024-07,pro,organic,2025-03
15,2024-07,free,organic,2024-07
15,2024-07,free,organic,2024-08
15,2024-07,free,organic,2024-09
15,2024-07,free,organic,2024-10
16,2024-08,starter,referral,2024-08
17,2024-05,free,paid_search,2024-05
17,2024-05,free,paid_search,2024-06
18,2024-02,enterprise,organic,2024-02
18,2024-02,enterprise,organic,2024-03
18,2024-02,enterprise,organic,2024-04
18,2024-02,enterprise,organic,2024-05
18,2024-02,enterprise,organic,2024-06
18,2024-02,enterprise,organic,2024-07
18,2024-02,enterprise,organic,2024-08
18,2024-02,enterprise,organic,2024-09
18,2024-02,enterprise,organic,2024-10
18,2024-02,enterprise,organic,2024-11
18,2024-02,enterprise,organic,2024-12
18,2024-02,enterprise,organic,2025-01
18,2024-02,enterprise,organic,2025-02
18,2024-02,enterprise,organic,2025-03
19,2024-08,free,referral,2024-08
19,2024-08,free,referral,2024-09
19,2024-08,free,referral,2024-10
19,2024-08,free,referral,2024-11
20,2024-05,free,paid_search,2024-05
21,2024-05,enterprise,content,2024-05
22,2024-04,free,content,2024-04
23,2024-02,free,referral,2024-02
23,2024-02,free,referral,2024-03
23,2024-02,free,referral,2024-04
23,2024-02,free,referral,2024-05
23,2024-02,free,referral,2024-06
23,2024-02,free,referral,2024-07
24,2024-09,free,referral,2024-09
25,2024-08,free,referral,2024-08
26,2024-06,free,paid_search,2024-06
26,2024-06,free,paid_search,2024-07
26,2024-06,free,paid_search,2024-08
26,2024-06,free,paid_search,2024-09
27,2024-04,free,referral,2024-04
27,2024-04,free,referral,2024-05
27,2024-04,free,referral,2024-06
27,2024-04,free,referral,2024-07
28,2024-08,free,organic,2024-08
29,2024-05,pro,referral,2024-05
30,2024-04,free,content,2024-04
30,2024-04,free,content,2024-05
30,2024-04,free,content,2024-06
30,2024-04,free,content,2024-07
30,2024-04,free,content,2024-08
31,2024-05,free,organic,2024-05
32,2024-03,free,referral,2024-03
32,2024-03,free,referral,2024-04
32,2024-03,free,referral,2024-05
32,2024-03,free,referral,2024-06
32,2024-03,free,referral,2024-07
32,2024-03,free,referral,2024-08
33,2024-01,free,content,2024-01
33,2024-01,free,content,2024-02
33,2024-01,free,content,2024-03
33,2024-01,free,content,2024-04
33,2024-01,free,content,2024-05
33,2024-01,free,content,2024-06
34,2024-05,starter,organic,2024-05
34,2024-05,starter,organic,2024-06
35,2024-08,pro,paid_search,2024-08
35,2024-08,pro,paid_search,2024-09
35,2024-08,pro,paid_search,2024-10
35,2024-08,pro,paid_search,2024-11
35,2024-08,pro,paid_search,2024-12
36,2024-01,pro,content,2024-01
36,2024-01,pro,content,2024-02
36,2024-01,pro,content,2024-03
36,2024-01,pro,content,2024-04
36,2024-01,pro,content,2024-05
36,2024-01,pro,content,2024-06
36,2024-01,pro,content,2024-07
36,2024-01,pro,content,2024-08
36,2024-01,pro,content,2024-09
36,2024-01,pro,content,2024-10
36,2024-01,pro,content,2024-11
37,2024-08,free,content,2024-08
37,2024-08,free,content,2024-09
37,2024-08,free,content,2024-10
37,2024-08,free,content,2024-11
37,2024-08,free,content,2024-12
37,2024-08,free,content,2025-01
37,2024-08,free,content,2025-02
38,2024-08,free,organic,2024-08
39,2024-03,free,organic,2024-03
39,2024-03,free,organic,2024-04
39,2024-03,free,organic,2024-05
40,2024-06,free,referral,2024-06
40,2024-06,free,referral,2024-07
40,2024-06,free,referral,2024-08
40,2024-06,free,referral,2024-09
40,2024-06,free,referral,2024-10
40,2024-06,free,referral,2024-11
40,2024-06,free,referral,2024-12
41,2024-02,free,organic,2024-02
41,2024-02,free,organic,2024-03
41,2024-02,free,organic,2024-04
41,2024-02,free,organic,2024-05
41,2024-02,free,organic,2024-06
42,2024-07,starter,organic,2024-07
42,2024-07,starter,organic,2024-08
43,2024-07,free,organic,2024-07
43,2024-07,free,organic,2024-08
43,2024-07,free,organic,2024-09
43,2024-07,free,organic,2024-10
43,2024-07,free,organic,2024-11
44,2024-04,free,organic,2024-04
44,2024-04,free,organic,2024-05
44,2024-04,free,organic,2024-06
44,2024-04,free,organic,2024-07
44,2024-04,free,organic,2024-08
45,2024-01,free,paid_search,2024-01
45,2024-01,free,paid_search,2024-02
45,2024-01,free,paid_search,2024-03
45,2024-01,free,paid_search,2024-04
45,2024-01,free,paid_search,2024-05
45,2024-01,free,paid_search,2024-06
45,2024-01,free,paid_search,2024-07
45,2024-01,free,paid_search,2024-08
45,2024-01,free,paid_search,2024-09
45,2024-01,free,paid_search,2024-10
46,2024-09,free,referral,2024-09
46,2024-09,free,referral,2024-10
46,2024-09,free,referral,2024-11
46,2024-09,free,referral,2024-12
46,2024-09,free,referral,2025-01
47,2024-05,free,paid_search,2024-05
48,2024-09,free,referral,2024-09
48,2024-09,free,referral,2024-10
49,2024-07,starter,paid_search,2024-07
50,2024-08,free,organic,2024-08
51,2024-07,free,organic,2024-07
51,2024-07,free,organic,2024-08
51,2024-07,free,organic,2024-09
51,2024-07,free,organic,2024-10
51,2024-07,free,organic,2024-11
51,2024-07,free,organic,2024-12
52,2024-02,free,organic,2024-02
52,2024-02,free,organic,2024-03
52,2024-02,free,organic,2024-04
52,2024-02,free,organic,2024-05
52,2024-02,free,organic,2024-06
52,2024-02,free,organic,2024-07
53,2024-04,starter,organic,2024-04
53,2024-04,starter,organic,2024-05
53,2024-04,starter,organic,2024-06
53,2024-04,starter,organic,2024-07
53,2024-04,starter,organic,2024-08
53,2024-04,starter,organic,2024-09
53,2024-04,starter,organic,2024-10
53,2024-04,starter,organic,2024-11
53,2024-04,starter,organic,2024-12
53,2024-04,starter,organic,2025-01
54,2024-05,free,organic,2024-05
54,2024-05,free,organic,2024-06
55,2024-05,pro,organic,2024-05
56,2024-01,pro,organic,2024-01
56,2024-01,pro,organic,2024-02
56,2024-01,pro,organic,2024-03
56,2024-01,pro,organic,2024-04
57,2024-05,free,referral,2024-05
58,2024-02,starter,paid_search,2024-02
58,2024-02,starter,paid_search,2024-03
58,2024-02,starter,paid_search,2024-04
59,2024-07,free,content,2024-07
59,2024-07,free,content,2024-08
59,2024-07,free,content,2024-09
59,2024-07,free,content,2024-10
60,2024-07,pro,referral,2024-07
60,2024-07,pro,referral,2024-08
60,2024-07,pro,referral,2024-09
60,2024-07,pro,referral,2024-10
61,2024-09,free,paid_search,2024-09
62,2024-07,pro,organic,2024-07
62,2024-07,pro,organic,2024-08
62,2024-07,pro,organic,2024-09
62,2024-07,pro,organic,2024-10
63,2024-04,free,paid_search,2024-04
63,2024-04,free,paid_search,2024-05
64,2024-09,free,organic,2024-09
65,2024-04,free,paid_search,2024-04
65,2024-04,free,paid_search,2024-05
66,2024-03,starter,paid_search,2024-03
66,2024-03,starter,paid_search,2024-04
66,2024-03,starter,paid_search,2024-05
66,2024-03,starter,paid_search,2024-06
66,2024-03,starter,paid_search,2024-07
66,2024-03,starter,paid_search,2024-08
67,2024-09,free,paid_search,2024-09
67,2024-09,free,paid_search,2024-10
67,2024-09,free,paid_search,2024-11
68,2024-04,free,organic,2024-04
69,2024-01,starter,referral,2024-01
69,2024-01,starter,referral,2024-02
70,2024-05,pro,referral,2024-05
70,2024-05,pro,referral,2024-06
70,2024-05,pro,referral,2024-07
70,2024-05,pro,referral,2024-08
70,2024-05,pro,referral,2024-09
70,2024-05,pro,referral,2024-10
70,2024-05,pro,referral,2024-11
70,2024-05,pro,referral,2024-12
70,2024-05,pro,referral,2025-01
70,2024-05,pro,referral,2025-02
70,2024-05,pro,referral,2025-03
71,2024-08,free,referral,2024-08
71,2024-08,free,referral,2024-09
71,2024-08,free,referral,2024-10
71,2024-08,free,referral,2024-11
72,2024-02,free,paid_search,2024-02
72,2024-02,free,paid_search,2024-03
72,2024-02,free,paid_search,2024-04
72,2024-02,free,paid_search,2024-05
72,2024-02,free,paid_search,2024-06
73,2024-05,free,paid_search,2024-05
74,2024-02,starter,organic,2024-02
74,2024-02,starter,organic,2024-03
74,2024-02,starter,organic,2024-04
74,2024-02,starter,organic,2024-05
74,2024-02,starter,organic,2024-06
75,2024-07,free,referral,2024-07
75,2024-07,free,referral,2024-08
75,2024-07,free,referral,2024-09
75,2024-07,free,referral,2024-10
75,2024-07,free,referral,2024-11
75,2024-07,free,referral,2024-12
75,2024-07,free,referral,2025-01
75,2024-07,free,referral,2025-02
75,2024-07,free,referral,2025-03
76,2024-05,pro,paid_search,2024-05
77,2024-03,free,organic,2024-03
77,2024-03,free,organic,2024-04
78,2024-03,free,organic,2024-03
78,2024-03,free,organic,2024-04
78,2024-03,free,organic,2024-05
79,2024-06,free,content,2024-06
79,2024-06,free,content,2024-07
79,2024-06,free,content,2024-08
80,2024-07,free,paid_search,2024-07
80,2024-07,free,paid_search,2024-08
81,2024-09,starter,paid_search,2024-09
81,2024-09,starter,paid_search,2024-10
82,2024-04,free,paid_search,2024-04
82,2024-04,free,paid_search,2024-05
82,2024-04,free,paid_search,2024-06
82,2024-04,free,paid_search,2024-07
83,2024-02,free,paid_search,2024-02
83,2024-02,free,paid_search,2024-03
84,2024-08,enterprise,paid_search,2024-08
84,2024-08,enterprise,paid_search,2024-09
84,2024-08,enterprise,paid_search,2024-10
84,2024-08,enterprise,paid_search,2024-11
84,2024-08,enterprise,paid_search,2024-12
85,2024-06,enterprise,organic,2024-06
85,2024-06,enterprise,organic,2024-07
85,2024-06,enterprise,organic,2024-08
85,2024-06,enterprise,organic,2024-09
85,2024-06,enterprise,organic,2024-10
85,2024-06,enterprise,organic,2024-11
85,2024-06,enterprise,organic,2024-12
85,2024-06,enterprise,organic,2025-01
85,2024-06,enterprise,organic,2025-02
85,2024-06,enterprise,organic,2025-03
86,2024-07,pro,paid_search,2024-07
86,2024-07,pro,paid_search,2024-08
86,2024-07,pro,paid_search,2024-09
86,2024-07,pro,paid_search,2024-10
86,2024-07,pro,paid_search,2024-11
86,2024-07,pro,paid_search,2024-12
87,2024-01,free,referral,2024-01
88,2024-03,free,organic,2024-03
89,2024-07,pro,referral,2024-07
89,2024-07,pro,referral,2024-08
89,2024-07,pro,referral,2024-09
89,2024-07,pro,referral,2024-10
89,2024-07,pro,referral,2024-11
89,2024-07,pro,referral,2024-12
89,2024-07,pro,referral,2025-01
90,2024-08,free,organic,2024-08
91,2024-04,free,referral,2024-04
91,2024-04,free,referral,2024-05
91,2024-04,free,referral,2024-06
91,2024-04,free,referral,2024-07
91,2024-04,free,referral,2024-08
92,2024-08,starter,paid_search,2024-08
93,2024-08,free,referral,2024-08
93,2024-08,free,referral,2024-09
93,2024-08,free,referral,2024-10
93,2024-08,free,referral,2024-11
93,2024-08,free,referral,2024-12
93,2024-08,free,referral,2025-01
93,2024-08,free,referral,2025-02
93,2024-08,free,referral,2025-03
94,2024-04,free,paid_search,2024-04
94,2024-04,free,paid_search,2024-05
94,2024-04,free,paid_search,2024-06
95,2024-09,enterprise,content,2024-09
95,2024-09,enterprise,content,2024-10
95,2024-09,enterprise,content,2024-11
95,2024-09,enterprise,content,2024-12
95,2024-09,enterprise,content,2025-01
95,2024-09,enterprise,content,2025-02
95,2024-09,enterprise,content,2025-03
96,2024-03,starter,paid_search,2024-03
96,2024-03,starter,paid_search,2024-04
96,2024-03,starter,paid_search,2024-05
96,2024-03,starter,paid_search,2024-06
97,2024-03,free,referral,2024-03
97,2024-03,free,referral,2024-04
97,2024-03,free,referral,2024-05
98,2024-07,free,referral,2024-07
98,2024-07,free,referral,2024-08
98,2024-07,free,referral,2024-09
99,2024-06,free,organic,2024-06
99,2024-06,free,organic,2024-07
99,2024-06,free,organic,2024-08
99,2024-06,free,organic,2024-09
99,2024-06,free,organic,2024-10
100,2024-02,free,organic,2024-02
100,2024-02,free,organic,2024-03
100,2024-02,free,organic,2024-04
100,2024-02,free,organic,2024-05
100,2024-02,free,organic,2024-06
100,2024-02,free,organic,2024-07
100,2024-02,free,organic,2024-08
101,2024-08,starter,paid_search,2024-08
101,2024-08,starter,paid_search,2024-09
102,2024-02,pro,organic,2024-02
102,2024-02,pro,organic,2024-03
102,2024-02,pro,organic,2024-04
102,2024-02,pro,organic,2024-05
102,2024-02,pro,organic,2024-06
102,2024-02,pro,organic,2024-07
102,2024-02,pro,organic,2024-08
102,2024-02,pro,organic,2024-09
102,2024-02,pro,organic,2024-10
102,2024-02,pro,organic,2024-11
102,2024-02,pro,organic,2024-12
102,2024-02,pro,organic,2025-01
102,2024-02,pro,organic,2025-02
102,2024-02,pro,organic,2025-03
103,2024-08,free,paid_search,2024-08
104,2024-01,free,paid_search,2024-01
104,2024-01,free,paid_search,2024-02
105,2024-08,pro,paid_search,2024-08
106,2024-08,free,organic,2024-08
106,2024-08,free,organic,2024-09
106,2024-08,free,organic,2024-10
106,2024-08,free,organic,2024-11
106,2024-08,free,organic,2024-12
106,2024-08,free,organic,2025-01
107,2024-08,free,referral,2024-08
108,2024-06,free,paid_search,2024-06
108,2024-06,free,paid_search,2024-07
108,2024-06,free,paid_search,2024-08
109,2024-05,starter,referral,2024-05
109,2024-05,starter,referral,2024-06
109,2024-05,starter,referral,2024-07
109,2024-05,starter,referral,2024-08
109,2024-05,starter,referral,2024-09
109,2024-05,starter,referral,2024-10
109,2024-05,starter,referral,2024-11
109,2024-05,starter,referral,2024-12
109,2024-05,starter,referral,2025-01
109,2024-05,starter,referral,2025-02
109,2024-05,starter,referral,2025-03
110,2024-07,free,organic,2024-07
110,2024-07,free,organic,2024-08
110,2024-07,free,organic,2024-09
110,2024-07,free,organic,2024-10
110,2024-07,free,organic,2024-11
110,2024-07,free,organic,2024-12
111,2024-03,starter,paid_search,2024-03
111,2024-03,starter,paid_search,2024-04
111,2024-03,starter,paid_search,2024-05
111,2024-03,starter,paid_search,2024-06
112,2024-08,free,organic,2024-08
112,2024-08,free,organic,2024-09
113,2024-06,starter,referral,2024-06
113,2024-06,starter,referral,2024-07
113,2024-06,starter,referral,2024-08
114,2024-05,free,organic,2024-05
115,2024-05,free,content,2024-05
116,2024-06,free,organic,2024-06
116,2024-06,free,organic,2024-07
116,2024-06,free,organic,2024-08
116,2024-06,free,organic,2024-09
117,2024-01,free,paid_search,2024-01
118,2024-02,free,organic,2024-02
118,2024-02,free,organic,2024-03
118,2024-02,free,organic,2024-04
118,2024-02,free,organic,2024-05
118,2024-02,free,organic,2024-06
119,2024-03,free,paid_search,2024-03
119,2024-03,free,paid_search,2024-04
119,2024-03,free,paid_search,2024-05
119,2024-03,free,paid_search,2024-06
120,2024-02,free,paid_search,2024-02
120,2024-02,free,paid_search,2024-03
120,2024-02,free,paid_search,2024-04
120,2024-02,free,paid_search,2024-05
120,2024-02,free,paid_search,2024-06
120,2024-02,free,paid_search,2024-07
121,2024-04,free,paid_search,2024-04
121,2024-04,free,paid_search,2024-05
121,2024-04,free,paid_search,2024-06
122,2024-07,pro,organic,2024-07
122,2024-07,pro,organic,2024-08
122,2024-07,pro,organic,2024-09
122,2024-07,pro,organic,2024-10
122,2024-07,pro,organic,2024-11
122,2024-07,pro,organic,2024-12
122,2024-07,pro,organic,2025-01
122,2024-07,pro,organic,2025-02
122,2024-07,pro,organic,2025-03
123,2024-06,free,organic,2024-06
123,2024-06,free,organic,2024-07
123,2024-06,free,organic,2024-08
123,2024-06,free,organic,2024-09
123,2024-06,free,organic,2024-10
123,2024-06,free,organic,2024-11
123,2024-06,free,organic,2024-12
123,2024-06,free,organic,2025-01
123,2024-06,free,organic,2025-02
124,2024-05,starter,organic,2024-05
125,2024-08,enterprise,content,2024-08
125,2024-08,enterprise,content,2024-09
125,2024-08,enterprise,content,2024-10
125,2024-08,enterprise,content,2024-11
125,2024-08,enterprise,content,2024-12
125,2024-08,enterprise,content,2025-01
126,2024-06,free,paid_search,2024-06
126,2024-06,free,paid_search,2024-07
126,2024-06,free,paid_search,2024-08
127,2024-01,starter,organic,2024-01
127,2024-01,starter,organic,2024-02
127,2024-01,starter,organic,2024-03
127,2024-01,starter,organic,2024-04
127,2024-01,starter,organic,2024-05
127,2024-01,starter,organic,2024-06
127,2024-01,starter,organic,2024-07
127,2024-01,starter,organic,2024-08
127,2024-01,starter,organic,2024-09
127,2024-01,starter,organic,2024-10
127,2024-01,starter,organic,2024-11
127,2024-01,starter,organic,2024-12
127,2024-01,starter,organic,2025-01
127,2024-01,starter,organic,2025-02
127,2024-01,starter,organic,2025-03
128,2024-07,pro,content,2024-07
129,2024-06,starter,organic,2024-06
129,2024-06,starter,organic,2024-07
129,2024-06,starter,organic,2024-08
129,2024-06,starter,organic,2024-09
130,2024-06,free,paid_search,2024-06
130,2024-06,free,paid_search,2024-07
130,2024-06,free,paid_search,2024-08
130,2024-06,free,paid_search,2024-09
130,2024-06,free,paid_search,2024-10
131,2024-06,free,referral,2024-06
131,2024-06,free,referral,2024-07
131,2024-06,free,referral,2024-08
131,2024-06,free,referral,2024-09
132,2024-05,free,content,2024-05
133,2024-01,free,referral,2024-01
134,2024-06,enterprise,paid_search,2024-06
134,2024-06,enterprise,paid_search,2024-07
134,2024-06,enterprise,paid_search,2024-08
134,2024-06,enterprise,paid_search,2024-09
134,2024-06,enterprise,paid_search,2024-10
135,2024-08,enterprise,content,2024-08
135,2024-08,enterprise,content,2024-09
135,2024-08,enterprise,content,2024-10
135,2024-08,enterprise,content,2024-11
135,2024-08,enterprise,content,2024-12
135,2024-08,enterprise,content,2025-01
135,2024-08,enterprise,content,2025-02
135,2024-08,enterprise,content,2025-03
136,2024-03,free,organic,2024-03
136,2024-03,free,organic,2024-04
136,2024-03,free,organic,2024-05
136,2024-03,free,organic,2024-06
136,2024-03,free,organic,2024-07
136,2024-03,free,organic,2024-08
136,2024-03,free,organic,2024-09
136,2024-03,free,organic,2024-10
137,2024-06,starter,content,2024-06
138,2024-01,free,referral,2024-01
138,2024-01,free,referral,2024-02
138,2024-01,free,referral,2024-03
138,2024-01,free,referral,2024-04
138,2024-01,free,referral,2024-05
138,2024-01,free,referral,2024-06
138,2024-01,free,referral,2024-07
139,2024-04,pro,content,2024-04
139,2024-04,pro,content,2024-05
139,2024-04,pro,content,2024-06
139,2024-04,pro,content,2024-07
139,2024-04,pro,content,2024-08
139,2024-04,pro,content,2024-09
139,2024-04,pro,content,2024-10
139,2024-04,pro,content,2024-11
140,2024-04,free,organic,2024-04
141,2024-09,pro,organic,2024-09
141,2024-09,pro,organic,2024-10
142,2024-02,pro,referral,2024-02
142,2024-02,pro,referral,2024-03
142,2024-02,pro,referral,2024-04
142,2024-02,pro,referral,2024-05
142,2024-02,pro,referral,2024-06
142,2024-02,pro,referral,2024-07
142,2024-02,pro,referral,2024-08
142,2024-02,pro,referral,2024-09
142,2024-02,pro,referral,2024-10
142,2024-02,pro,referral,2024-11
142,2024-02,pro,referral,2024-12
142,2024-02,pro,referral,2025-01
143,2024-03,free,paid_search,2024-03
144,2024-04,free,paid_search,2024-04
145,2024-09,pro,content,2024-09
145,2024-09,pro,content,2024-10
145,2024-09,pro,content,2024-11
145,2024-09,pro,content,2024-12
145,2024-09,pro,content,2025-01
145,2024-09,pro,content,2025-02
145,2024-09,pro,content,2025-03
146,2024-08,free,paid_search,2024-08
146,2024-08,free,paid_search,2024-09
147,2024-01,free,organic,2024-01
147,2024-01,free,organic,2024-02
147,2024-01,free,organic,2024-03
147,2024-01,free,organic,2024-04
148,2024-03,pro,paid_search,2024-03
148,2024-03,pro,paid_search,2024-04
148,2024-03,pro,paid_search,2024-05
148,2024-03,pro,paid_search,2024-06
148,2024-03,pro,paid_search,2024-07
149,2024-08,free,organic,2024-08
150,2024-01,free,organic,2024-01
150,2024-01,free,organic,2024-02
151,2024-08,free,organic,2024-08
152,2024-03,free,referral,2024-03
152,2024-03,free,referral,2024-04
152,2024-03,free,referral,2024-05
152,2024-03,free,referral,2024-06
152,2024-03,free,referral,2024-07
152,2024-03,free,referral,2024-08
152,2024-03,free,referral,2024-09
153,2024-09,enterprise,referral,2024-09
154,2024-03,free,paid_search,2024-03
154,2024-03,free,paid_search,2024-04
155,2024-04,free,paid_search,2024-04
155,2024-04,free,paid_search,2024-05
155,2024-04,free,paid_search,2024-06
155,2024-04,free,paid_search,2024-07
155,2024-04,free,paid_search,2024-08
155,2024-04,free,paid_search,2024-09
155,2024-04,free,paid_search,2024-10
155,2024-04,free,paid_search,2024-11
155,2024-04,free,paid_search,2024-12
156,2024-06,free,referral,2024-06
156,2024-06,free,referral,2024-07
156,2024-06,free,referral,2024-08
156,2024-06,free,referral,2024-09
156,2024-06,free,referral,2024-10
156,2024-06,free,referral,2024-11
156,2024-06,free,referral,2024-12
156,2024-06,free,referral,2025-01
156,2024-06,free,referral,2025-02
156,2024-06,free,referral,2025-03
157,2024-02,enterprise,referral,2024-02
157,2024-02,enterprise,referral,2024-03
157,2024-02,enterprise,referral,2024-04
157,2024-02,enterprise,referral,2024-05
157,2024-02,enterprise,referral,2024-06
157,2024-02,enterprise,referral,2024-07
157,2024-02,enterprise,referral,2024-08
157,2024-02,enterprise,referral,2024-09
157,2024-02,enterprise,referral,2024-10
157,2024-02,enterprise,referral,2024-11
157,2024-02,enterprise,referral,2024-12
157,2024-02,enterprise,referral,2025-01
157,2024-02,enterprise,referral,2025-02
157,2024-02,enterprise,referral,2025-03
158,2024-06,free,content,2024-06
159,2024-05,pro,paid_search,2024-05
160,2024-08,starter,referral,2024-08
160,2024-08,starter,referral,2024-09
160,2024-08,starter,referral,2024-10
160,2024-08,starter,referral,2024-11
160,2024-08,starter,referral,2024-12
160,2024-08,starter,referral,2025-01
160,2024-08,starter,referral,2025-02
160,2024-08,starter,referral,2025-03
161,2024-09,pro,paid_search,2024-09
161,2024-09,pro,paid_search,2024-10
161,2024-09,pro,paid_search,2024-11
161,2024-09,pro,paid_search,2024-12
162,2024-06,enterprise,paid_search,2024-06
162,2024-06,enterprise,paid_search,2024-07
162,2024-06,enterprise,paid_search,2024-08
163,2024-04,pro,content,2024-04
163,2024-04,pro,content,2024-05
163,2024-04,pro,content,2024-06
163,2024-04,pro,content,2024-07
163,2024-04,pro,content,2024-08
163,2024-04,pro,content,2024-09
163,2024-04,pro,content,2024-10
163,2024-04,pro,content,2024-11
163,2024-04,pro,content,2024-12
164,2024-04,pro,paid_search,2024-04
164,2024-04,pro,paid_search,2024-05
164,2024-04,pro,paid_search,2024-06
164,2024-04,pro,paid_search,2024-07
164,2024-04,pro,paid_search,2024-08
164,2024-04,pro,paid_search,2024-09
165,2024-04,free,paid_search,2024-04
166,2024-08,starter,organic,2024-08
166,2024-08,starter,organic,2024-09
166,2024-08,starter,organic,2024-10
166,2024-08,starter,organic,2024-11
166,2024-08,starter,organic,2024-12
166,2024-08,starter,organic,2025-01
166,2024-08,starter,organic,2025-02
166,2024-08,starter,organic,2025-03
167,2024-03,free,paid_search,2024-03
167,2024-03,free,paid_search,2024-04
167,2024-03,free,paid_search,2024-05
167,2024-03,free,paid_search,2024-06
167,2024-03,free,paid_search,2024-07
168,2024-02,free,paid_search,2024-02
168,2024-02,free,paid_search,2024-03
169,2024-04,pro,referral,2024-04
169,2024-04,pro,referral,2024-05
169,2024-04,pro,referral,2024-06
169,2024-04,pro,referral,2024-07
169,2024-04,pro,referral,2024-08
169,2024-04,pro,referral,2024-09
169,2024-04,pro,referral,2024-10
169,2024-04,pro,referral,2024-11
169,2024-04,pro,referral,2024-12
169,2024-04,pro,referral,2025-01
169,2024-04,pro,referral,2025-02
169,2024-04,pro,referral,2025-03
170,2024-01,enterprise,paid_search,2024-01
170,2024-01,enterprise,paid_search,2024-02
170,2024-01,enterprise,paid_search,2024-03
170,2024-01,enterprise,paid_search,2024-04
170,2024-01,enterprise,paid_search,2024-05
170,2024-01,enterprise,paid_search,2024-06
170,2024-01,enterprise,paid_search,2024-07
170,2024-01,enterprise,paid_search,2024-08
170,2024-01,enterprise,paid_search,2024-09
171,2024-01,starter,organic,2024-01
171,2024-01,starter,organic,2024-02
172,2024-01,free,content,2024-01
172,2024-01,free,content,2024-02
172,2024-01,free,content,2024-03
173,2024-07,free,organic,2024-07
173,2024-07,free,organic,2024-08
173,2024-07,free,organic,2024-09
173,2024-07,free,organic,2024-10
173,2024-07,free,organic,2024-11
174,2024-07,free,content,2024-07
174,2024-07,free,content,2024-08
174,2024-07,free,content,2024-09
174,2024-07,free,content,2024-10
174,2024-07,free,content,2024-11
174,2024-07,free,content,2024-12
174,2024-07,free,content,2025-01
174,2024-07,free,content,2025-02
174,2024-07,free,content,2025-03
175,2024-07,free,organic,2024-07
175,2024-07,free,organic,2024-08
175,2024-07,free,organic,2024-09
176,2024-05,free,paid_search,2024-05
177,2024-07,free,paid_search,2024-07
177,2024-07,free,paid_search,2024-08
178,2024-02,free,referral,2024-02
178,2024-02,free,referral,2024-03
178,2024-02,free,referral,2024-04
179,2024-09,starter,organic,2024-09
179,2024-09,starter,organic,2024-10
179,2024-09,starter,organic,2024-11
179,2024-09,starter,organic,2024-12
180,2024-05,free,content,2024-05
181,2024-09,pro,paid_search,2024-09
181,2024-09,pro,paid_search,2024-10
181,2024-09,pro,paid_search,2024-11
181,2024-09,pro,paid_search,2024-12
181,2024-09,pro,paid_search,2025-01
181,2024-09,pro,paid_search,2025-02
181,2024-09,pro,paid_search,2025-03
182,2024-02,starter,paid_search,2024-02
182,2024-02,starter,paid_search,2024-03
182,2024-02,starter,paid_search,2024-04
182,2024-02,starter,paid_search,2024-05
182,2024-02,starter,paid_search,2024-06
183,2024-05,free,paid_search,2024-05
184,2024-07,free,organic,2024-07
185,2024-05,free,paid_search,2024-05
186,2024-05,enterprise,organic,2024-05
187,2024-02,free,organic,2024-02
187,2024-02,free,organic,2024-03
188,2024-04,free,paid_search,2024-04
189,2024-03,pro,paid_search,2024-03
189,2024-03,pro,paid_search,2024-04
190,2024-03,enterprise,organic,2024-03
190,2024-03,enterprise,organic,2024-04
190,2024-03,enterprise,organic,2024-05
190,2024-03,enterprise,organic,2024-06
190,2024-03,enterprise,organic,2024-07
190,2024-03,enterprise,organic,2024-08
190,2024-03,enterprise,organic,2024-09
190,2024-03,enterprise,organic,2024-10
190,2024-03,enterprise,organic,2024-11
190,2024-03,enterprise,organic,2024-12
191,2024-07,free,organic,2024-07
191,2024-07,free,organic,2024-08
191,2024-07,free,organic,2024-09
191,2024-07,free,organic,2024-10
192,2024-06,free,organic,2024-06
192,2024-06,free,organic,2024-07
192,2024-06,free,organic,2024-08
192,2024-06,free,organic,2024-09
192,2024-06,free,organic,2024-10
193,2024-06,free,organic,2024-06
194,2024-04,free,paid_search,2024-04
194,2024-04,free,paid_search,2024-05
194,2024-04,free,paid_search,2024-06
194,2024-04,free,paid_search,2024-07
194,2024-04,free,paid_search,2024-08
194,2024-04,free,paid_search,2024-09
194,2024-04,free,paid_search,2024-10
195,2024-09,free,organic,2024-09
196,2024-01,free,content,2024-01
196,2024-01,free,content,2024-02
196,2024-01,free,content,2024-03
196,2024-01,free,content,2024-04
196,2024-01,free,content,2024-05
196,2024-01,free,content,2024-06
196,2024-01,free,content,2024-07
196,2024-01,free,content,2024-08
197,2024-04,pro,organic,2024-04
197,2024-04,pro,organic,2024-05
198,2024-02,free,organic,2024-02
198,2024-02,free,organic,2024-03
198,2024-02,free,organic,2024-04
198,2024-02,free,organic,2024-05
198,2024-02,free,organic,2024-06
199,2024-04,starter,content,2024-04
200,2024-09,free,organic,2024-09
200,2024-09,free,organic,2024-10
200,2024-09,free,organic,2024-11
200,2024-09,free,organic,2024-12
200,2024-09,free,organic,2025-01
201,2024-04,starter,paid_search,2024-04
201,2024-04,starter,paid_search,2024-05
201,2024-04,starter,paid_search,2024-06
201,2024-04,starter,paid_search,2024-07
201,2024-04,starter,paid_search,2024-08
201,2024-04,starter,paid_search,2024-09
202,2024-09,starter,content,2024-09
202,2024-09,starter,content,2024-10
202,2024-09,starter,content,2024-11
202,2024-09,starter,content,2024-12
202,2024-09,starter,content,2025-01
202,2024-09,starter,content,2025-02
202,2024-09,starter,content,2025-03
203,2024-05,pro,content,2024-05
203,2024-05,pro,content,2024-06
203,2024-05,pro,content,2024-07
203,2024-05,pro,content,2024-08
203,2024-05,pro,content,2024-09
204,2024-07,pro,referral,2024-07
204,2024-07,pro,referral,2024-08
204,2024-07,pro,referral,2024-09
204,2024-07,pro,referral,2024-10
204,2024-07,pro,referral,2024-11
204,2024-07,pro,referral,2024-12
204,2024-07,pro,referral,2025-01
204,2024-07,pro,referral,2025-02
204,2024-07,pro,referral,2025-03
205,2024-05,free,organic,2024-05
205,2024-05,free,organic,2024-06
206,2024-03,free,paid_search,2024-03
206,2024-03,free,paid_search,2024-04
207,2024-07,free,content,2024-07
208,2024-09,free,content,2024-09
209,2024-03,pro,organic,2024-03
209,2024-03,pro,organic,2024-04
209,2024-03,pro,organic,2024-05
209,2024-03,pro,organic,2024-06
209,2024-03,pro,organic,2024-07
209,2024-03,pro,organic,2024-08
209,2024-03,pro,organic,2024-09
209,2024-03,pro,organic,2024-10
209,2024-03,pro,organic,2024-11
209,2024-03,pro,organic,2024-12
209,2024-03,pro,organic,2025-01
209,2024-03,pro,organic,2025-02
209,2024-03,pro,organic,2025-03
210,2024-08,free,paid_search,2024-08
211,2024-03,starter,organic,2024-03
211,2024-03,starter,organic,2024-04
211,2024-03,starter,organic,2024-05
211,2024-03,starter,organic,2024-06
211,2024-03,starter,organic,2024-07
211,2024-03,starter,organic,2024-08
211,2024-03,starter,organic,2024-09
211,2024-03,starter,organic,2024-10
211,2024-03,starter,organic,2024-11
211,2024-03,starter,organic,2024-12
211,2024-03,starter,organic,2025-01
211,2024-03,starter,organic,2025-02
211,2024-03,starter,organic,2025-03
212,2024-07,free,organic,2024-07
212,2024-07,free,organic,2024-08
212,2024-07,free,organic,2024-09
212,2024-07,free,organic,2024-10
213,2024-08,free,referral,2024-08
213,2024-08,free,referral,2024-09
213,2024-08,free,referral,2024-10
213,2024-08,free,referral,2024-11
214,2024-05,free,organic,2024-05
215,2024-07,starter,organic,2024-07
215,2024-07,starter,organic,2024-08
215,2024-07,starter,organic,2024-09
215,2024-07,starter,organic,2024-10
215,2024-07,starter,organic,2024-11
215,2024-07,starter,organic,2024-12
215,2024-07,starter,organic,2025-01
216,2024-03,starter,organic,2024-03
217,2024-01,free,paid_search,2024-01
217,2024-01,free,paid_search,2024-02
218,2024-01,free,organic,2024-01
218,2024-01,free,organic,2024-02
218,2024-01,free,organic,2024-03
219,2024-05,starter,paid_search,2024-05
219,2024-05,starter,paid_search,2024-06
219,2024-05,starter,paid_search,2024-07
219,2024-05,starter,paid_search,2024-08
219,2024-05,starter,paid_search,2024-09
219,2024-05,starter,paid_search,2024-10
219,2024-05,starter,paid_search,2024-11
220,2024-09,free,organic,2024-09
220,2024-09,free,organic,2024-10
220,2024-09,free,organic,2024-11
220,2024-09,free,organic,2024-12
220,2024-09,free,organic,2025-01
220,2024-09,free,organic,2025-02
220,2024-09,free,organic,2025-03
221,2024-02,pro,content,2024-02
221,2024-02,pro,content,2024-03
221,2024-02,pro,content,2024-04
221,2024-02,pro,content,2024-05
221,2024-02,pro,content,2024-06
221,2024-02,pro,content,2024-07
221,2024-02,pro,content,2024-08
221,2024-02,pro,content,2024-09
221,2024-02,pro,content,2024-10
221,2024-02,pro,content,2024-11
221,2024-02,pro,content,2024-12
222,2024-05,free,organic,2024-05
223,2024-07,free,paid_search,2024-07
224,2024-02,free,organic,2024-02
225,2024-07,free,organic,2024-07
226,2024-03,free,organic,2024-03
227,2024-08,free,organic,2024-08
227,2024-08,free,organic,2024-09
227,2024-08,free,organic,2024-10
227,2024-08,free,organic,2024-11
227,2024-08,free,organic,2024-12
227,2024-08,free,organic,2025-01
228,2024-06,enterprise,organic,2024-06
228,2024-06,enterprise,organic,2024-07
228,2024-06,enterprise,organic,2024-08
228,2024-06,enterprise,organic,2024-09
228,2024-06,enterprise,organic,2024-10
228,2024-06,enterprise,organic,2024-11
228,2024-06,enterprise,organic,2024-12
228,2024-06,enterprise,organic,2025-01
228,2024-06,enterprise,organic,2025-02
228,2024-06,enterprise,organic,2025-03
229,2024-05,free,paid_search,2024-05
230,2024-02,free,referral,2024-02
230,2024-02,free,referral,2024-03
230,2024-02,free,referral,2024-04
230,2024-02,free,referral,2024-05
231,2024-05,free,organic,2024-05
232,2024-08,free,paid_search,2024-08
232,2024-08,free,paid_search,2024-09
232,2024-08,free,paid_search,2024-10
232,2024-08,free,paid_search,2024-11
233,2024-01,free,paid_search,2024-01
233,2024-01,free,paid_search,2024-02
233,2024-01,free,paid_search,2024-03
233,2024-01,free,paid_search,2024-04
233,2024-01,free,paid_search,2024-05
233,2024-01,free,paid_search,2024-06
233,2024-01,free,paid_search,2024-07
234,2024-07,free,organic,2024-07
234,2024-07,free,organic,2024-08
234,2024-07,free,organic,2024-09
234,2024-07,free,organic,2024-10
234,2024-07,free,organic,2024-11
235,2024-05,starter,paid_search,2024-05
236,2024-07,free,organic,2024-07
236,2024-07,free,organic,2024-08
237,2024-06,enterprise,organic,2024-06
237,2024-06,enterprise,organic,2024-07
237,2024-06,enterprise,organic,2024-08
237,2024-06,enterprise,organic,2024-09
237,2024-06,enterprise,organic,2024-10
237,2024-06,enterprise,organic,2024-11
238,2024-04,free,paid_search,2024-04
238,2024-04,free,paid_search,2024-05
238,2024-04,free,paid_search,2024-06
238,2024-04,free,paid_search,2024-07
238,2024-04,free,paid_search,2024-08
238,2024-04,free,paid_search,2024-09
239,2024-03,pro,content,2024-03
239,2024-03,pro,content,2024-04
239,2024-03,pro,content,2024-05
239,2024-03,pro,content,2024-06
239,2024-03,pro,content,2024-07
239,2024-03,pro,content,2024-08
239,2024-03,pro,content,2024-09
239,2024-03,pro,content,2024-10
239,2024-03,pro,content,2024-11
239,2024-03,pro,content,2024-12
239,2024-03,pro,content,2025-01
239,2024-03,pro,content,2025-02
239,2024-03,pro,content,2025-03
240,2024-06,free,content,2024-06
240,2024-06,free,content,2024-07
240,2024-06,free,content,2024-08
240,2024-06,free,content,2024-09
240,2024-06,free,content,2024-10
240,2024-06,free,content,2024-11
240,2024-06,free,content,2024-12
240,2024-06,free,content,2025-01
241,2024-02,free,content,2024-02
241,2024-02,free,content,2024-03
241,2024-02,free,content,2024-04
241,2024-02,free,content,2024-05
241,2024-02,free,content,2024-06
241,2024-02,free,content,2024-07
242,2024-06,pro,paid_search,2024-06
242,2024-06,pro,paid_search,2024-07
242,2024-06,pro,paid_search,2024-08
242,2024-06,pro,paid_search,2024-09
243,2024-01,starter,organic,2024-01
243,2024-01,starter,organic,2024-02
243,2024-01,starter,organic,2024-03
243,2024-01,starter,organic,2024-04
243,2024-01,starter,organic,2024-05
243,2024-01,starter,organic,2024-06
244,2024-06,starter,organic,2024-06
245,2024-06,free,organic,2024-06
245,2024-06,free,organic,2024-07
246,2024-01,starter,organic,2024-01
246,2024-01,starter,organic,2024-02
246,2024-01,starter,organic,2024-03
246,2024-01,starter,organic,2024-04
247,2024-07,pro,organic,2024-07
247,2024-07,pro,organic,2024-08
247,2024-07,pro,organic,2024-09
247,2024-07,pro,organic,2024-10
247,2024-07,pro,organic,2024-11
248,2024-04,starter,paid_search,2024-04
248,2024-04,starter,paid_search,2024-05
248,2024-04,starter,paid_search,2024-06
249,2024-08,free,organic,2024-08
250,2024-01,starter,organic,2024-01
250,2024-01,starter,organic,2024-02
250,2024-01,starter,organic,2024-03
250,2024-01,starter,organic,2024-04
250,2024-01,starter,organic,2024-05
250,2024-01,starter,organic,2024-06
250,2024-01,starter,organic,2024-07
251,2024-02,starter,referral,2024-02
251,2024-02,starter,referral,2024-03
251,2024-02,starter,referral,2024-04
252,2024-05,enterprise,paid_search,2024-05
252,2024-05,enterprise,paid_search,2024-06
252,2024-05,enterprise,paid_search,2024-07
252,2024-05,enterprise,paid_search,2024-08
252,2024-05,enterprise,paid_search,2024-09
252,2024-05,enterprise,paid_search,2024-10
252,2024-05,enterprise,paid_search,2024-11
252,2024-05,enterprise,paid_search,2024-12
253,2024-02,free,content,2024-02
254,2024-03,free,organic,2024-03
254,2024-03,free,organic,2024-04
254,2024-03,free,organic,2024-05
254,2024-03,free,organic,2024-06
255,2024-06,starter,paid_search,2024-06
256,2024-02,free,organic,2024-02
257,2024-07,starter,paid_search,2024-07
257,2024-07,starter,paid_search,2024-08
257,2024-07,starter,paid_search,2024-09
257,2024-07,starter,paid_search,2024-10
257,2024-07,starter,paid_search,2024-11
257,2024-07,starter,paid_search,2024-12
258,2024-01,free,organic,2024-01
258,2024-01,free,organic,2024-02
258,2024-01,free,organic,2024-03
259,2024-02,free,organic,2024-02
259,2024-02,free,organic,2024-03
259,2024-02,free,organic,2024-04
260,2024-06,starter,paid_search,2024-06
260,2024-06,starter,paid_search,2024-07
260,2024-06,starter,paid_search,2024-08
260,2024-06,starter,paid_search,2024-09
261,2024-08,free,organic,2024-08
261,2024-08,free,organic,2024-09
261,2024-08,free,organic,2024-10
261,2024-08,free,organic,2024-11
261,2024-08,free,organic,2024-12
262,2024-02,free,organic,2024-02
262,2024-02,free,organic,2024-03
262,2024-02,free,organic,2024-04
262,2024-02,free,organic,2024-05
262,2024-02,free,organic,2024-06
262,2024-02,free,organic,2024-07
262,2024-02,free,organic,2024-08
262,2024-02,free,organic,2024-09
262,2024-02,free,organic,2024-10
263,2024-03,starter,content,2024-03
264,2024-09,starter,organic,2024-09
264,2024-09,starter,organic,2024-10
264,2024-09,starter,organic,2024-11
264,2024-09,starter,organic,2024-12
264,2024-09,starter,organic,2025-01
264,2024-09,starter,organic,2025-02
265,2024-09,pro,paid_search,2024-09
265,2024-09,pro,paid_search,2024-10
265,2024-09,pro,paid_search,2024-11
266,2024-06,free,paid_search,2024-06
266,2024-06,free,paid_search,2024-07
266,2024-06,free,paid_search,2024-08
266,2024-06,free,paid_search,2024-09
266,2024-06,free,paid_search,2024-10
267,2024-05,free,organic,2024-05
268,2024-04,enterprise,paid_search,2024-04
268,2024-04,enterprise,paid_search,2024-05
268,2024-04,enterprise,paid_search,2024-06
269,2024-06,free,organic,2024-06
269,2024-06,free,organic,2024-07
269,2024-06,free,organic,2024-08
269,2024-06,free,organic,2024-09
270,2024-06,free,referral,2024-06
270,2024-06,free,referral,2024-07
270,2024-06,free,referral,2024-08
271,2024-03,free,organic,2024-03
271,2024-03,free,organic,2024-04
271,2024-03,free,organic,2024-05
271,2024-03,free,organic,2024-06
271,2024-03,free,organic,2024-07
271,2024-03,free,organic,2024-08
271,2024-03,free,organic,2024-09
271,2024-03,free,organic,2024-10
271,2024-03,free,organic,2024-11
271,2024-03,free,organic,2024-12
272,2024-01,free,organic,2024-01
272,2024-01,free,organic,2024-02
272,2024-01,free,organic,2024-03
272,2024-01,free,organic,2024-04
272,2024-01,free,organic,2024-05
272,2024-01,free,organic,2024-06
272,2024-01,free,organic,2024-07
272,2024-01,free,organic,2024-08
272,2024-01,free,organic,2024-09
273,2024-02,pro,organic,2024-02
273,2024-02,pro,organic,2024-03
273,2024-02,pro,organic,2024-04
273,2024-02,pro,organic,2024-05
273,2024-02,pro,organic,2024-06
273,2024-02,pro,organic,2024-07
273,2024-02,pro,organic,2024-08
274,2024-09,starter,content,2024-09
275,2024-04,starter,referral,2024-04
275,2024-04,starter,referral,2024-05
275,2024-04,starter,referral,2024-06
275,2024-04,starter,referral,2024-07
275,2024-04,starter,referral,2024-08
275,2024-04,starter,referral,2024-09
275,2024-04,starter,referral,2024-10
275,2024-04,starter,referral,2024-11
276,2024-05,free,content,2024-05
277,2024-05,free,referral,2024-05
278,2024-08,free,referral,2024-08
278,2024-08,free,referral,2024-09
278,2024-08,free,referral,2024-10
279,2024-01,free,paid_search,2024-01
279,2024-01,free,paid_search,2024-02
279,2024-01,free,paid_search,2024-03
280,2024-01,free,content,2024-01
280,2024-01,free,content,2024-02
280,2024-01,free,content,2024-03
280,2024-01,free,content,2024-04
280,2024-01,free,content,2024-05
280,2024-01,free,content,2024-06
280,2024-01,free,content,2024-07
280,2024-01,free,content,2024-08
281,2024-03,free,paid_search,2024-03
282,2024-05,free,paid_search,2024-05
283,2024-07,free,paid_search,2024-07
283,2024-07,free,paid_search,2024-08
283,2024-07,free,paid_search,2024-09
284,2024-05,starter,paid_search,2024-05
285,2024-04,free,organic,2024-04
285,2024-04,free,organic,2024-05
285,2024-04,free,organic,2024-06
285,2024-04,free,organic,2024-07
285,2024-04,free,organic,2024-08
285,2024-04,free,organic,2024-09
285,2024-04,free,organic,2024-10
286,2024-09,free,paid_search,2024-09
286,2024-09,free,paid_search,2024-10
286,2024-09,free,paid_search,2024-11
286,2024-09,free,paid_search,2024-12
287,2024-02,starter,organic,2024-02
287,2024-02,starter,organic,2024-03
287,2024-02,starter,organic,2024-04
287,2024-02,starter,organic,2024-05
287,2024-02,starter,organic,2024-06
287,2024-02,starter,organic,2024-07
287,2024-02,starter,organic,2024-08
288,2024-06,starter,referral,2024-06
288,2024-06,starter,referral,2024-07
288,2024-06,starter,referral,2024-08
288,2024-06,starter,referral,2024-09
288,2024-06,starter,referral,2024-10
288,2024-06,starter,referral,2024-11
288,2024-06,starter,referral,2024-12
288,2024-06,starter,referral,2025-01
288,2024-06,starter,referral,2025-02
289,2024-05,starter,paid_search,2024-05
289,2024-05,starter,paid_search,2024-06
289,2024-05,starter,paid_search,2024-07
290,2024-05,free,referral,2024-05
291,2024-08,pro,paid_search,2024-08
291,2024-08,pro,paid_search,2024-09
291,2024-08,pro,paid_search,2024-10
291,2024-08,pro,paid_search,2024-11
291,2024-08,pro,paid_search,2024-12
291,2024-08,pro,paid_search,2025-01
291,2024-08,pro,paid_search,2025-02
291,2024-08,pro,paid_search,2025-03
292,2024-03,free,referral,2024-03
292,2024-03,free,referral,2024-04
293,2024-09,free,organic,2024-09
294,2024-03,free,content,2024-03
295,2024-05,free,paid_search,2024-05
296,2024-05,free,organic,2024-05
296,2024-05,free,organic,2024-06
296,2024-05,free,organic,2024-07
296,2024-05,free,organic,2024-08
296,2024-05,free,organic,2024-09
296,2024-05,free,organic,2024-10
296,2024-05,free,organic,2024-11
296,2024-05,free,organic,2024-12
296,2024-05,free,organic,2025-01
296,2024-05,free,organic,2025-02
296,2024-05,free,organic,2025-03
297,2024-08,free,organic,2024-08
297,2024-08,free,organic,2024-09
298,2024-04,starter,organic,2024-04
298,2024-04,starter,organic,2024-05
298,2024-04,starter,organic,2024-06
298,2024-04,starter,organic,2024-07
298,2024-04,starter,organic,2024-08
298,2024-04,starter,organic,2024-09
298,2024-04,starter,organic,2024-10
298,2024-04,starter,organic,2024-11
298,2024-04,starter,organic,2024-12
299,2024-03,free,paid_search,2024-03
300,2024-01,free,referral,2024-01
300,2024-01,free,referral,2024-02
300,2024-01,free,referral,2024-03
300,2024-01,free,referral,2024-04
301,2024-04,free,content,2024-04
301,2024-04,free,content,2024-05
301,2024-04,free,content,2024-06
302,2024-08,free,referral,2024-08
302,2024-08,free,referral,2024-09
302,2024-08,free,referral,2024-10
302,2024-08,free,referral,2024-11
302,2024-08,free,referral,2024-12
302,2024-08,free,referral,2025-01
302,2024-08,free,referral,2025-02
302,2024-08,free,referral,2025-03
303,2024-01,free,paid_search,2024-01
304,2024-09,free,paid_search,2024-09
304,2024-09,free,paid_search,2024-10
305,2024-05,free,referral,2024-05
306,2024-02,starter,referral,2024-02
306,2024-02,starter,referral,2024-03
306,2024-02,starter,referral,2024-04
306,2024-02,starter,referral,2024-05
306,2024-02,starter,referral,2024-06
306,2024-02,starter,referral,2024-07
306,2024-02,starter,referral,2024-08
306,2024-02,starter,referral,2024-09
307,2024-03,pro,organic,2024-03
308,2024-05,free,content,2024-05
309,2024-03,starter,paid_search,2024-03
309,2024-03,starter,paid_search,2024-04
310,2024-01,pro,referral,2024-01
310,2024-01,pro,referral,2024-02
310,2024-01,pro,referral,2024-03
310,2024-01,pro,referral,2024-04
310,2024-01,pro,referral,2024-05
310,2024-01,pro,referral,2024-06
310,2024-01,pro,referral,2024-07
310,2024-01,pro,referral,2024-08
310,2024-01,pro,referral,2024-09
310,2024-01,pro,referral,2024-10
310,2024-01,pro,referral,2024-11
310,2024-01,pro,referral,2024-12
311,2024-06,enterprise,content,2024-06
311,2024-06,enterprise,content,2024-07
311,2024-06,enterprise,content,2024-08
311,2024-06,enterprise,content,2024-09
311,2024-06,enterprise,content,2024-10
311,2024-06,enterprise,content,2024-11
311,2024-06,enterprise,content,2024-12
311,2024-06,enterprise,content,2025-01
311,2024-06,enterprise,content,2025-02
311,2024-06,enterprise,content,2025-03
312,2024-07,starter,referral,2024-07
312,2024-07,starter,referral,2024-08
312,2024-07,starter,referral,2024-09
312,2024-07,starter,referral,2024-10
312,2024-07,starter,referral,2024-11
312,2024-07,starter,referral,2024-12
312,2024-07,starter,referral,2025-01
312,2024-07,starter,referral,2025-02
312,2024-07,starter,referral,2025-03
313,2024-02,pro,organic,2024-02
313,2024-02,pro,organic,2024-03
313,2024-02,pro,organic,2024-04
313,2024-02,pro,organic,2024-05
313,2024-02,pro,organic,2024-06
313,2024-02,pro,organic,2024-07
313,2024-02,pro,organic,2024-08
313,2024-02,pro,organic,2024-09
313,2024-02,pro,organic,2024-10
313,2024-02,pro,organic,2024-11
313,2024-02,pro,organic,2024-12
313,2024-02,pro,organic,2025-01
314,2024-03,pro,paid_search,2024-03
314,2024-03,pro,paid_search,2024-04
315,2024-03,starter,organic,2024-03
315,2024-03,starter,organic,2024-04
315,2024-03,starter,organic,2024-05
316,2024-06,free,referral,2024-06
316,2024-06,free,referral,2024-07
316,2024-06,free,referral,2024-08
317,2024-07,free,organic,2024-07
317,2024-07,free,organic,2024-08
317,2024-07,free,organic,2024-09
317,2024-07,free,organic,2024-10
317,2024-07,free,organic,2024-11
317,2024-07,free,organic,2024-12
317,2024-07,free,organic,2025-01
318,2024-07,free,referral,2024-07
318,2024-07,free,referral,2024-08
318,2024-07,free,referral,2024-09
318,2024-07,free,referral,2024-10
318,2024-07,free,referral,2024-11
319,2024-09,free,content,2024-09
319,2024-09,free,content,2024-10
319,2024-09,free,content,2024-11
320,2024-07,free,organic,2024-07
321,2024-03,free,paid_search,2024-03
322,2024-01,free,paid_search,2024-01
322,2024-01,free,paid_search,2024-02
322,2024-01,free,paid_search,2024-03
322,2024-01,free,paid_search,2024-04
322,2024-01,free,paid_search,2024-05
323,2024-06,free,paid_search,2024-06
323,2024-06,free,paid_search,2024-07
323,2024-06,free,paid_search,2024-08
324,2024-09,pro,organic,2024-09
325,2024-09,free,organic,2024-09
325,2024-09,free,organic,2024-10
326,2024-03,free,paid_search,2024-03
326,2024-03,free,paid_search,2024-04
326,2024-03,free,paid_search,2024-05
326,2024-03,free,paid_search,2024-06
327,2024-03,starter,paid_search,2024-03
328,2024-01,pro,paid_search,2024-01
328,2024-01,pro,paid_search,2024-02
328,2024-01,pro,paid_search,2024-03
328,2024-01,pro,paid_search,2024-04
328,2024-01,pro,paid_search,2024-05
329,2024-02,enterprise,organic,2024-02
329,2024-02,enterprise,organic,2024-03
329,2024-02,enterprise,organic,2024-04
329,2024-02,enterprise,organic,2024-05
329,2024-02,enterprise,organic,2024-06
329,2024-02,enterprise,organic,2024-07
330,2024-05,pro,paid_search,2024-05
331,2024-05,pro,paid_search,2024-05
332,2024-04,free,organic,2024-04
332,2024-04,free,organic,2024-05
333,2024-03,free,referral,2024-03
334,2024-08,free,organic,2024-08
335,2024-05,starter,paid_search,2024-05
336,2024-08,pro,content,2024-08
337,2024-09,free,paid_search,2024-09
337,2024-09,free,paid_search,2024-10
338,2024-03,free,paid_search,2024-03
338,2024-03,free,paid_search,2024-04
338,2024-03,free,paid_search,2024-05
339,2024-02,free,organic,2024-02
340,2024-09,free,organic,2024-09
340,2024-09,free,organic,2024-10
340,2024-09,free,organic,2024-11
341,2024-06,free,organic,2024-06
342,2024-03,free,referral,2024-03
343,2024-06,pro,referral,2024-06
343,2024-06,pro,referral,2024-07
343,2024-06,pro,referral,2024-08
343,2024-06,pro,referral,2024-09
343,2024-06,pro,referral,2024-10
343,2024-06,pro,referral,2024-11
343,2024-06,pro,referral,2024-12
343,2024-06,pro,referral,2025-01
343,2024-06,pro,referral,2025-02
343,2024-06,pro,referral,2025-03
344,2024-05,free,organic,2024-05
344,2024-05,free,organic,2024-06
344,2024-05,free,organic,2024-07
345,2024-09,pro,organic,2024-09
345,2024-09,pro,organic,2024-10
345,2024-09,pro,organic,2024-11
345,2024-09,pro,organic,2024-12
345,2024-09,pro,organic,2025-01
345,2024-09,pro,organic,2025-02
345,2024-09,pro,organic,2025-03
346,2024-03,starter,organic,2024-03
346,2024-03,starter,organic,2024-04
347,2024-09,free,paid_search,2024-09
348,2024-09,free,paid_search,2024-09
348,2024-09,free,paid_search,2024-10
349,2024-02,starter,referral,2024-02
349,2024-02,starter,referral,2024-03
349,2024-02,starter,referral,2024-04
349,2024-02,starter,referral,2024-05
349,2024-02,starter,referral,2024-06
349,2024-02,starter,referral,2024-07
349,2024-02,starter,referral,2024-08
349,2024-02,starter,referral,2024-09
350,2024-02,free,content,2024-02
350,2024-02,free,content,2024-03
350,2024-02,free,content,2024-04
350,2024-02,free,content,2024-05
351,2024-05,pro,organic,2024-05
351,2024-05,pro,organic,2024-06
351,2024-05,pro,organic,2024-07
351,2024-05,pro,organic,2024-08
351,2024-05,pro,organic,2024-09
351,2024-05,pro,organic,2024-10
351,2024-05,pro,organic,2024-11
351,2024-05,pro,organic,2024-12
351,2024-05,pro,organic,2025-01
351,2024-05,pro,organic,2025-02
351,2024-05,pro,organic,2025-03
352,2024-01,free,referral,2024-01
352,2024-01,free,referral,2024-02
352,2024-01,free,referral,2024-03
352,2024-01,free,referral,2024-04
353,2024-03,starter,paid_search,2024-03
354,2024-04,starter,organic,2024-04
354,2024-04,starter,organic,2024-05
354,2024-04,starter,organic,2024-06
354,2024-04,starter,organic,2024-07
354,2024-04,starter,organic,2024-08
355,2024-09,free,content,2024-09
355,2024-09,free,content,2024-10
356,2024-09,free,organic,2024-09
356,2024-09,free,organic,2024-10
356,2024-09,free,organic,2024-11
357,2024-02,enterprise,referral,2024-02
357,2024-02,enterprise,referral,2024-03
357,2024-02,enterprise,referral,2024-04
357,2024-02,enterprise,referral,2024-05
358,2024-09,free,referral,2024-09
358,2024-09,free,referral,2024-10
359,2024-01,free,content,2024-01
359,2024-01,free,content,2024-02
359,2024-01,free,content,2024-03
359,2024-01,free,content,2024-04
359,2024-01,free,content,2024-05
360,2024-07,free,paid_search,2024-07
361,2024-08,free,organic,2024-08
362,2024-09,starter,referral,2024-09
363,2024-03,starter,referral,2024-03
363,2024-03,starter,referral,2024-04
363,2024-03,starter,referral,2024-05
363,2024-03,starter,referral,2024-06
363,2024-03,starter,referral,2024-07
363,2024-03,starter,referral,2024-08
363,2024-03,starter,referral,2024-09
363,2024-03,starter,referral,2024-10
363,2024-03,starter,referral,2024-11
363,2024-03,starter,referral,2024-12
363,2024-03,starter,referral,2025-01
363,2024-03,starter,referral,2025-02
363,2024-03,starter,referral,2025-03
364,2024-09,free,paid_search,2024-09
364,2024-09,free,paid_search,2024-10
364,2024-09,free,paid_search,2024-11
364,2024-09,free,paid_search,2024-12
364,2024-09,free,paid_search,2025-01
365,2024-02,pro,referral,2024-02
365,2024-02,pro,referral,2024-03
365,2024-02,pro,referral,2024-04
365,2024-02,pro,referral,2024-05
365,2024-02,pro,referral,2024-06
365,2024-02,pro,referral,2024-07
365,2024-02,pro,referral,2024-08
365,2024-02,pro,referral,2024-09
365,2024-02,pro,referral,2024-10
365,2024-02,pro,referral,2024-11
365,2024-02,pro,referral,2024-12
365,2024-02,pro,referral,2025-01
365,2024-02,pro,referral,2025-02
365,2024-02,pro,referral,2025-03
366,2024-05,free,organic,2024-05
367,2024-05,free,paid_search,2024-05
368,2024-03,free,content,2024-03
368,2024-03,free,content,2024-04
368,2024-03,free,content,2024-05
368,2024-03,free,content,2024-06
368,2024-03,free,content,2024-07
369,2024-01,enterprise,organic,2024-01
369,2024-01,enterprise,organic,2024-02
369,2024-01,enterprise,organic,2024-03
369,2024-01,enterprise,organic,2024-04
369,2024-01,enterprise,organic,2024-05
369,2024-01,enterprise,organic,2024-06
369,2024-01,enterprise,organic,2024-07
369,2024-01,enterprise,organic,2024-08
369,2024-01,enterprise,organic,2024-09
369,2024-01,enterprise,organic,2024-10
369,2024-01,enterprise,organic,2024-11
369,2024-01,enterprise,organic,2024-12
369,2024-01,enterprise,organic,2025-01
369,2024-01,enterprise,organic,2025-02
369,2024-01,enterprise,organic,2025-03
370,2024-07,free,paid_search,2024-07
370,2024-07,free,paid_search,2024-08
370,2024-07,free,paid_search,2024-09
371,2024-04,free,content,2024-04
371,2024-04,free,content,2024-05
372,2024-06,free,referral,2024-06
372,2024-06,free,referral,2024-07
372,2024-06,free,referral,2024-08
372,2024-06,free,referral,2024-09
372,2024-06,free,referral,2024-10
372,2024-06,free,referral,2024-11
373,2024-04,starter,content,2024-04
374,2024-04,free,paid_search,2024-04
375,2024-08,free,content,2024-08
375,2024-08,free,content,2024-09
375,2024-08,free,content,2024-10
375,2024-08,free,content,2024-11
375,2024-08,free,content,2024-12
376,2024-01,starter,organic,2024-01
377,2024-07,free,paid_search,2024-07
377,2024-07,free,paid_search,2024-08
378,2024-07,free,paid_search,2024-07
379,2024-04,free,referral,2024-04
379,2024-04,free,referral,2024-05
380,2024-03,free,content,2024-03
380,2024-03,free,content,2024-04
380,2024-03,free,content,2024-05
380,2024-03,free,content,2024-06
380,2024-03,free,content,2024-07
380,2024-03,free,content,2024-08
381,2024-01,free,referral,2024-01
381,2024-01,free,referral,2024-02
381,2024-01,free,referral,2024-03
381,2024-01,free,referral,2024-04
381,2024-01,free,referral,2024-05
381,2024-01,free,referral,2024-06
381,2024-01,free,referral,2024-07
382,2024-09,pro,paid_search,2024-09
382,2024-09,pro,paid_search,2024-10
382,2024-09,pro,paid_search,2024-11
382,2024-09,pro,paid_search,2024-12
382,2024-09,pro,paid_search,2025-01
383,2024-09,starter,paid_search,2024-09
383,2024-09,starter,paid_search,2024-10
383,2024-09,starter,paid_search,2024-11
383,2024-09,starter,paid_search,2024-12
384,2024-03,starter,paid_search,2024-03
384,2024-03,starter,paid_search,2024-04
384,2024-03,starter,paid_search,2024-05
384,2024-03,starter,paid_search,2024-06
384,2024-03,starter,paid_search,2024-07
384,2024-03,starter,paid_search,2024-08
384,2024-03,starter,paid_search,2024-09
384,2024-03,starter,paid_search,2024-10
385,2024-01,enterprise,paid_search,2024-01
385,2024-01,enterprise,paid_search,2024-02
385,2024-01,enterprise,paid_search,2024-03
385,2024-01,enterprise,paid_search,2024-04
385,2024-01,enterprise,paid_search,2024-05
385,2024-01,enterprise,paid_search,2024-06
385,2024-01,enterprise,paid_search,2024-07
385,2024-01,enterprise,paid_search,2024-08
385,2024-01,enterprise,paid_search,2024-09
385,2024-01,enterprise,paid_search,2024-10
386,2024-02,free,organic,2024-02
386,2024-02,free,organic,2024-03
387,2024-01,free,paid_search,2024-01
387,2024-01,free,paid_search,2024-02
387,2024-01,free,paid_search,2024-03
387,2024-01,free,paid_search,2024-04
388,2024-08,pro,content,2024-08
388,2024-08,pro,content,2024-09
388,2024-08,pro,content,2024-10
388,2024-08,pro,content,2024-11
388,2024-08,pro,content,2024-12
388,2024-08,pro,content,2025-01
388,2024-08,pro,content,2025-02
389,2024-09,free,referral,2024-09
389,2024-09,free,referral,2024-10
389,2024-09,free,referral,2024-11
389,2024-09,free,referral,2024-12
389,2024-09,free,referral,2025-01
389,2024-09,free,referral,2025-02
389,2024-09,free,referral,2025-03
390,2024-02,starter,referral,2024-02
390,2024-02,starter,referral,2024-03
390,2024-02,starter,referral,2024-04
390,2024-02,starter,referral,2024-05
391,2024-07,starter,paid_search,2024-07
391,2024-07,starter,paid_search,2024-08
391,2024-07,starter,paid_search,2024-09
391,2024-07,starter,paid_search,2024-10
391,2024-07,starter,paid_search,2024-11
391,2024-07,starter,paid_search,2024-12
392,2024-02,free,paid_search,2024-02
392,2024-02,free,paid_search,2024-03
393,2024-04,free,organic,2024-04
393,2024-04,free,organic,2024-05
394,2024-06,free,paid_search,2024-06
394,2024-06,free,paid_search,2024-07
395,2024-07,free,paid_search,2024-07
396,2024-08,free,organic,2024-08
396,2024-08,free,organic,2024-09
396,2024-08,free,organic,2024-10
396,2024-08,free,organic,2024-11
396,2024-08,free,organic,2024-12
396,2024-08,free,organic,2025-01
396,2024-08,free,organic,2025-02
397,2024-01,free,organic,2024-01
397,2024-01,free,organic,2024-02
398,2024-02,starter,referral,2024-02
398,2024-02,starter,referral,2024-03
398,2024-02,starter,referral,2024-04
398,2024-02,starter,referral,2024-05
398,2024-02,starter,referral,2024-06
398,2024-02,starter,referral,2024-07
398,2024-02,starter,referral,2024-08
398,2024-02,starter,referral,2024-09
398,2024-02,starter,referral,2024-10
398,2024-02,starter,referral,2024-11
398,2024-02,starter,referral,2024-12
398,2024-02,starter,referral,2025-01
398,2024-02,starter,referral,2025-02
398,2024-02,starter,referral,2025-03
399,2024-03,pro,paid_search,2024-03
399,2024-03,pro,paid_search,2024-04
399,2024-03,pro,paid_search,2024-05
399,2024-03,pro,paid_search,2024-06
399,2024-03,pro,paid_search,2024-07
400,2024-03,starter,paid_search,2024-03
400,2024-03,starter,paid_search,2024-04
400,2024-03,starter,paid_search,2024-05
400,2024-03,starter,paid_search,2024-06
400,2024-03,starter,paid_search,2024-07
400,2024-03,starter,paid_search,2024-08
401,2024-09,free,organic,2024-09
401,2024-09,free,organic,2024-10
401,2024-09,free,organic,2024-11
401,2024-09,free,organic,2024-12
401,2024-09,free,organic,2025-01
401,2024-09,free,organic,2025-02
401,2024-09,free,organic,2025-03
402,2024-07,free,paid_search,2024-07
402,2024-07,free,paid_search,2024-08
402,2024-07,free,paid_search,2024-09
402,2024-07,free,paid_search,2024-10
402,2024-07,free,paid_search,2024-11
402,2024-07,free,paid_search,2024-12
403,2024-03,free,paid_search,2024-03
404,2024-09,free,paid_search,2024-09
405,2024-05,pro,paid_search,2024-05
406,2024-05,free,organic,2024-05
406,2024-05,free,organic,2024-06
406,2024-05,free,organic,2024-07
406,2024-05,free,organic,2024-08
406,2024-05,free,organic,2024-09
406,2024-05,free,organic,2024-10
406,2024-05,free,organic,2024-11
406,2024-05,free,organic,2024-12
406,2024-05,free,organic,2025-01
406,2024-05,free,organic,2025-02
406,2024-05,free,organic,2025-03
407,2024-04,free,content,2024-04
407,2024-04,free,content,2024-05
408,2024-02,pro,organic,2024-02
408,2024-02,pro,organic,2024-03
408,2024-02,pro,organic,2024-04
408,2024-02,pro,organic,2024-05
408,2024-02,pro,organic,2024-06
408,2024-02,pro,organic,2024-07
408,2024-02,pro,organic,2024-08
409,2024-09,free,paid_search,2024-09
409,2024-09,free,paid_search,2024-10
409,2024-09,free,paid_search,2024-11
409,2024-09,free,paid_search,2024-12
410,2024-01,free,organic,2024-01
410,2024-01,free,organic,2024-02
411,2024-02,free,paid_search,2024-02
411,2024-02,free,paid_search,2024-03
411,2024-02,free,paid_search,2024-04
412,2024-03,starter,organic,2024-03
412,2024-03,starter,organic,2024-04
412,2024-03,starter,organic,2024-05
413,2024-03,starter,content,2024-03
413,2024-03,starter,content,2024-04
413,2024-03,starter,content,2024-05
414,2024-02,free,paid_search,2024-02
415,2024-01,pro,paid_search,2024-01
416,2024-07,pro,organic,2024-07
416,2024-07,pro,organic,2024-08
416,2024-07,pro,organic,2024-09
417,2024-09,pro,organic,2024-09
417,2024-09,pro,organic,2024-10
417,2024-09,pro,organic,2024-11
417,2024-09,pro,organic,2024-12
417,2024-09,pro,organic,2025-01
417,2024-09,pro,organic,2025-02
417,2024-09,pro,organic,2025-03
418,2024-02,free,paid_search,2024-02
418,2024-02,free,paid_search,2024-03
418,2024-02,free,paid_search,2024-04
418,2024-02,free,paid_search,2024-05
418,2024-02,free,paid_search,2024-06
419,2024-03,free,paid_search,2024-03
419,2024-03,free,paid_search,2024-04
419,2024-03,free,paid_search,2024-05
419,2024-03,free,paid_search,2024-06
419,2024-03,free,paid_search,2024-07
419,2024-03,free,paid_search,2024-08
419,2024-03,free,paid_search,2024-09
419,2024-03,free,paid_search,2024-10
419,2024-03,free,paid_search,2024-11
419,2024-03,free,paid_search,2024-12
420,2024-05,pro,paid_search,2024-05
420,2024-05,pro,paid_search,2024-06
420,2024-05,pro,paid_search,2024-07
420,2024-05,pro,paid_search,2024-08
420,2024-05,pro,paid_search,2024-09
420,2024-05,pro,paid_search,2024-10
420,2024-05,pro,paid_search,2024-11
421,2024-09,free,content,2024-09
421,2024-09,free,content,2024-10
421,2024-09,free,content,2024-11
422,2024-07,starter,referral,2024-07
422,2024-07,starter,referral,2024-08
422,2024-07,starter,referral,2024-09
422,2024-07,starter,referral,2024-10
422,2024-07,starter,referral,2024-11
422,2024-07,starter,referral,2024-12
422,2024-07,starter,referral,2025-01
422,2024-07,starter,referral,2025-02
422,2024-07,starter,referral,2025-03
423,2024-07,starter,content,2024-07
423,2024-07,starter,content,2024-08
424,2024-06,free,organic,2024-06
424,2024-06,free,organic,2024-07
424,2024-06,free,organic,2024-08
424,2024-06,free,organic,2024-09
424,2024-06,free,organic,2024-10
424,2024-06,free,organic,2024-11
425,2024-04,starter,referral,2024-04
425,2024-04,starter,referral,2024-05
425,2024-04,starter,referral,2024-06
425,2024-04,starter,referral,2024-07
425,2024-04,starter,referral,2024-08
425,2024-04,starter,referral,2024-09
425,2024-04,starter,referral,2024-10
425,2024-04,starter,referral,2024-11
425,2024-04,starter,referral,2024-12
425,2024-04,starter,referral,2025-01
426,2024-02,pro,paid_search,2024-02
427,2024-08,starter,paid_search,2024-08
428,2024-08,free,content,2024-08
429,2024-01,pro,referral,2024-01
429,2024-01,pro,referral,2024-02
429,2024-01,pro,referral,2024-03
429,2024-01,pro,referral,2024-04
429,2024-01,pro,referral,2024-05
430,2024-07,free,content,2024-07
431,2024-01,starter,referral,2024-01
431,2024-01,starter,referral,2024-02
432,2024-07,pro,organic,2024-07
433,2024-08,starter,referral,2024-08
433,2024-08,starter,referral,2024-09
433,2024-08,starter,referral,2024-10
433,2024-08,starter,referral,2024-11
434,2024-02,free,paid_search,2024-02
434,2024-02,free,paid_search,2024-03
435,2024-04,free,content,2024-04
435,2024-04,free,content,2024-05
435,2024-04,free,content,2024-06
435,2024-04,free,content,2024-07
435,2024-04,free,content,2024-08
435,2024-04,free,content,2024-09
436,2024-02,free,referral,2024-02
436,2024-02,free,referral,2024-03
437,2024-06,free,organic,2024-06
437,2024-06,free,organic,2024-07
437,2024-06,free,organic,2024-08
438,2024-09,free,organic,2024-09
438,2024-09,free,organic,2024-10
438,2024-09,free,organic,2024-11
439,2024-01,free,organic,2024-01
440,2024-04,free,paid_search,2024-04
440,2024-04,free,paid_search,2024-05
441,2024-09,starter,organic,2024-09
441,2024-09,starter,organic,2024-10
441,2024-09,starter,organic,2024-11
441,2024-09,starter,organic,2024-12
441,2024-09,starter,organic,2025-01
441,2024-09,starter,organic,2025-02
441,2024-09,starter,organic,2025-03
442,2024-03,pro,referral,2024-03
442,2024-03,pro,referral,2024-04
442,2024-03,pro,referral,2024-05
442,2024-03,pro,referral,2024-06
442,2024-03,pro,referral,2024-07
442,2024-03,pro,referral,2024-08
443,2024-02,free,paid_search,2024-02
443,2024-02,free,paid_search,2024-03
443,2024-02,free,paid_search,2024-04
443,2024-02,free,paid_search,2024-05
443,2024-02,free,paid_search,2024-06
444,2024-05,starter,referral,2024-05
445,2024-05,starter,organic,2024-05
446,2024-06,free,paid_search,2024-06
446,2024-06,free,paid_search,2024-07
446,2024-06,free,paid_search,2024-08
446,2024-06,free,paid_search,2024-09
446,2024-06,free,paid_search,2024-10
446,2024-06,free,paid_search,2024-11
447,2024-03,free,organic,2024-03
447,2024-03,free,organic,2024-04
447,2024-03,free,organic,2024-05
447,2024-03,free,organic,2024-06
448,2024-09,starter,content,2024-09
448,2024-09,starter,content,2024-10
448,2024-09,starter,content,2024-11
449,2024-05,enterprise,organic,2024-05
450,2024-03,starter,organic,2024-03
451,2024-09,pro,organic,2024-09
451,2024-09,pro,organic,2024-10
451,2024-09,pro,organic,2024-11
452,2024-09,enterprise,referral,2024-09
452,2024-09,enterprise,referral,2024-10
452,2024-09,enterprise,referral,2024-11
452,2024-09,enterprise,referral,2024-12
452,2024-09,enterprise,referral,2025-01
452,2024-09,enterprise,referral,2025-02
452,2024-09,enterprise,referral,2025-03
453,2024-05,free,organic,2024-05
454,2024-01,starter,paid_search,2024-01
454,2024-01,starter,paid_search,2024-02
454,2024-01,starter,paid_search,2024-03
454,2024-01,starter,paid_search,2024-04
454,2024-01,starter,paid_search,2024-05
455,2024-06,free,referral,2024-06
455,2024-06,free,referral,2024-07
455,2024-06,free,referral,2024-08
455,2024-06,free,referral,2024-09
455,2024-06,free,referral,2024-10
456,2024-05,enterprise,referral,2024-05
456,2024-05,enterprise,referral,2024-06
456,2024-05,enterprise,referral,2024-07
456,2024-05,enterprise,referral,2024-08
456,2024-05,enterprise,referral,2024-09
456,2024-05,enterprise,referral,2024-10
456,2024-05,enterprise,referral,2024-11
456,2024-05,enterprise,referral,2024-12
456,2024-05,enterprise,referral,2025-01
456,2024-05,enterprise,referral,2025-02
456,2024-05,enterprise,referral,2025-03
457,2024-02,free,organic,2024-02
457,2024-02,free,organic,2024-03
457,2024-02,free,organic,2024-04
457,2024-02,free,organic,2024-05
458,2024-06,free,organic,2024-06
459,2024-08,pro,paid_search,2024-08
459,2024-08,pro,paid_search,2024-09
459,2024-08,pro,paid_search,2024-10
459,2024-08,pro,paid_search,2024-11
459,2024-08,pro,paid_search,2024-12
459,2024-08,pro,paid_search,2025-01
460,2024-01,free,organic,2024-01
461,2024-07,starter,referral,2024-07
461,2024-07,starter,referral,2024-08
461,2024-07,starter,referral,2024-09
461,2024-07,starter,referral,2024-10
461,2024-07,starter,referral,2024-11
461,2024-07,starter,referral,2024-12
461,2024-07,starter,referral,2025-01
462,2024-02,free,paid_search,2024-02
462,2024-02,free,paid_search,2024-03
463,2024-07,enterprise,paid_search,2024-07
463,2024-07,enterprise,paid_search,2024-08
463,2024-07,enterprise,paid_search,2024-09
463,2024-07,enterprise,paid_search,2024-10
464,2024-04,pro,organic,2024-04
464,2024-04,pro,organic,2024-05
464,2024-04,pro,organic,2024-06
464,2024-04,pro,organic,2024-07
464,2024-04,pro,organic,2024-08
464,2024-04,pro,organic,2024-09
464,2024-04,pro,organic,2024-10
464,2024-04,pro,organic,2024-11
464,2024-04,pro,organic,2024-12
464,2024-04,pro,organic,2025-01
464,2024-04,pro,organic,2025-02
464,2024-04,pro,organic,2025-03
465,2024-01,free,paid_search,2024-01
465,2024-01,free,paid_search,2024-02
466,2024-09,starter,organic,2024-09
466,2024-09,starter,organic,2024-10
466,2024-09,starter,organic,2024-11
467,2024-02,free,referral,2024-02
467,2024-02,free,referral,2024-03
467,2024-02,free,referral,2024-04
467,2024-02,free,referral,2024-05
467,2024-02,free,referral,2024-06
467,2024-02,free,referral,2024-07
467,2024-02,free,referral,2024-08
467,2024-02,free,referral,2024-09
467,2024-02,free,referral,2024-10
468,2024-06,starter,organic,2024-06
468,2024-06,starter,organic,2024-07
468,2024-06,starter,organic,2024-08
468,2024-06,starter,organic,2024-09
468,2024-06,starter,organic,2024-10
468,2024-06,starter,organic,2024-11
468,2024-06,starter,organic,2024-12
469,2024-02,starter,content,2024-02
469,2024-02,starter,content,2024-03
469,2024-02,starter,content,2024-04
469,2024-02,starter,content,2024-05
469,2024-02,starter,content,2024-06
469,2024-02,starter,content,2024-07
469,2024-02,starter,content,2024-08
469,2024-02,starter,content,2024-09
469,2024-02,starter,content,2024-10
469,2024-02,starter,content,2024-11
469,2024-02,starter,content,2024-12
469,2024-02,starter,content,2025-01
469,2024-02,starter,content,2025-02
469,2024-02,starter,content,2025-03
470,2024-09,pro,referral,2024-09
470,2024-09,pro,referral,2024-10
470,2024-09,pro,referral,2024-11
470,2024-09,pro,referral,2024-12
470,2024-09,pro,referral,2025-01
470,2024-09,pro,referral,2025-02
470,2024-09,pro,referral,2025-03
471,2024-07,free,organic,2024-07
471,2024-07,free,organic,2024-08
471,2024-07,free,organic,2024-09
472,2024-08,free,organic,2024-08
472,2024-08,free,organic,2024-09
473,2024-04,starter,organic,2024-04
474,2024-05,free,organic,2024-05
474,2024-05,free,organic,2024-06
474,2024-05,free,organic,2024-07
474,2024-05,free,organic,2024-08
474,2024-05,free,organic,2024-09
474,2024-05,free,organic,2024-10
474,2024-05,free,organic,2024-11
474,2024-05,free,organic,2024-12
474,2024-05,free,organic,2025-01
474,2024-05,free,organic,2025-02
474,2024-05,free,organic,2025-03
475,2024-06,free,organic,2024-06
476,2024-08,free,content,2024-08
476,2024-08,free,content,2024-09
476,2024-08,free,content,2024-10
477,2024-08,free,paid_search,2024-08
478,2024-01,pro,organic,2024-01
478,2024-01,pro,organic,2024-02
478,2024-01,pro,organic,2024-03
478,2024-01,pro,organic,2024-04
478,2024-01,pro,organic,2024-05
478,2024-01,pro,organic,2024-06
478,2024-01,pro,organic,2024-07
478,2024-01,pro,organic,2024-08
478,2024-01,pro,organic,2024-09
478,2024-01,pro,organic,2024-10
478,2024-01,pro,organic,2024-11
478,2024-01,pro,organic,2024-12
478,2024-01,pro,organic,2025-01
478,2024-01,pro,organic,2025-02
479,2024-06,free,paid_search,2024-06
479,2024-06,free,paid_search,2024-07
479,2024-06,free,paid_search,2024-08
479,2024-06,free,paid_search,2024-09
480,2024-01,free,organic,2024-01
480,2024-01,free,organic,2024-02
481,2024-03,pro,content,2024-03
481,2024-03,pro,content,2024-04
482,2024-08,free,organic,2024-08
483,2024-03,starter,referral,2024-03
483,2024-03,starter,referral,2024-04
483,2024-03,starter,referral,2024-05
483,2024-03,starter,referral,2024-06
483,2024-03,starter,referral,2024-07
483,2024-03,starter,referral,2024-08
483,2024-03,starter,referral,2024-09
484,2024-08,free,referral,2024-08
484,2024-08,free,referral,2024-09
484,2024-08,free,referral,2024-10
484,2024-08,free,referral,2024-11
484,2024-08,free,referral,2024-12
484,2024-08,free,referral,2025-01
484,2024-08,free,referral,2025-02
484,2024-08,free,referral,2025-03
485,2024-05,pro,organic,2024-05
486,2024-03,starter,organic,2024-03
486,2024-03,starter,organic,2024-04
487,2024-04,pro,paid_search,2024-04
487,2024-04,pro,paid_search,2024-05
487,2024-04,pro,paid_search,2024-06
487,2024-04,pro,paid_search,2024-07
487,2024-04,pro,paid_search,2024-08
488,2024-05,free,content,2024-05
489,2024-07,free,paid_search,2024-07
489,2024-07,free,paid_search,2024-08
490,2024-06,starter,referral,2024-06
490,2024-06,starter,referral,2024-07
490,2024-06,starter,referral,2024-08
490,2024-06,starter,referral,2024-09
491,2024-09,free,referral,2024-09
491,2024-09,free,referral,2024-10
491,2024-09,free,referral,2024-11
491,2024-09,free,referral,2024-12
491,2024-09,free,referral,2025-01
492,2024-08,free,referral,2024-08
492,2024-08,free,referral,2024-09
492,2024-08,free,referral,2024-10
492,2024-08,free,referral,2024-11
493,2024-07,free,paid_search,2024-07
493,2024-07,free,paid_search,2024-08
494,2024-06,enterprise,paid_search,2024-06
494,2024-06,enterprise,paid_search,2024-07
495,2024-03,starter,referral,2024-03
495,2024-03,starter,referral,2024-04
495,2024-03,starter,referral,2024-05
495,2024-03,starter,referral,2024-06
495,2024-03,starter,referral,2024-07
496,2024-04,starter,organic,2024-04
497,2024-02,starter,content,2024-02
497,2024-02,starter,content,2024-03
498,2024-04,free,organic,2024-04
498,2024-04,free,organic,2024-05
498,2024-04,free,organic,2024-06
498,2024-04,free,organic,2024-07
498,2024-04,free,organic,2024-08
498,2024-04,free,organic,2024-09
498,2024-04,free,organic,2024-10
498,2024-04,free,organic,2024-11
499,2024-09,free,organic,2024-09
500,2024-04,free,referral,2024-04
500,2024-04,free,referral,2024-05
500,2024-04,free,referral,2024-06
501,2024-02,starter,organic,2024-02
501,2024-02,starter,organic,2024-03
501,2024-02,starter,organic,2024-04
501,2024-02,starter,organic,2024-05
501,2024-02,starter,organic,2024-06
501,2024-02,starter,organic,2024-07
501,2024-02,starter,organic,2024-08
502,2024-06,free,organic,2024-06
502,2024-06,free,organic,2024-07
503,2024-09,pro,organic,2024-09
504,2024-08,starter,paid_search,2024-08
504,2024-08,starter,paid_search,2024-09
504,2024-08,starter,paid_search,2024-10
504,2024-08,starter,paid_search,2024-11
504,2024-08,starter,paid_search,2024-12
504,2024-08,starter,paid_search,2025-01
505,2024-03,free,referral,2024-03
505,2024-03,free,referral,2024-04
505,2024-03,free,referral,2024-05
505,2024-03,free,referral,2024-06
505,2024-03,free,referral,2024-07
505,2024-03,free,referral,2024-08
506,2024-05,free,organic,2024-05
506,2024-05,free,organic,2024-06
506,2024-05,free,organic,2024-07
506,2024-05,free,organic,2024-08
506,2024-05,free,organic,2024-09
506,2024-05,free,organic,2024-10
506,2024-05,free,organic,2024-11
506,2024-05,free,organic,2024-12
506,2024-05,free,organic,2025-01
507,2024-05,free,organic,2024-05
508,2024-03,enterprise,paid_search,2024-03
508,2024-03,enterprise,paid_search,2024-04
508,2024-03,enterprise,paid_search,2024-05
509,2024-03,pro,content,2024-03
509,2024-03,pro,content,2024-04
509,2024-03,pro,content,2024-05
509,2024-03,pro,content,2024-06
509,2024-03,pro,content,2024-07
509,2024-03,pro,content,2024-08
509,2024-03,pro,content,2024-09
509,2024-03,pro,content,2024-10
509,2024-03,pro,content,2024-11
509,2024-03,pro,content,2024-12
509,2024-03,pro,content,2025-01
509,2024-03,pro,content,2025-02
509,2024-03,pro,content,2025-03
510,2024-03,pro,organic,2024-03
510,2024-03,pro,organic,2024-04
510,2024-03,pro,organic,2024-05
510,2024-03,pro,organic,2024-06
510,2024-03,pro,organic,2024-07
510,2024-03,pro,organic,2024-08
511,2024-09,free,content,2024-09
512,2024-07,free,content,2024-07
512,2024-07,free,content,2024-08
512,2024-07,free,content,2024-09
512,2024-07,free,content,2024-10
512,2024-07,free,content,2024-11
512,2024-07,free,content,2024-12
513,2024-08,free,organic,2024-08
514,2024-08,free,referral,2024-08
514,2024-08,free,referral,2024-09
514,2024-08,free,referral,2024-10
514,2024-08,free,referral,2024-11
514,2024-08,free,referral,2024-12
514,2024-08,free,referral,2025-01
515,2024-09,free,referral,2024-09
516,2024-01,free,paid_search,2024-01
516,2024-01,free,paid_search,2024-02
517,2024-08,enterprise,paid_search,2024-08
517,2024-08,enterprise,paid_search,2024-09
517,2024-08,enterprise,paid_search,2024-10
517,2024-08,enterprise,paid_search,2024-11
517,2024-08,enterprise,paid_search,2024-12
517,2024-08,enterprise,paid_search,2025-01
517,2024-08,enterprise,paid_search,2025-02
517,2024-08,enterprise,paid_search,2025-03
518,2024-01,free,referral,2024-01
518,2024-01,free,referral,2024-02
518,2024-01,free,referral,2024-03
519,2024-05,free,referral,2024-05
519,2024-05,free,referral,2024-06
519,2024-05,free,referral,2024-07
519,2024-05,free,referral,2024-08
519,2024-05,free,referral,2024-09
519,2024-05,free,referral,2024-10
519,2024-05,free,referral,2024-11
519,2024-05,free,referral,2024-12
520,2024-06,pro,referral,2024-06
520,2024-06,pro,referral,2024-07
520,2024-06,pro,referral,2024-08
520,2024-06,pro,referral,2024-09
520,2024-06,pro,referral,2024-10
520,2024-06,pro,referral,2024-11
520,2024-06,pro,referral,2024-12
520,2024-06,pro,referral,2025-01
520,2024-06,pro,referral,2025-02
520,2024-06,pro,referral,2025-03
521,2024-04,free,content,2024-04
521,2024-04,free,content,2024-05
522,2024-02,starter,paid_search,2024-02
522,2024-02,starter,paid_search,2024-03
522,2024-02,starter,paid_search,2024-04
523,2024-02,starter,referral,2024-02
523,2024-02,starter,referral,2024-03
523,2024-02,starter,referral,2024-04
524,2024-08,pro,content,2024-08
524,2024-08,pro,content,2024-09
524,2024-08,pro,content,2024-10
524,2024-08,pro,content,2024-11
525,2024-03,starter,organic,2024-03
525,2024-03,starter,organic,2024-04
525,2024-03,starter,organic,2024-05
525,2024-03,starter,organic,2024-06
525,2024-03,starter,organic,2024-07
525,2024-03,starter,organic,2024-08
525,2024-03,starter,organic,2024-09
525,2024-03,starter,organic,2024-10
525,2024-03,starter,organic,2024-11
525,2024-03,starter,organic,2024-12
525,2024-03,starter,organic,2025-01
525,2024-03,starter,organic,2025-02
525,2024-03,starter,organic,2025-03
526,2024-03,free,organic,2024-03
526,2024-03,free,organic,2024-04
526,2024-03,free,organic,2024-05
526,2024-03,free,organic,2024-06
526,2024-03,free,organic,2024-07
526,2024-03,free,organic,2024-08
526,2024-03,free,organic,2024-09
526,2024-03,free,organic,2024-10
526,2024-03,free,organic,2024-11
527,2024-09,starter,paid_search,2024-09
527,2024-09,starter,paid_search,2024-10
527,2024-09,starter,paid_search,2024-11
527,2024-09,starter,paid_search,2024-12
527,2024-09,starter,paid_search,2025-01
527,2024-09,starter,paid_search,2025-02
527,2024-09,starter,paid_search,2025-03
528,2024-02,free,content,2024-02
528,2024-02,free,content,2024-03
528,2024-02,free,content,2024-04
528,2024-02,free,content,2024-05
528,2024-02,free,content,2024-06
529,2024-09,free,organic,2024-09
530,2024-09,free,referral,2024-09
531,2024-06,free,organic,2024-06
531,2024-06,free,organic,2024-07
531,2024-06,free,organic,2024-08
531,2024-06,free,organic,2024-09
532,2024-02,starter,paid_search,2024-02
533,2024-02,free,paid_search,2024-02
534,2024-03,free,organic,2024-03
534,2024-03,free,organic,2024-04
534,2024-03,free,organic,2024-05
535,2024-06,free,content,2024-06
535,2024-06,free,content,2024-07
535,2024-06,free,content,2024-08
535,2024-06,free,content,2024-09
535,2024-06,free,content,2024-10
535,2024-06,free,content,2024-11
535,2024-06,free,content,2024-12
536,2024-02,pro,organic,2024-02
537,2024-05,free,content,2024-05
538,2024-02,starter,organic,2024-02
538,2024-02,starter,organic,2024-03
538,2024-02,starter,organic,2024-04
538,2024-02,starter,organic,2024-05
538,2024-02,starter,organic,2024-06
538,2024-02,starter,organic,2024-07
539,2024-05,pro,content,2024-05
539,2024-05,pro,content,2024-06
539,2024-05,pro,content,2024-07
539,2024-05,pro,content,2024-08
539,2024-05,pro,content,2024-09
540,2024-01,free,paid_search,2024-01
540,2024-01,free,paid_search,2024-02
540,2024-01,free,paid_search,2024-03
540,2024-01,free,paid_search,2024-04
541,2024-07,starter,organic,2024-07
541,2024-07,starter,organic,2024-08
541,2024-07,starter,organic,2024-09
541,2024-07,starter,organic,2024-10
541,2024-07,starter,organic,2024-11
541,2024-07,starter,organic,2024-12
542,2024-01,free,organic,2024-01
542,2024-01,free,organic,2024-02
543,2024-02,free,organic,2024-02
543,2024-02,free,organic,2024-03
543,2024-02,free,organic,2024-04
543,2024-02,free,organic,2024-05
544,2024-02,starter,paid_search,2024-02
544,2024-02,starter,paid_search,2024-03
544,2024-02,starter,paid_search,2024-04
544,2024-02,starter,paid_search,2024-05
544,2024-02,starter,paid_search,2024-06
545,2024-08,pro,referral,2024-08
545,2024-08,pro,referral,2024-09
545,2024-08,pro,referral,2024-10
545,2024-08,pro,referral,2024-11
546,2024-01,free,paid_search,2024-01
546,2024-01,free,paid_search,2024-02
546,2024-01,free,paid_search,2024-03
547,2024-04,free,paid_search,2024-04
548,2024-06,free,paid_search,2024-06
549,2024-05,free,paid_search,2024-05
550,2024-07,starter,referral,2024-07
551,2024-08,starter,paid_search,2024-08
551,2024-08,starter,paid_search,2024-09
551,2024-08,starter,paid_search,2024-10
552,2024-04,starter,referral,2024-04
552,2024-04,starter,referral,2024-05
552,2024-04,starter,referral,2024-06
552,2024-04,starter,referral,2024-07
552,2024-04,starter,referral,2024-08
552,2024-04,starter,referral,2024-09
552,2024-04,starter,referral,2024-10
552,2024-04,starter,referral,2024-11
552,2024-04,starter,referral,2024-12
552,2024-04,starter,referral,2025-01
552,2024-04,starter,referral,2025-02
552,2024-04,starter,referral,2025-03
553,2024-08,free,content,2024-08
553,2024-08,free,content,2024-09
554,2024-03,starter,paid_search,2024-03
554,2024-03,starter,paid_search,2024-04
554,2024-03,starter,paid_search,2024-05
555,2024-09,starter,organic,2024-09
555,2024-09,starter,organic,2024-10
555,2024-09,starter,organic,2024-11
555,2024-09,starter,organic,2024-12
555,2024-09,starter,organic,2025-01
555,2024-09,starter,organic,2025-02
555,2024-09,starter,organic,2025-03
556,2024-05,starter,organic,2024-05
557,2024-07,free,paid_search,2024-07
557,2024-07,free,paid_search,2024-08
558,2024-08,free,organic,2024-08
558,2024-08,free,organic,2024-09
558,2024-08,free,organic,2024-10
559,2024-08,free,content,2024-08
559,2024-08,free,content,2024-09
560,2024-08,free,paid_search,2024-08
560,2024-08,free,paid_search,2024-09
560,2024-08,free,paid_search,2024-10
560,2024-08,free,paid_search,2024-11
561,2024-05,free,paid_search,2024-05
562,2024-01,free,referral,2024-01
562,2024-01,free,referral,2024-02
562,2024-01,free,referral,2024-03
563,2024-05,starter,organic,2024-05
563,2024-05,starter,organic,2024-06
563,2024-05,starter,organic,2024-07
563,2024-05,starter,organic,2024-08
563,2024-05,starter,organic,2024-09
563,2024-05,starter,organic,2024-10
563,2024-05,starter,organic,2024-11
564,2024-02,free,referral,2024-02
565,2024-09,pro,organic,2024-09
565,2024-09,pro,organic,2024-10
565,2024-09,pro,organic,2024-11
565,2024-09,pro,organic,2024-12
566,2024-03,free,paid_search,2024-03
566,2024-03,free,paid_search,2024-04
566,2024-03,free,paid_search,2024-05
567,2024-03,starter,content,2024-03
567,2024-03,starter,content,2024-04
567,2024-03,starter,content,2024-05
567,2024-03,starter,content,2024-06
567,2024-03,starter,content,2024-07
567,2024-03,starter,content,2024-08
568,2024-03,free,referral,2024-03
568,2024-03,free,referral,2024-04
568,2024-03,free,referral,2024-05
569,2024-06,free,content,2024-06
570,2024-06,starter,paid_search,2024-06
570,2024-06,starter,paid_search,2024-07
570,2024-06,starter,paid_search,2024-08
570,2024-06,starter,paid_search,2024-09
570,2024-06,starter,paid_search,2024-10
570,2024-06,starter,paid_search,2024-11
570,2024-06,starter,paid_search,2024-12
571,2024-09,pro,referral,2024-09
571,2024-09,pro,referral,2024-10
571,2024-09,pro,referral,2024-11
571,2024-09,pro,referral,2024-12
572,2024-04,free,paid_search,2024-04
572,2024-04,free,paid_search,2024-05
572,2024-04,free,paid_search,2024-06
572,2024-04,free,paid_search,2024-07
572,2024-04,free,paid_search,2024-08
572,2024-04,free,paid_search,2024-09
573,2024-03,free,paid_search,2024-03
573,2024-03,free,paid_search,2024-04
573,2024-03,free,paid_search,2024-05
574,2024-01,starter,organic,2024-01
574,2024-01,starter,organic,2024-02
574,2024-01,starter,organic,2024-03
574,2024-01,starter,organic,2024-04
574,2024-01,starter,organic,2024-05
574,2024-01,starter,organic,2024-06
574,2024-01,starter,organic,2024-07
574,2024-01,starter,organic,2024-08
574,2024-01,starter,organic,2024-09
574,2024-01,starter,organic,2024-10
574,2024-01,starter,organic,2024-11
574,2024-01,starter,organic,2024-12
574,2024-01,starter,organic,2025-01
575,2024-01,starter,organic,2024-01
575,2024-01,starter,organic,2024-02
575,2024-01,starter,organic,2024-03
576,2024-04,free,paid_search,2024-04
576,2024-04,free,paid_search,2024-05
576,2024-04,free,paid_search,2024-06
576,2024-04,free,paid_search,2024-07
577,2024-09,free,organic,2024-09
577,2024-09,free,organic,2024-10
577,2024-09,free,organic,2024-11
578,2024-05,free,referral,2024-05
579,2024-09,pro,referral,2024-09
579,2024-09,pro,referral,2024-10
579,2024-09,pro,referral,2024-11
579,2024-09,pro,referral,2024-12
580,2024-01,free,content,2024-01
580,2024-01,free,content,2024-02
580,2024-01,free,content,2024-03
580,2024-01,free,content,2024-04
580,2024-01,free,content,2024-05
580,2024-01,free,content,2024-06
580,2024-01,free,content,2024-07
580,2024-01,free,content,2024-08
580,2024-01,free,content,2024-09
580,2024-01,free,content,2024-10
581,2024-01,free,organic,2024-01
581,2024-01,free,organic,2024-02
581,2024-01,free,organic,2024-03
581,2024-01,free,organic,2024-04
581,2024-01,free,organic,2024-05
581,2024-01,free,organic,2024-06
581,2024-01,free,organic,2024-07
581,2024-01,free,organic,2024-08
582,2024-08,enterprise,content,2024-08
582,2024-08,enterprise,content,2024-09
582,2024-08,enterprise,content,2024-10
582,2024-08,enterprise,content,2024-11
582,2024-08,enterprise,content,2024-12
582,2024-08,enterprise,content,2025-01
582,2024-08,enterprise,content,2025-02
582,2024-08,enterprise,content,2025-03
583,2024-01,free,organic,2024-01
583,2024-01,free,organic,2024-02
583,2024-01,free,organic,2024-03
583,2024-01,free,organic,2024-04
584,2024-01,free,paid_search,2024-01
585,2024-04,free,referral,2024-04
585,2024-04,free,referral,2024-05
585,2024-04,free,referral,2024-06
585,2024-04,free,referral,2024-07
585,2024-04,free,referral,2024-08
585,2024-04,free,referral,2024-09
585,2024-04,free,referral,2024-10
585,2024-04,free,referral,2024-11
585,2024-04,free,referral,2024-12
585,2024-04,free,referral,2025-01
585,2024-04,free,referral,2025-02
585,2024-04,free,referral,2025-03
586,2024-09,free,organic,2024-09
586,2024-09,free,organic,2024-10
586,2024-09,free,organic,2024-11
586,2024-09,free,organic,2024-12
587,2024-07,free,organic,2024-07
588,2024-01,free,organic,2024-01
588,2024-01,free,organic,2024-02
588,2024-01,free,organic,2024-03
588,2024-01,free,organic,2024-04
588,2024-01,free,organic,2024-05
588,2024-01,free,organic,2024-06
588,2024-01,free,organic,2024-07
589,2024-08,starter,paid_search,2024-08
589,2024-08,starter,paid_search,2024-09
590,2024-08,starter,referral,2024-08
590,2024-08,starter,referral,2024-09
590,2024-08,starter,referral,2024-10
590,2024-08,starter,referral,2024-11
590,2024-08,starter,referral,2024-12
590,2024-08,starter,referral,2025-01
590,2024-08,starter,referral,2025-02
590,2024-08,starter,referral,2025-03
591,2024-08,free,organic,2024-08
591,2024-08,free,organic,2024-09
591,2024-08,free,organic,2024-10
591,2024-08,free,organic,2024-11
591,2024-08,free,organic,2024-12
592,2024-09,free,organic,2024-09
592,2024-09,free,organic,2024-10
592,2024-09,free,organic,2024-11
592,2024-09,free,organic,2024-12
592,2024-09,free,organic,2025-01
592,2024-09,free,organic,2025-02
592,2024-09,free,organic,2025-03
593,2024-03,free,paid_search,2024-03
593,2024-03,free,paid_search,2024-04
593,2024-03,free,paid_search,2024-05
593,2024-03,free,paid_search,2024-06
594,2024-09,pro,organic,2024-09
595,2024-03,free,referral,2024-03
595,2024-03,free,referral,2024-04
595,2024-03,free,referral,2024-05
595,2024-03,free,referral,2024-06
595,2024-03,free,referral,2024-07
595,2024-03,free,referral,2024-08
595,2024-03,free,referral,2024-09
595,2024-03,free,referral,2024-10
595,2024-03,free,referral,2024-11
595,2024-03,free,referral,2024-12
596,2024-08,starter,content,2024-08
597,2024-06,free,referral,2024-06
597,2024-06,free,referral,2024-07
597,2024-06,free,referral,2024-08
597,2024-06,free,referral,2024-09
597,2024-06,free,referral,2024-10
597,2024-06,free,referral,2024-11
598,2024-08,starter,content,2024-08
598,2024-08,starter,content,2024-09
598,2024-08,starter,content,2024-10
599,2024-06,free,paid_search,2024-06
599,2024-06,free,paid_search,2024-07
599,2024-06,free,paid_search,2024-08
600,2024-06,starter,referral,2024-06
600,2024-06,starter,referral,2024-07
600,2024-06,starter,referral,2024-08
600,2024-06,starter,referral,2024-09
600,2024-06,starter,referral,2024-10
600,2024-06,starter,referral,2024-11
600,2024-06,starter,referral,2024-12
600,2024-06,starter,referral,2025-01
600,2024-06,starter,referral,2025-02
600,2024-06,starter,referral,2025-03
601,2024-06,free,organic,2024-06
601,2024-06,free,organic,2024-07
602,2024-08,pro,organic,2024-08
602,2024-08,pro,organic,2024-09
602,2024-08,pro,organic,2024-10
602,2024-08,pro,organic,2024-11
602,2024-08,pro,organic,2024-12
602,2024-08,pro,organic,2025-01
602,2024-08,pro,organic,2025-02
602,2024-08,pro,organic,2025-03
603,2024-07,free,referral,2024-07
604,2024-02,starter,organic,2024-02
604,2024-02,starter,organic,2024-03
604,2024-02,starter,organic,2024-04
604,2024-02,starter,organic,2024-05
604,2024-02,starter,organic,2024-06
604,2024-02,starter,organic,2024-07
604,2024-02,starter,organic,2024-08
604,2024-02,starter,organic,2024-09
604,2024-02,starter,organic,2024-10
604,2024-02,starter,organic,2024-11
604,2024-02,starter,organic,2024-12
604,2024-02,starter,organic,2025-01
604,2024-02,starter,organic,2025-02
604,2024-02,starter,organic,2025-03
605,2024-08,pro,content,2024-08
605,2024-08,pro,content,2024-09
605,2024-08,pro,content,2024-10
605,2024-08,pro,content,2024-11
605,2024-08,pro,content,2024-12
605,2024-08,pro,content,2025-01
605,2024-08,pro,content,2025-02
605,2024-08,pro,content,2025-03
606,2024-05,enterprise,referral,2024-05
606,2024-05,enterprise,referral,2024-06
606,2024-05,enterprise,referral,2024-07
606,2024-05,enterprise,referral,2024-08
606,2024-05,enterprise,referral,2024-09
606,2024-05,enterprise,referral,2024-10
606,2024-05,enterprise,referral,2024-11
606,2024-05,enterprise,referral,2024-12
606,2024-05,enterprise,referral,2025-01
606,2024-05,enterprise,referral,2025-02
606,2024-05,enterprise,referral,2025-03
607,2024-03,free,content,2024-03
608,2024-05,free,organic,2024-05
609,2024-09,free,paid_search,2024-09
609,2024-09,free,paid_search,2024-10
609,2024-09,free,paid_search,2024-11
609,2024-09,free,paid_search,2024-12
609,2024-09,free,paid_search,2025-01
609,2024-09,free,paid_search,2025-02
609,2024-09,free,paid_search,2025-03
610,2024-08,free,referral,2024-08
610,2024-08,free,referral,2024-09
611,2024-08,free,organic,2024-08
611,2024-08,free,organic,2024-09
611,2024-08,free,organic,2024-10
611,2024-08,free,organic,2024-11
612,2024-05,enterprise,paid_search,2024-05
613,2024-08,enterprise,referral,2024-08
613,2024-08,enterprise,referral,2024-09
613,2024-08,enterprise,referral,2024-10
613,2024-08,enterprise,referral,2024-11
613,2024-08,enterprise,referral,2024-12
613,2024-08,enterprise,referral,2025-01
613,2024-08,enterprise,referral,2025-02
613,2024-08,enterprise,referral,2025-03
614,2024-04,free,content,2024-04
615,2024-07,starter,referral,2024-07
615,2024-07,starter,referral,2024-08
615,2024-07,starter,referral,2024-09
615,2024-07,starter,referral,2024-10
615,2024-07,starter,referral,2024-11
615,2024-07,starter,referral,2024-12
615,2024-07,starter,referral,2025-01
615,2024-07,starter,referral,2025-02
615,2024-07,starter,referral,2025-03
616,2024-06,pro,organic,2024-06
616,2024-06,pro,organic,2024-07
616,2024-06,pro,organic,2024-08
616,2024-06,pro,organic,2024-09
616,2024-06,pro,organic,2024-10
616,2024-06,pro,organic,2024-11
616,2024-06,pro,organic,2024-12
616,2024-06,pro,organic,2025-01
616,2024-06,pro,organic,2025-02
616,2024-06,pro,organic,2025-03
617,2024-03,pro,paid_search,2024-03
617,2024-03,pro,paid_search,2024-04
617,2024-03,pro,paid_search,2024-05
618,2024-03,free,paid_search,2024-03
618,2024-03,free,paid_search,2024-04
618,2024-03,free,paid_search,2024-05
618,2024-03,free,paid_search,2024-06
619,2024-01,free,organic,2024-01
619,2024-01,free,organic,2024-02
620,2024-02,pro,paid_search,2024-02
620,2024-02,pro,paid_search,2024-03
620,2024-02,pro,paid_search,2024-04
620,2024-02,pro,paid_search,2024-05
620,2024-02,pro,paid_search,2024-06
621,2024-04,free,organic,2024-04
621,2024-04,free,organic,2024-05
621,2024-04,free,organic,2024-06
621,2024-04,free,organic,2024-07
622,2024-05,free,organic,2024-05
622,2024-05,free,organic,2024-06
623,2024-02,enterprise,paid_search,2024-02
623,2024-02,enterprise,paid_search,2024-03
623,2024-02,enterprise,paid_search,2024-04
623,2024-02,enterprise,paid_search,2024-05
623,2024-02,enterprise,paid_search,2024-06
623,2024-02,enterprise,paid_search,2024-07
624,2024-04,enterprise,organic,2024-04
624,2024-04,enterprise,organic,2024-05
624,2024-04,enterprise,organic,2024-06
624,2024-04,enterprise,organic,2024-07
624,2024-04,enterprise,organic,2024-08
624,2024-04,enterprise,organic,2024-09
624,2024-04,enterprise,organic,2024-10
624,2024-04,enterprise,organic,2024-11
624,2024-04,enterprise,organic,2024-12
624,2024-04,enterprise,organic,2025-01
624,2024-04,enterprise,organic,2025-02
624,2024-04,enterprise,organic,2025-03
625,2024-06,pro,paid_search,2024-06
625,2024-06,pro,paid_search,2024-07
625,2024-06,pro,paid_search,2024-08
625,2024-06,pro,paid_search,2024-09
625,2024-06,pro,paid_search,2024-10
625,2024-06,pro,paid_search,2024-11
626,2024-03,starter,organic,2024-03
627,2024-04,free,referral,2024-04
628,2024-04,free,organic,2024-04
629,2024-05,free,content,2024-05
630,2024-04,free,organic,2024-04
630,2024-04,free,organic,2024-05
631,2024-07,free,paid_search,2024-07
632,2024-03,starter,organic,2024-03
632,2024-03,starter,organic,2024-04
633,2024-04,free,organic,2024-04
634,2024-04,starter,paid_search,2024-04
635,2024-02,free,referral,2024-02
636,2024-07,free,content,2024-07
636,2024-07,free,content,2024-08
636,2024-07,free,content,2024-09
636,2024-07,free,content,2024-10
637,2024-03,free,organic,2024-03
638,2024-03,free,organic,2024-03
639,2024-08,pro,referral,2024-08
639,2024-08,pro,referral,2024-09
640,2024-09,free,paid_search,2024-09
640,2024-09,free,paid_search,2024-10
641,2024-07,free,organic,2024-07
641,2024-07,free,organic,2024-08
641,2024-07,free,organic,2024-09
641,2024-07,free,organic,2024-10
641,2024-07,free,organic,2024-11
641,2024-07,free,organic,2024-12
641,2024-07,free,organic,2025-01
641,2024-07,free,organic,2025-02
642,2024-09,starter,referral,2024-09
642,2024-09,starter,referral,2024-10
642,2024-09,starter,referral,2024-11
642,2024-09,starter,referral,2024-12
642,2024-09,starter,referral,2025-01
642,2024-09,starter,referral,2025-02
642,2024-09,starter,referral,2025-03
643,2024-08,free,paid_search,2024-08
644,2024-05,free,referral,2024-05
645,2024-07,free,paid_search,2024-07
646,2024-03,free,paid_search,2024-03
646,2024-03,free,paid_search,2024-04
647,2024-05,starter,organic,2024-05
648,2024-05,free,referral,2024-05
649,2024-09,free,organic,2024-09
649,2024-09,free,organic,2024-10
649,2024-09,free,organic,2024-11
649,2024-09,free,organic,2024-12
649,2024-09,free,organic,2025-01
649,2024-09,free,organic,2025-02
650,2024-08,free,referral,2024-08
651,2024-05,free,referral,2024-05
651,2024-05,free,referral,2024-06
651,2024-05,free,referral,2024-07
651,2024-05,free,referral,2024-08
651,2024-05,free,referral,2024-09
652,2024-06,free,referral,2024-06
652,2024-06,free,referral,2024-07
652,2024-06,free,referral,2024-08
652,2024-06,free,referral,2024-09
652,2024-06,free,referral,2024-10
652,2024-06,free,referral,2024-11
652,2024-06,free,referral,2024-12
652,2024-06,free,referral,2025-01
652,2024-06,free,referral,2025-02
653,2024-02,pro,organic,2024-02
653,2024-02,pro,organic,2024-03
653,2024-02,pro,organic,2024-04
653,2024-02,pro,organic,2024-05
653,2024-02,pro,organic,2024-06
653,2024-02,pro,organic,2024-07
653,2024-02,pro,organic,2024-08
653,2024-02,pro,organic,2024-09
653,2024-02,pro,organic,2024-10
653,2024-02,pro,organic,2024-11
654,2024-08,free,organic,2024-08
654,2024-08,free,organic,2024-09
654,2024-08,free,organic,2024-10
654,2024-08,free,organic,2024-11
654,2024-08,free,organic,2024-12
654,2024-08,free,organic,2025-01
654,2024-08,free,organic,2025-02
655,2024-05,starter,paid_search,2024-05
655,2024-05,starter,paid_search,2024-06
656,2024-05,free,paid_search,2024-05
657,2024-07,free,content,2024-07
658,2024-06,free,paid_search,2024-06
658,2024-06,free,paid_search,2024-07
658,2024-06,free,paid_search,2024-08
658,2024-06,free,paid_search,2024-09
658,2024-06,free,paid_search,2024-10
658,2024-06,free,paid_search,2024-11
658,2024-06,free,paid_search,2024-12
658,2024-06,free,paid_search,2025-01
658,2024-06,free,paid_search,2025-02
659,2024-01,starter,content,2024-01
659,2024-01,starter,content,2024-02
659,2024-01,starter,content,2024-03
660,2024-03,pro,organic,2024-03
660,2024-03,pro,organic,2024-04
660,2024-03,pro,organic,2024-05
660,2024-03,pro,organic,2024-06
660,2024-03,pro,organic,2024-07
660,2024-03,pro,organic,2024-08
660,2024-03,pro,organic,2024-09
660,2024-03,pro,organic,2024-10
660,2024-03,pro,organic,2024-11
660,2024-03,pro,organic,2024-12
660,2024-03,pro,organic,2025-01
660,2024-03,pro,organic,2025-02
660,2024-03,pro,organic,2025-03
661,2024-02,free,paid_search,2024-02
661,2024-02,free,paid_search,2024-03
662,2024-07,free,organic,2024-07
663,2024-01,pro,referral,2024-01
663,2024-01,pro,referral,2024-02
663,2024-01,pro,referral,2024-03
663,2024-01,pro,referral,2024-04
663,2024-01,pro,referral,2024-05
663,2024-01,pro,referral,2024-06
663,2024-01,pro,referral,2024-07
663,2024-01,pro,referral,2024-08
664,2024-02,free,organic,2024-02
664,2024-02,free,organic,2024-03
664,2024-02,free,organic,2024-04
664,2024-02,free,organic,2024-05
664,2024-02,free,organic,2024-06
664,2024-02,free,organic,2024-07
665,2024-06,free,organic,2024-06
666,2024-07,free,referral,2024-07
667,2024-05,starter,paid_search,2024-05
667,2024-05,starter,paid_search,2024-06
667,2024-05,starter,paid_search,2024-07
667,2024-05,starter,paid_search,2024-08
668,2024-08,starter,organic,2024-08
668,2024-08,starter,organic,2024-09
668,2024-08,starter,organic,2024-10
668,2024-08,starter,organic,2024-11
668,2024-08,starter,organic,2024-12
668,2024-08,starter,organic,2025-01
668,2024-08,starter,organic,2025-02
668,2024-08,starter,organic,2025-03
669,2024-09,free,organic,2024-09
670,2024-02,enterprise,paid_search,2024-02
670,2024-02,enterprise,paid_search,2024-03
670,2024-02,enterprise,paid_search,2024-04
670,2024-02,enterprise,paid_search,2024-05
670,2024-02,enterprise,paid_search,2024-06
670,2024-02,enterprise,paid_search,2024-07
671,2024-09,free,organic,2024-09
671,2024-09,free,organic,2024-10
671,2024-09,free,organic,2024-11
671,2024-09,free,organic,2024-12
671,2024-09,free,organic,2025-01
671,2024-09,free,organic,2025-02
671,2024-09,free,organic,2025-03
672,2024-06,free,organic,2024-06
672,2024-06,free,organic,2024-07
672,2024-06,free,organic,2024-08
672,2024-06,free,organic,2024-09
672,2024-06,free,organic,2024-10
672,2024-06,free,organic,2024-11
672,2024-06,free,organic,2024-12
672,2024-06,free,organic,2025-01
672,2024-06,free,organic,2025-02
673,2024-06,free,paid_search,2024-06
673,2024-06,free,paid_search,2024-07
674,2024-01,free,organic,2024-01
674,2024-01,free,organic,2024-02
675,2024-06,free,paid_search,2024-06
675,2024-06,free,paid_search,2024-07
675,2024-06,free,paid_search,2024-08
675,2024-06,free,paid_search,2024-09
675,2024-06,free,paid_search,2024-10
676,2024-07,free,paid_search,2024-07
677,2024-06,free,organic,2024-06
677,2024-06,free,organic,2024-07
677,2024-06,free,organic,2024-08
677,2024-06,free,organic,2024-09
677,2024-06,free,organic,2024-10
678,2024-01,starter,organic,2024-01
678,2024-01,starter,organic,2024-02
678,2024-01,starter,organic,2024-03
678,2024-01,starter,organic,2024-04
679,2024-05,free,organic,2024-05
679,2024-05,free,organic,2024-06
679,2024-05,free,organic,2024-07
680,2024-09,free,organic,2024-09
680,2024-09,free,organic,2024-10
680,2024-09,free,organic,2024-11
680,2024-09,free,organic,2024-12
680,2024-09,free,organic,2025-01
681,2024-07,starter,organic,2024-07
681,2024-07,starter,organic,2024-08
681,2024-07,starter,organic,2024-09
682,2024-02,starter,content,2024-02
682,2024-02,starter,content,2024-03
683,2024-09,starter,referral,2024-09
683,2024-09,starter,referral,2024-10
683,2024-09,starter,referral,2024-11
683,2024-09,starter,referral,2024-12
683,2024-09,starter,referral,2025-01
683,2024-09,starter,referral,2025-02
683,2024-09,starter,referral,2025-03
684,2024-09,starter,paid_search,2024-09
684,2024-09,starter,paid_search,2024-10
684,2024-09,starter,paid_search,2024-11
684,2024-09,starter,paid_search,2024-12
684,2024-09,starter,paid_search,2025-01
684,2024-09,starter,paid_search,2025-02
685,2024-02,starter,paid_search,2024-02
685,2024-02,starter,paid_search,2024-03
686,2024-08,free,paid_search,2024-08
687,2024-04,free,referral,2024-04
687,2024-04,free,referral,2024-05
687,2024-04,free,referral,2024-06
687,2024-04,free,referral,2024-07
688,2024-06,starter,organic,2024-06
688,2024-06,starter,organic,2024-07
689,2024-05,free,organic,2024-05
690,2024-08,free,organic,2024-08
690,2024-08,free,organic,2024-09
691,2024-09,free,organic,2024-09
691,2024-09,free,organic,2024-10
692,2024-08,free,organic,2024-08
693,2024-09,free,content,2024-09
693,2024-09,free,content,2024-10
693,2024-09,free,content,2024-11
693,2024-09,free,content,2024-12
694,2024-09,free,content,2024-09
694,2024-09,free,content,2024-10
695,2024-01,pro,organic,2024-01
695,2024-01,pro,organic,2024-02
695,2024-01,pro,organic,2024-03
696,2024-03,pro,paid_search,2024-03
696,2024-03,pro,paid_search,2024-04
696,2024-03,pro,paid_search,2024-05
696,2024-03,pro,paid_search,2024-06
696,2024-03,pro,paid_search,2024-07
696,2024-03,pro,paid_search,2024-08
696,2024-03,pro,paid_search,2024-09
696,2024-03,pro,paid_search,2024-10
696,2024-03,pro,paid_search,2024-11
696,2024-03,pro,paid_search,2024-12
696,2024-03,pro,paid_search,2025-01
696,2024-03,pro,paid_search,2025-02
697,2024-07,free,paid_search,2024-07
697,2024-07,free,paid_search,2024-08
697,2024-07,free,paid_search,2024-09
697,2024-07,free,paid_search,2024-10
698,2024-06,pro,paid_search,2024-06
698,2024-06,pro,paid_search,2024-07
699,2024-01,free,paid_search,2024-01
700,2024-01,pro,organic,2024-01
700,2024-01,pro,organic,2024-02
701,2024-05,enterprise,referral,2024-05
701,2024-05,enterprise,referral,2024-06
701,2024-05,enterprise,referral,2024-07
701,2024-05,enterprise,referral,2024-08
701,2024-05,enterprise,referral,2024-09
701,2024-05,enterprise,referral,2024-10
701,2024-05,enterprise,referral,2024-11
701,2024-05,enterprise,referral,2024-12
701,2024-05,enterprise,referral,2025-01
701,2024-05,enterprise,referral,2025-02
701,2024-05,enterprise,referral,2025-03
702,2024-06,free,content,2024-06
702,2024-06,free,content,2024-07
702,2024-06,free,content,2024-08
702,2024-06,free,content,2024-09
702,2024-06,free,content,2024-10
702,2024-06,free,content,2024-11
702,2024-06,free,content,2024-12
703,2024-02,starter,referral,2024-02
703,2024-02,starter,referral,2024-03
703,2024-02,starter,referral,2024-04
703,2024-02,starter,referral,2024-05
703,2024-02,starter,referral,2024-06
703,2024-02,starter,referral,2024-07
703,2024-02,starter,referral,2024-08
703,2024-02,starter,referral,2024-09
703,2024-02,starter,referral,2024-10
703,2024-02,starter,referral,2024-11
703,2024-02,starter,referral,2024-12
703,2024-02,starter,referral,2025-01
703,2024-02,starter,referral,2025-02
703,2024-02,starter,referral,2025-03
704,2024-02,enterprise,referral,2024-02
704,2024-02,enterprise,referral,2024-03
704,2024-02,enterprise,referral,2024-04
704,2024-02,enterprise,referral,2024-05
704,2024-02,enterprise,referral,2024-06
704,2024-02,enterprise,referral,2024-07
704,2024-02,enterprise,referral,2024-08
704,2024-02,enterprise,referral,2024-09
704,2024-02,enterprise,referral,2024-10
704,2024-02,enterprise,referral,2024-11
704,2024-02,enterprise,referral,2024-12
704,2024-02,enterprise,referral,2025-01
704,2024-02,enterprise,referral,2025-02
704,2024-02,enterprise,referral,2025-03
705,2024-02,pro,paid_search,2024-02
705,2024-02,pro,paid_search,2024-03
705,2024-02,pro,paid_search,2024-04
705,2024-02,pro,paid_search,2024-05
705,2024-02,pro,paid_search,2024-06
705,2024-02,pro,paid_search,2024-07
705,2024-02,pro,paid_search,2024-08
705,2024-02,pro,paid_search,2024-09
706,2024-06,enterprise,organic,2024-06
706,2024-06,enterprise,organic,2024-07
707,2024-01,free,organic,2024-01
707,2024-01,free,organic,2024-02
707,2024-01,free,organic,2024-03
707,2024-01,free,organic,2024-04
707,2024-01,free,organic,2024-05
708,2024-06,free,paid_search,2024-06
708,2024-06,free,paid_search,2024-07
708,2024-06,free,paid_search,2024-08
708,2024-06,free,paid_search,2024-09
709,2024-05,pro,organic,2024-05
710,2024-05,starter,referral,2024-05
711,2024-07,starter,paid_search,2024-07
712,2024-05,free,paid_search,2024-05
713,2024-07,free,organic,2024-07
714,2024-07,free,content,2024-07
715,2024-09,starter,organic,2024-09
715,2024-09,starter,organic,2024-10
715,2024-09,starter,organic,2024-11
715,2024-09,starter,organic,2024-12
715,2024-09,starter,organic,2025-01
715,2024-09,starter,organic,2025-02
715,2024-09,starter,organic,2025-03
716,2024-08,free,organic,2024-08
716,2024-08,free,organic,2024-09
716,2024-08,free,organic,2024-10
716,2024-08,free,organic,2024-11
716,2024-08,free,organic,2024-12
716,2024-08,free,organic,2025-01
716,2024-08,free,organic,2025-02
716,2024-08,free,organic,2025-03
717,2024-05,starter,organic,2024-05
717,2024-05,starter,organic,2024-06
717,2024-05,starter,organic,2024-07
718,2024-05,pro,referral,2024-05
718,2024-05,pro,referral,2024-06
718,2024-05,pro,referral,2024-07
718,2024-05,pro,referral,2024-08
718,2024-05,pro,referral,2024-09
718,2024-05,pro,referral,2024-10
718,2024-05,pro,referral,2024-11
718,2024-05,pro,referral,2024-12
718,2024-05,pro,referral,2025-01
718,2024-05,pro,referral,2025-02
718,2024-05,pro,referral,2025-03
719,2024-03,free,content,2024-03
719,2024-03,free,content,2024-04
720,2024-06,free,organic,2024-06
720,2024-06,free,organic,2024-07
721,2024-02,free,content,2024-02
721,2024-02,free,content,2024-03
721,2024-02,free,content,2024-04
721,2024-02,free,content,2024-05
721,2024-02,free,content,2024-06
721,2024-02,free,content,2024-07
722,2024-09,enterprise,organic,2024-09
722,2024-09,enterprise,organic,2024-10
722,2024-09,enterprise,organic,2024-11
722,2024-09,enterprise,organic,2024-12
722,2024-09,enterprise,organic,2025-01
722,2024-09,enterprise,organic,2025-02
722,2024-09,enterprise,organic,2025-03
723,2024-08,starter,paid_search,2024-08
723,2024-08,starter,paid_search,2024-09
723,2024-08,starter,paid_search,2024-10
723,2024-08,starter,paid_search,2024-11
723,2024-08,starter,paid_search,2024-12
723,2024-08,starter,paid_search,2025-01
723,2024-08,starter,paid_search,2025-02
724,2024-02,free,organic,2024-02
725,2024-08,free,paid_search,2024-08
725,2024-08,free,paid_search,2024-09
725,2024-08,free,paid_search,2024-10
726,2024-02,free,referral,2024-02
726,2024-02,free,referral,2024-03
726,2024-02,free,referral,2024-04
726,2024-02,free,referral,2024-05
726,2024-02,free,referral,2024-06
727,2024-07,free,paid_search,2024-07
728,2024-01,pro,organic,2024-01
729,2024-05,starter,referral,2024-05
730,2024-06,free,content,2024-06
730,2024-06,free,content,2024-07
731,2024-07,pro,paid_search,2024-07
731,2024-07,pro,paid_search,2024-08
731,2024-07,pro,paid_search,2024-09
731,2024-07,pro,paid_search,2024-10
731,2024-07,pro,paid_search,2024-11
731,2024-07,pro,paid_search,2024-12
731,2024-07,pro,paid_search,2025-01
731,2024-07,pro,paid_search,2025-02
731,2024-07,pro,paid_search,2025-03
732,2024-04,free,paid_search,2024-04
732,2024-04,free,paid_search,2024-05
732,2024-04,free,paid_search,2024-06
732,2024-04,free,paid_search,2024-07
732,2024-04,free,paid_search,2024-08
733,2024-09,pro,referral,2024-09
733,2024-09,pro,referral,2024-10
733,2024-09,pro,referral,2024-11
733,2024-09,pro,referral,2024-12
733,2024-09,pro,referral,2025-01
733,2024-09,pro,referral,2025-02
733,2024-09,pro,referral,2025-03
734,2024-07,free,organic,2024-07
734,2024-07,free,organic,2024-08
735,2024-02,starter,content,2024-02
736,2024-07,pro,organic,2024-07
736,2024-07,pro,organic,2024-08
736,2024-07,pro,organic,2024-09
736,2024-07,pro,organic,2024-10
736,2024-07,pro,organic,2024-11
736,2024-07,pro,organic,2024-12
737,2024-07,free,referral,2024-07
738,2024-04,starter,organic,2024-04
738,2024-04,starter,organic,2024-05
738,2024-04,starter,organic,2024-06
739,2024-07,enterprise,organic,2024-07
739,2024-07,enterprise,organic,2024-08
739,2024-07,enterprise,organic,2024-09
739,2024-07,enterprise,organic,2024-10
739,2024-07,enterprise,organic,2024-11
739,2024-07,enterprise,organic,2024-12
740,2024-09,free,paid_search,2024-09
741,2024-08,free,paid_search,2024-08
742,2024-07,starter,content,2024-07
742,2024-07,starter,content,2024-08
742,2024-07,starter,content,2024-09
742,2024-07,starter,content,2024-10
742,2024-07,starter,content,2024-11
743,2024-06,free,content,2024-06
743,2024-06,free,content,2024-07
743,2024-06,free,content,2024-08
743,2024-06,free,content,2024-09
743,2024-06,free,content,2024-10
744,2024-03,free,organic,2024-03
745,2024-08,free,organic,2024-08
745,2024-08,free,organic,2024-09
745,2024-08,free,organic,2024-10
745,2024-08,free,organic,2024-11
745,2024-08,free,organic,2024-12
745,2024-08,free,organic,2025-01
745,2024-08,free,organic,2025-02
745,2024-08,free,organic,2025-03
746,2024-04,starter,paid_search,2024-04
746,2024-04,starter,paid_search,2024-05
746,2024-04,starter,paid_search,2024-06
747,2024-05,free,paid_search,2024-05
747,2024-05,free,paid_search,2024-06
747,2024-05,free,paid_search,2024-07
748,2024-03,free,paid_search,2024-03
749,2024-03,pro,content,2024-03
749,2024-03,pro,content,2024-04
749,2024-03,pro,content,2024-05
749,2024-03,pro,content,2024-06
750,2024-02,free,referral,2024-02
750,2024-02,free,referral,2024-03
750,2024-02,free,referral,2024-04
751,2024-09,pro,organic,2024-09
751,2024-09,pro,organic,2024-10
751,2024-09,pro,organic,2024-11
751,2024-09,pro,organic,2024-12
751,2024-09,pro,organic,2025-01
751,2024-09,pro,organic,2025-02
751,2024-09,pro,organic,2025-03
752,2024-02,free,paid_search,2024-02
753,2024-01,enterprise,paid_search,2024-01
754,2024-09,starter,paid_search,2024-09
755,2024-05,free,organic,2024-05
755,2024-05,free,organic,2024-06
756,2024-04,pro,paid_search,2024-04
757,2024-07,free,paid_search,2024-07
757,2024-07,free,paid_search,2024-08
757,2024-07,free,paid_search,2024-09
757,2024-07,free,paid_search,2024-10
758,2024-04,free,organic,2024-04
758,2024-04,free,organic,2024-05
758,2024-04,free,organic,2024-06
759,2024-02,free,referral,2024-02
760,2024-07,starter,organic,2024-07
761,2024-02,free,paid_search,2024-02
761,2024-02,free,paid_search,2024-03
761,2024-02,free,paid_search,2024-04
761,2024-02,free,paid_search,2024-05
761,2024-02,free,paid_search,2024-06
762,2024-05,free,paid_search,2024-05
763,2024-09,free,content,2024-09
763,2024-09,free,content,2024-10
763,2024-09,free,content,2024-11
763,2024-09,free,content,2024-12
764,2024-09,free,organic,2024-09
764,2024-09,free,organic,2024-10
764,2024-09,free,organic,2024-11
764,2024-09,free,organic,2024-12
764,2024-09,free,organic,2025-01
764,2024-09,free,organic,2025-02
765,2024-04,free,organic,2024-04
765,2024-04,free,organic,2024-05
765,2024-04,free,organic,2024-06
766,2024-08,free,organic,2024-08
766,2024-08,free,organic,2024-09
766,2024-08,free,organic,2024-10
766,2024-08,free,organic,2024-11
766,2024-08,free,organic,2024-12
766,2024-08,free,organic,2025-01
767,2024-06,free,paid_search,2024-06
768,2024-05,free,organic,2024-05
769,2024-02,starter,referral,2024-02
769,2024-02,starter,referral,2024-03
769,2024-02,starter,referral,2024-04
769,2024-02,starter,referral,2024-05
769,2024-02,starter,referral,2024-06
769,2024-02,starter,referral,2024-07
769,2024-02,starter,referral,2024-08
770,2024-04,free,organic,2024-04
771,2024-06,starter,organic,2024-06
771,2024-06,starter,organic,2024-07
771,2024-06,starter,organic,2024-08
771,2024-06,starter,organic,2024-09
771,2024-06,starter,organic,2024-10
771,2024-06,starter,organic,2024-11
771,2024-06,starter,organic,2024-12
771,2024-06,starter,organic,2025-01
771,2024-06,starter,organic,2025-02
771,2024-06,starter,organic,2025-03
772,2024-09,free,paid_search,2024-09
772,2024-09,free,paid_search,2024-10
772,2024-09,free,paid_search,2024-11
772,2024-09,free,paid_search,2024-12
772,2024-09,free,paid_search,2025-01
772,2024-09,free,paid_search,2025-02
772,2024-09,free,paid_search,2025-03
773,2024-01,free,referral,2024-01
773,2024-01,free,referral,2024-02
773,2024-01,free,referral,2024-03
773,2024-01,free,referral,2024-04
774,2024-07,free,content,2024-07
774,2024-07,free,content,2024-08
774,2024-07,free,content,2024-09
774,2024-07,free,content,2024-10
774,2024-07,free,content,2024-11
774,2024-07,free,content,2024-12
774,2024-07,free,content,2025-01
775,2024-08,free,referral,2024-08
775,2024-08,free,referral,2024-09
775,2024-08,free,referral,2024-10
775,2024-08,free,referral,2024-11
775,2024-08,free,referral,2024-12
776,2024-09,free,paid_search,2024-09
777,2024-04,starter,referral,2024-04
777,2024-04,starter,referral,2024-05
777,2024-04,starter,referral,2024-06
777,2024-04,starter,referral,2024-07
777,2024-04,starter,referral,2024-08
777,2024-04,starter,referral,2024-09
777,2024-04,starter,referral,2024-10
777,2024-04,starter,referral,2024-11
778,2024-02,free,referral,2024-02
778,2024-02,free,referral,2024-03
778,2024-02,free,referral,2024-04
778,2024-02,free,referral,2024-05
778,2024-02,free,referral,2024-06
778,2024-02,free,referral,2024-07
778,2024-02,free,referral,2024-08
778,2024-02,free,referral,2024-09
779,2024-03,free,organic,2024-03
779,2024-03,free,organic,2024-04
779,2024-03,free,organic,2024-05
780,2024-08,free,paid_search,2024-08
781,2024-08,free,referral,2024-08
782,2024-06,free,organic,2024-06
783,2024-02,free,referral,2024-02
783,2024-02,free,referral,2024-03
783,2024-02,free,referral,2024-04
784,2024-02,free,paid_search,2024-02
784,2024-02,free,paid_search,2024-03
784,2024-02,free,paid_search,2024-04
785,2024-05,free,paid_search,2024-05
785,2024-05,free,paid_search,2024-06
785,2024-05,free,paid_search,2024-07
785,2024-05,free,paid_search,2024-08
785,2024-05,free,paid_search,2024-09
785,2024-05,free,paid_search,2024-10
785,2024-05,free,paid_search,2024-11
786,2024-06,starter,organic,2024-06
786,2024-06,starter,organic,2024-07
786,2024-06,starter,organic,2024-08
787,2024-01,pro,referral,2024-01
787,2024-01,pro,referral,2024-02
787,2024-01,pro,referral,2024-03
787,2024-01,pro,referral,2024-04
787,2024-01,pro,referral,2024-05
787,2024-01,pro,referral,2024-06
787,2024-01,pro,referral,2024-07
787,2024-01,pro,referral,2024-08
787,2024-01,pro,referral,2024-09
787,2024-01,pro,referral,2024-10
787,2024-01,pro,referral,2024-11
787,2024-01,pro,referral,2024-12
787,2024-01,pro,referral,2025-01
787,2024-01,pro,referral,2025-02
787,2024-01,pro,referral,2025-03
788,2024-07,free,content,2024-07
788,2024-07,free,content,2024-08
788,2024-07,free,content,2024-09
788,2024-07,free,content,2024-10
789,2024-05,starter,organic,2024-05
790,2024-01,starter,paid_search,2024-01
790,2024-01,starter,paid_search,2024-02
790,2024-01,starter,paid_search,2024-03
790,2024-01,starter,paid_search,2024-04
790,2024-01,starter,paid_search,2024-05
790,2024-01,starter,paid_search,2024-06
790,2024-01,starter,paid_search,2024-07
790,2024-01,starter,paid_search,2024-08
791,2024-01,free,organic,2024-01
792,2024-05,starter,organic,2024-05
793,2024-07,starter,content,2024-07
793,2024-07,starter,content,2024-08
793,2024-07,starter,content,2024-09
793,2024-07,starter,content,2024-10
794,2024-08,pro,paid_search,2024-08
794,2024-08,pro,paid_search,2024-09
794,2024-08,pro,paid_search,2024-10
794,2024-08,pro,paid_search,2024-11
794,2024-08,pro,paid_search,2024-12
794,2024-08,pro,paid_search,2025-01
795,2024-04,enterprise,paid_search,2024-04
795,2024-04,enterprise,paid_search,2024-05
795,2024-04,enterprise,paid_search,2024-06
795,2024-04,enterprise,paid_search,2024-07
795,2024-04,enterprise,paid_search,2024-08
795,2024-04,enterprise,paid_search,2024-09
795,2024-04,enterprise,paid_search,2024-10
795,2024-04,enterprise,paid_search,2024-11
795,2024-04,enterprise,paid_search,2024-12
796,2024-03,free,organic,2024-03
796,2024-03,free,organic,2024-04
796,2024-03,free,organic,2024-05
797,2024-09,free,content,2024-09
797,2024-09,free,content,2024-10
797,2024-09,free,content,2024-11
797,2024-09,free,content,2024-12
798,2024-05,free,organic,2024-05
799,2024-03,free,referral,2024-03
799,2024-03,free,referral,2024-04
799,2024-03,free,referral,2024-05
799,2024-03,free,referral,2024-06
799,2024-03,free,referral,2024-07
799,2024-03,free,referral,2024-08
799,2024-03,free,referral,2024-09
799,2024-03,free,referral,2024-10
800,2024-04,free,organic,2024-04
800,2024-04,free,organic,2024-05
801,2024-01,enterprise,organic,2024-01
801,2024-01,enterprise,organic,2024-02
801,2024-01,enterprise,organic,2024-03
801,2024-01,enterprise,organic,2024-04
801,2024-01,enterprise,organic,2024-05
801,2024-01,enterprise,organic,2024-06
801,2024-01,enterprise,organic,2024-07
802,2024-03,free,referral,2024-03
803,2024-05,free,organic,2024-05
803,2024-05,free,organic,2024-06
803,2024-05,free,organic,2024-07
803,2024-05,free,organic,2024-08
804,2024-09,pro,referral,2024-09
804,2024-09,pro,referral,2024-10
804,2024-09,pro,referral,2024-11
804,2024-09,pro,referral,2024-12
804,2024-09,pro,referral,2025-01
804,2024-09,pro,referral,2025-02
804,2024-09,pro,referral,2025-03
805,2024-07,free,organic,2024-07
805,2024-07,free,organic,2024-08
805,2024-07,free,organic,2024-09
805,2024-07,free,organic,2024-10
805,2024-07,free,organic,2024-11
806,2024-08,free,referral,2024-08
806,2024-08,free,referral,2024-09
806,2024-08,free,referral,2024-10
806,2024-08,free,referral,2024-11
806,2024-08,free,referral,2024-12
807,2024-05,enterprise,referral,2024-05
807,2024-05,enterprise,referral,2024-06
808,2024-01,free,referral,2024-01
808,2024-01,free,referral,2024-02
808,2024-01,free,referral,2024-03
808,2024-01,free,referral,2024-04
808,2024-01,free,referral,2024-05
808,2024-01,free,referral,2024-06
809,2024-04,free,organic,2024-04
810,2024-09,free,referral,2024-09
810,2024-09,free,referral,2024-10
811,2024-01,pro,content,2024-01
812,2024-08,free,organic,2024-08
812,2024-08,free,organic,2024-09
812,2024-08,free,organic,2024-10
812,2024-08,free,organic,2024-11
812,2024-08,free,organic,2024-12
812,2024-08,free,organic,2025-01
813,2024-07,free,organic,2024-07
813,2024-07,free,organic,2024-08
813,2024-07,free,organic,2024-09
813,2024-07,free,organic,2024-10
813,2024-07,free,organic,2024-11
813,2024-07,free,organic,2024-12
813,2024-07,free,organic,2025-01
813,2024-07,free,organic,2025-02
813,2024-07,free,organic,2025-03
814,2024-03,free,referral,2024-03
814,2024-03,free,referral,2024-04
814,2024-03,free,referral,2024-05
814,2024-03,free,referral,2024-06
814,2024-03,free,referral,2024-07
814,2024-03,free,referral,2024-08
814,2024-03,free,referral,2024-09
815,2024-08,free,organic,2024-08
815,2024-08,free,organic,2024-09
816,2024-08,pro,referral,2024-08
816,2024-08,pro,referral,2024-09
816,2024-08,pro,referral,2024-10
816,2024-08,pro,referral,2024-11
816,2024-08,pro,referral,2024-12
816,2024-08,pro,referral,2025-01
816,2024-08,pro,referral,2025-02
816,2024-08,pro,referral,2025-03
817,2024-01,free,referral,2024-01
817,2024-01,free,referral,2024-02
817,2024-01,free,referral,2024-03
817,2024-01,free,referral,2024-04
817,2024-01,free,referral,2024-05
817,2024-01,free,referral,2024-06
818,2024-01,enterprise,organic,2024-01
818,2024-01,enterprise,organic,2024-02
818,2024-01,enterprise,organic,2024-03
818,2024-01,enterprise,organic,2024-04
819,2024-06,free,paid_search,2024-06
819,2024-06,free,paid_search,2024-07
820,2024-09,free,paid_search,2024-09
820,2024-09,free,paid_search,2024-10
821,2024-01,pro,organic,2024-01
821,2024-01,pro,organic,2024-02
821,2024-01,pro,organic,2024-03
821,2024-01,pro,organic,2024-04
822,2024-06,free,content,2024-06
823,2024-02,free,organic,2024-02
823,2024-02,free,organic,2024-03
823,2024-02,free,organic,2024-04
823,2024-02,free,organic,2024-05
823,2024-02,free,organic,2024-06
823,2024-02,free,organic,2024-07
823,2024-02,free,organic,2024-08
823,2024-02,free,organic,2024-09
823,2024-02,free,organic,2024-10
824,2024-06,pro,paid_search,2024-06
824,2024-06,pro,paid_search,2024-07
824,2024-06,pro,paid_search,2024-08
824,2024-06,pro,paid_search,2024-09
824,2024-06,pro,paid_search,2024-10
824,2024-06,pro,paid_search,2024-11
824,2024-06,pro,paid_search,2024-12
824,2024-06,pro,paid_search,2025-01
824,2024-06,pro,paid_search,2025-02
824,2024-06,pro,paid_search,2025-03
825,2024-06,free,referral,2024-06
825,2024-06,free,referral,2024-07
825,2024-06,free,referral,2024-08
825,2024-06,free,referral,2024-09
825,2024-06,free,referral,2024-10
825,2024-06,free,referral,2024-11
825,2024-06,free,referral,2024-12
825,2024-06,free,referral,2025-01
826,2024-01,free,organic,2024-01
826,2024-01,free,organic,2024-02
826,2024-01,free,organic,2024-03
826,2024-01,free,organic,2024-04
826,2024-01,free,organic,2024-05
826,2024-01,free,organic,2024-06
826,2024-01,free,organic,2024-07
826,2024-01,free,organic,2024-08
826,2024-01,free,organic,2024-09
826,2024-01,free,organic,2024-10
826,2024-01,free,organic,2024-11
826,2024-01,free,organic,2024-12
826,2024-01,free,organic,2025-01
826,2024-01,free,organic,2025-02
826,2024-01,free,organic,2025-03
827,2024-07,enterprise,referral,2024-07
827,2024-07,enterprise,referral,2024-08
827,2024-07,enterprise,referral,2024-09
827,2024-07,enterprise,referral,2024-10
827,2024-07,enterprise,referral,2024-11
827,2024-07,enterprise,referral,2024-12
827,2024-07,enterprise,referral,2025-01
827,2024-07,enterprise,referral,2025-02
827,2024-07,enterprise,referral,2025-03
828,2024-09,free,organic,2024-09
829,2024-08,free,paid_search,2024-08
829,2024-08,free,paid_search,2024-09
830,2024-01,free,organic,2024-01
830,2024-01,free,organic,2024-02
830,2024-01,free,organic,2024-03
830,2024-01,free,organic,2024-04
830,2024-01,free,organic,2024-05
830,2024-01,free,organic,2024-06
831,2024-03,free,referral,2024-03
831,2024-03,free,referral,2024-04
831,2024-03,free,referral,2024-05
831,2024-03,free,referral,2024-06
831,2024-03,free,referral,2024-07
831,2024-03,free,referral,2024-08
831,2024-03,free,referral,2024-09
832,2024-03,free,referral,2024-03
832,2024-03,free,referral,2024-04
832,2024-03,free,referral,2024-05
833,2024-05,starter,referral,2024-05
833,2024-05,starter,referral,2024-06
834,2024-02,free,content,2024-02
834,2024-02,free,content,2024-03
834,2024-02,free,content,2024-04
834,2024-02,free,content,2024-05
834,2024-02,free,content,2024-06
834,2024-02,free,content,2024-07
834,2024-02,free,content,2024-08
834,2024-02,free,content,2024-09
834,2024-02,free,content,2024-10
835,2024-08,starter,referral,2024-08
835,2024-08,starter,referral,2024-09
835,2024-08,starter,referral,2024-10
836,2024-07,free,referral,2024-07
836,2024-07,free,referral,2024-08
837,2024-08,free,paid_search,2024-08
838,2024-02,free,content,2024-02
838,2024-02,free,content,2024-03
838,2024-02,free,content,2024-04
839,2024-01,starter,paid_search,2024-01
839,2024-01,starter,paid_search,2024-02
840,2024-09,free,content,2024-09
841,2024-03,free,organic,2024-03
841,2024-03,free,organic,2024-04
841,2024-03,free,organic,2024-05
841,2024-03,free,organic,2024-06
841,2024-03,free,organic,2024-07
841,2024-03,free,organic,2024-08
842,2024-06,pro,paid_search,2024-06
842,2024-06,pro,paid_search,2024-07
842,2024-06,pro,paid_search,2024-08
842,2024-06,pro,paid_search,2024-09
842,2024-06,pro,paid_search,2024-10
843,2024-09,free,referral,2024-09
843,2024-09,free,referral,2024-10
844,2024-01,free,organic,2024-01
844,2024-01,free,organic,2024-02
844,2024-01,free,organic,2024-03
844,2024-01,free,organic,2024-04
844,2024-01,free,organic,2024-05
844,2024-01,free,organic,2024-06
845,2024-01,pro,organic,2024-01
845,2024-01,pro,organic,2024-02
845,2024-01,pro,organic,2024-03
845,2024-01,pro,organic,2024-04
845,2024-01,pro,organic,2024-05
845,2024-01,pro,organic,2024-06
845,2024-01,pro,organic,2024-07
845,2024-01,pro,organic,2024-08
846,2024-01,free,content,2024-01
846,2024-01,free,content,2024-02
846,2024-01,free,content,2024-03
847,2024-02,free,paid_search,2024-02
847,2024-02,free,paid_search,2024-03
848,2024-01,free,organic,2024-01
848,2024-01,free,organic,2024-02
849,2024-08,free,organic,2024-08
850,2024-06,free,paid_search,2024-06
851,2024-09,starter,paid_search,2024-09
852,2024-08,free,content,2024-08
853,2024-09,starter,content,2024-09
853,2024-09,starter,content,2024-10
854,2024-03,pro,referral,2024-03
854,2024-03,pro,referral,2024-04
854,2024-03,pro,referral,2024-05
854,2024-03,pro,referral,2024-06
854,2024-03,pro,referral,2024-07
854,2024-03,pro,referral,2024-08
854,2024-03,pro,referral,2024-09
854,2024-03,pro,referral,2024-10
854,2024-03,pro,referral,2024-11
854,2024-03,pro,referral,2024-12
854,2024-03,pro,referral,2025-01
855,2024-03,starter,referral,2024-03
855,2024-03,starter,referral,2024-04
855,2024-03,starter,referral,2024-05
855,2024-03,starter,referral,2024-06
855,2024-03,starter,referral,2024-07
855,2024-03,starter,referral,2024-08
855,2024-03,starter,referral,2024-09
855,2024-03,starter,referral,2024-10
855,2024-03,starter,referral,2024-11
855,2024-03,starter,referral,2024-12
855,2024-03,starter,referral,2025-01
855,2024-03,starter,referral,2025-02
855,2024-03,starter,referral,2025-03
856,2024-08,starter,organic,2024-08
856,2024-08,starter,organic,2024-09
856,2024-08,starter,organic,2024-10
856,2024-08,starter,organic,2024-11
856,2024-08,starter,organic,2024-12
856,2024-08,starter,organic,2025-01
856,2024-08,starter,organic,2025-02
856,2024-08,starter,organic,2025-03
857,2024-03,starter,content,2024-03
858,2024-01,enterprise,organic,2024-01
858,2024-01,enterprise,organic,2024-02
858,2024-01,enterprise,organic,2024-03
858,2024-01,enterprise,organic,2024-04
858,2024-01,enterprise,organic,2024-05
858,2024-01,enterprise,organic,2024-06
858,2024-01,enterprise,organic,2024-07
858,2024-01,enterprise,organic,2024-08
858,2024-01,enterprise,organic,2024-09
858,2024-01,enterprise,organic,2024-10
858,2024-01,enterprise,organic,2024-11
858,2024-01,enterprise,organic,2024-12
858,2024-01,enterprise,organic,2025-01
858,2024-01,enterprise,organic,2025-02
858,2024-01,enterprise,organic,2025-03
859,2024-07,free,organic,2024-07
859,2024-07,free,organic,2024-08
860,2024-08,free,content,2024-08
860,2024-08,free,content,2024-09
861,2024-09,free,content,2024-09
862,2024-09,free,organic,2024-09
862,2024-09,free,organic,2024-10
862,2024-09,free,organic,2024-11
862,2024-09,free,organic,2024-12
863,2024-02,free,referral,2024-02
863,2024-02,free,referral,2024-03
863,2024-02,free,referral,2024-04
863,2024-02,free,referral,2024-05
864,2024-07,starter,paid_search,2024-07
864,2024-07,starter,paid_search,2024-08
864,2024-07,starter,paid_search,2024-09
865,2024-08,free,organic,2024-08
865,2024-08,free,organic,2024-09
865,2024-08,free,organic,2024-10
865,2024-08,free,organic,2024-11
865,2024-08,free,organic,2024-12
865,2024-08,free,organic,2025-01
865,2024-08,free,organic,2025-02
865,2024-08,free,organic,2025-03
866,2024-07,pro,organic,2024-07
866,2024-07,pro,organic,2024-08
866,2024-07,pro,organic,2024-09
866,2024-07,pro,organic,2024-10
866,2024-07,pro,organic,2024-11
866,2024-07,pro,organic,2024-12
866,2024-07,pro,organic,2025-01
866,2024-07,pro,organic,2025-02
866,2024-07,pro,organic,2025-03
867,2024-08,free,organic,2024-08
868,2024-08,free,paid_search,2024-08
868,2024-08,free,paid_search,2024-09
869,2024-05,free,paid_search,2024-05
870,2024-01,free,paid_search,2024-01
870,2024-01,free,paid_search,2024-02
870,2024-01,free,paid_search,2024-03
870,2024-01,free,paid_search,2024-04
870,2024-01,free,paid_search,2024-05
871,2024-05,free,organic,2024-05
872,2024-02,free,content,2024-02
872,2024-02,free,content,2024-03
872,2024-02,free,content,2024-04
873,2024-02,free,paid_search,2024-02
873,2024-02,free,paid_search,2024-03
874,2024-02,free,content,2024-02
874,2024-02,free,content,2024-03
874,2024-02,free,content,2024-04
874,2024-02,free,content,2024-05
874,2024-02,free,content,2024-06
874,2024-02,free,content,2024-07
874,2024-02,free,content,2024-08
874,2024-02,free,content,2024-09
874,2024-02,free,content,2024-10
875,2024-07,free,organic,2024-07
876,2024-05,free,paid_search,2024-05
877,2024-05,free,referral,2024-05
878,2024-07,free,organic,2024-07
878,2024-07,free,organic,2024-08
878,2024-07,free,organic,2024-09
878,2024-07,free,organic,2024-10
878,2024-07,free,organic,2024-11
879,2024-05,free,organic,2024-05
879,2024-05,free,organic,2024-06
879,2024-05,free,organic,2024-07
879,2024-05,free,organic,2024-08
879,2024-05,free,organic,2024-09
879,2024-05,free,organic,2024-10
879,2024-05,free,organic,2024-11
879,2024-05,free,organic,2024-12
879,2024-05,free,organic,2025-01
879,2024-05,free,organic,2025-02
880,2024-06,free,organic,2024-06
880,2024-06,free,organic,2024-07
880,2024-06,free,organic,2024-08
880,2024-06,free,organic,2024-09
880,2024-06,free,organic,2024-10
880,2024-06,free,organic,2024-11
880,2024-06,free,organic,2024-12
880,2024-06,free,organic,2025-01
880,2024-06,free,organic,2025-02
880,2024-06,free,organic,2025-03
881,2024-01,free,organic,2024-01
881,2024-01,free,organic,2024-02
881,2024-01,free,organic,2024-03
881,2024-01,free,organic,2024-04
881,2024-01,free,organic,2024-05
882,2024-08,starter,paid_search,2024-08
882,2024-08,starter,paid_search,2024-09
883,2024-05,enterprise,organic,2024-05
884,2024-02,pro,organic,2024-02
884,2024-02,pro,organic,2024-03
884,2024-02,pro,organic,2024-04
884,2024-02,pro,organic,2024-05
884,2024-02,pro,organic,2024-06
884,2024-02,pro,organic,2024-07
884,2024-02,pro,organic,2024-08
884,2024-02,pro,organic,2024-09
885,2024-08,free,paid_search,2024-08
885,2024-08,free,paid_search,2024-09
885,2024-08,free,paid_search,2024-10
885,2024-08,free,paid_search,2024-11
885,2024-08,free,paid_search,2024-12
886,2024-07,free,organic,2024-07
887,2024-01,free,organic,2024-01
888,2024-02,starter,referral,2024-02
888,2024-02,starter,referral,2024-03
888,2024-02,starter,referral,2024-04
888,2024-02,starter,referral,2024-05
888,2024-02,starter,referral,2024-06
889,2024-01,starter,organic,2024-01
889,2024-01,starter,organic,2024-02
889,2024-01,starter,organic,2024-03
889,2024-01,starter,organic,2024-04
889,2024-01,starter,organic,2024-05
889,2024-01,starter,organic,2024-06
889,2024-01,starter,organic,2024-07
889,2024-01,starter,organic,2024-08
889,2024-01,starter,organic,2024-09
889,2024-01,starter,organic,2024-10
889,2024-01,starter,organic,2024-11
889,2024-01,starter,organic,2024-12
890,2024-03,pro,organic,2024-03
891,2024-01,pro,organic,2024-01
891,2024-01,pro,organic,2024-02
891,2024-01,pro,organic,2024-03
891,2024-01,pro,organic,2024-04
891,2024-01,pro,organic,2024-05
891,2024-01,pro,organic,2024-06
891,2024-01,pro,organic,2024-07
891,2024-01,pro,organic,2024-08
891,2024-01,pro,organic,2024-09
891,2024-01,pro,organic,2024-10
891,2024-01,pro,organic,2024-11
891,2024-01,pro,organic,2024-12
891,2024-01,pro,organic,2025-01
891,2024-01,pro,organic,2025-02
891,2024-01,pro,organic,2025-03
892,2024-07,free,organic,2024-07
892,2024-07,free,organic,2024-08
892,2024-07,free,organic,2024-09
892,2024-07,free,organic,2024-10
892,2024-07,free,organic,2024-11
892,2024-07,free,organic,2024-12
892,2024-07,free,organic,2025-01
892,2024-07,free,organic,2025-02
892,2024-07,free,organic,2025-03
893,2024-05,starter,paid_search,2024-05
893,2024-05,starter,paid_search,2024-06
894,2024-09,starter,organic,2024-09
894,2024-09,starter,organic,2024-10
894,2024-09,starter,organic,2024-11
894,2024-09,starter,organic,2024-12
894,2024-09,starter,organic,2025-01
894,2024-09,starter,organic,2025-02
895,2024-07,free,organic,2024-07
895,2024-07,free,organic,2024-08
896,2024-06,pro,content,2024-06
896,2024-06,pro,content,2024-07
896,2024-06,pro,content,2024-08
896,2024-06,pro,content,2024-09
896,2024-06,pro,content,2024-10
896,2024-06,pro,content,2024-11
896,2024-06,pro,content,2024-12
896,2024-06,pro,content,2025-01
896,2024-06,pro,content,2025-02
896,2024-06,pro,content,2025-03
897,2024-05,free,content,2024-05
897,2024-05,free,content,2024-06
897,2024-05,free,content,2024-07
897,2024-05,free,content,2024-08
897,2024-05,free,content,2024-09
898,2024-01,enterprise,organic,2024-01
898,2024-01,enterprise,organic,2024-02
898,2024-01,enterprise,organic,2024-03
898,2024-01,enterprise,organic,2024-04
898,2024-01,enterprise,organic,2024-05
898,2024-01,enterprise,organic,2024-06
898,2024-01,enterprise,organic,2024-07
898,2024-01,enterprise,organic,2024-08
898,2024-01,enterprise,organic,2024-09
898,2024-01,enterprise,organic,2024-10
898,2024-01,enterprise,organic,2024-11
898,2024-01,enterprise,organic,2024-12
898,2024-01,enterprise,organic,2025-01
898,2024-01,enterprise,organic,2025-02
898,2024-01,enterprise,organic,2025-03
899,2024-01,starter,organic,2024-01
899,2024-01,starter,organic,2024-02
899,2024-01,starter,organic,2024-03
899,2024-01,starter,organic,2024-04
899,2024-01,starter,organic,2024-05
899,2024-01,starter,organic,2024-06
899,2024-01,starter,organic,2024-07
899,2024-01,starter,organic,2024-08
899,2024-01,starter,organic,2024-09
899,2024-01,starter,organic,2024-10
900,2024-06,free,paid_search,2024-06
900,2024-06,free,paid_search,2024-07
900,2024-06,free,paid_search,2024-08
901,2024-01,starter,referral,2024-01
901,2024-01,starter,referral,2024-02
901,2024-01,starter,referral,2024-03
901,2024-01,starter,referral,2024-04
901,2024-01,starter,referral,2024-05
901,2024-01,starter,referral,2024-06
901,2024-01,starter,referral,2024-07
901,2024-01,starter,referral,2024-08
901,2024-01,starter,referral,2024-09
901,2024-01,starter,referral,2024-10
901,2024-01,starter,referral,2024-11
901,2024-01,starter,referral,2024-12
901,2024-01,starter,referral,2025-01
902,2024-01,free,referral,2024-01
902,2024-01,free,referral,2024-02
902,2024-01,free,referral,2024-03
903,2024-02,starter,organic,2024-02
903,2024-02,starter,organic,2024-03
903,2024-02,starter,organic,2024-04
903,2024-02,starter,organic,2024-05
903,2024-02,starter,organic,2024-06
903,2024-02,starter,organic,2024-07
904,2024-08,starter,organic,2024-08
904,2024-08,starter,organic,2024-09
904,2024-08,starter,organic,2024-10
904,2024-08,starter,organic,2024-11
904,2024-08,starter,organic,2024-12
904,2024-08,starter,organic,2025-01
905,2024-05,starter,paid_search,2024-05
905,2024-05,starter,paid_search,2024-06
906,2024-07,pro,content,2024-07
906,2024-07,pro,content,2024-08
906,2024-07,pro,content,2024-09
906,2024-07,pro,content,2024-10
906,2024-07,pro,content,2024-11
906,2024-07,pro,content,2024-12
906,2024-07,pro,content,2025-01
906,2024-07,pro,content,2025-02
906,2024-07,pro,content,2025-03
907,2024-04,free,content,2024-04
908,2024-02,free,organic,2024-02
909,2024-04,free,paid_search,2024-04
909,2024-04,free,paid_search,2024-05
910,2024-01,free,organic,2024-01
910,2024-01,free,organic,2024-02
911,2024-07,free,referral,2024-07
911,2024-07,free,referral,2024-08
911,2024-07,free,referral,2024-09
911,2024-07,free,referral,2024-10
911,2024-07,free,referral,2024-11
911,2024-07,free,referral,2024-12
911,2024-07,free,referral,2025-01
912,2024-02,free,content,2024-02
912,2024-02,free,content,2024-03
912,2024-02,free,content,2024-04
912,2024-02,free,content,2024-05
912,2024-02,free,content,2024-06
912,2024-02,free,content,2024-07
912,2024-02,free,content,2024-08
913,2024-04,free,paid_search,2024-04
913,2024-04,free,paid_search,2024-05
914,2024-09,free,organic,2024-09
914,2024-09,free,organic,2024-10
914,2024-09,free,organic,2024-11
914,2024-09,free,organic,2024-12
914,2024-09,free,organic,2025-01
915,2024-06,pro,paid_search,2024-06
915,2024-06,pro,paid_search,2024-07
915,2024-06,pro,paid_search,2024-08
915,2024-06,pro,paid_search,2024-09
915,2024-06,pro,paid_search,2024-10
916,2024-05,free,paid_search,2024-05
917,2024-05,pro,referral,2024-05
918,2024-08,free,organic,2024-08
919,2024-03,free,content,2024-03
920,2024-06,free,organic,2024-06
921,2024-08,free,organic,2024-08
921,2024-08,free,organic,2024-09
921,2024-08,free,organic,2024-10
921,2024-08,free,organic,2024-11
921,2024-08,free,organic,2024-12
921,2024-08,free,organic,2025-01
921,2024-08,free,organic,2025-02
921,2024-08,free,organic,2025-03
922,2024-06,free,organic,2024-06
922,2024-06,free,organic,2024-07
922,2024-06,free,organic,2024-08
922,2024-06,free,organic,2024-09
922,2024-06,free,organic,2024-10
922,2024-06,free,organic,2024-11
923,2024-05,free,organic,2024-05
924,2024-02,free,organic,2024-02
924,2024-02,free,organic,2024-03
924,2024-02,free,organic,2024-04
924,2024-02,free,organic,2024-05
924,2024-02,free,organic,2024-06
924,2024-02,free,organic,2024-07
925,2024-03,free,referral,2024-03
925,2024-03,free,referral,2024-04
925,2024-03,free,referral,2024-05
925,2024-03,free,referral,2024-06
925,2024-03,free,referral,2024-07
925,2024-03,free,referral,2024-08
925,2024-03,free,referral,2024-09
926,2024-09,free,organic,2024-09
926,2024-09,free,organic,2024-10
926,2024-09,free,organic,2024-11
927,2024-05,free,organic,2024-05
927,2024-05,free,organic,2024-06
928,2024-03,pro,organic,2024-03
928,2024-03,pro,organic,2024-04
928,2024-03,pro,organic,2024-05
928,2024-03,pro,organic,2024-06
929,2024-04,free,organic,2024-04
929,2024-04,free,organic,2024-05
929,2024-04,free,organic,2024-06
930,2024-06,enterprise,content,2024-06
930,2024-06,enterprise,content,2024-07
930,2024-06,enterprise,content,2024-08
930,2024-06,enterprise,content,2024-09
930,2024-06,enterprise,content,2024-10
930,2024-06,enterprise,content,2024-11
930,2024-06,enterprise,content,2024-12
930,2024-06,enterprise,content,2025-01
931,2024-05,starter,content,2024-05
932,2024-07,enterprise,organic,2024-07
932,2024-07,enterprise,organic,2024-08
932,2024-07,enterprise,organic,2024-09
932,2024-07,enterprise,organic,2024-10
932,2024-07,enterprise,organic,2024-11
932,2024-07,enterprise,organic,2024-12
932,2024-07,enterprise,organic,2025-01
932,2024-07,enterprise,organic,2025-02
932,2024-07,enterprise,organic,2025-03
933,2024-03,pro,referral,2024-03
933,2024-03,pro,referral,2024-04
933,2024-03,pro,referral,2024-05
933,2024-03,pro,referral,2024-06
933,2024-03,pro,referral,2024-07
934,2024-06,free,referral,2024-06
934,2024-06,free,referral,2024-07
934,2024-06,free,referral,2024-08
934,2024-06,free,referral,2024-09
934,2024-06,free,referral,2024-10
934,2024-06,free,referral,2024-11
935,2024-04,free,content,2024-04
935,2024-04,free,content,2024-05
935,2024-04,free,content,2024-06
935,2024-04,free,content,2024-07
936,2024-09,free,organic,2024-09
937,2024-02,starter,organic,2024-02
938,2024-02,free,paid_search,2024-02
938,2024-02,free,paid_search,2024-03
939,2024-05,free,content,2024-05
939,2024-05,free,content,2024-06
939,2024-05,free,content,2024-07
940,2024-05,pro,referral,2024-05
940,2024-05,pro,referral,2024-06
941,2024-07,free,paid_search,2024-07
941,2024-07,free,paid_search,2024-08
941,2024-07,free,paid_search,2024-09
941,2024-07,free,paid_search,2024-10
942,2024-04,free,organic,2024-04
942,2024-04,free,organic,2024-05
943,2024-09,starter,referral,2024-09
943,2024-09,starter,referral,2024-10
943,2024-09,starter,referral,2024-11
943,2024-09,starter,referral,2024-12
943,2024-09,starter,referral,2025-01
943,2024-09,starter,referral,2025-02
943,2024-09,starter,referral,2025-03
944,2024-05,free,content,2024-05
945,2024-02,free,paid_search,2024-02
945,2024-02,free,paid_search,2024-03
945,2024-02,free,paid_search,2024-04
946,2024-02,starter,referral,2024-02
946,2024-02,starter,referral,2024-03
946,2024-02,starter,referral,2024-04
946,2024-02,starter,referral,2024-05
946,2024-02,starter,referral,2024-06
946,2024-02,starter,referral,2024-07
946,2024-02,starter,referral,2024-08
946,2024-02,starter,referral,2024-09
946,2024-02,starter,referral,2024-10
946,2024-02,starter,referral,2024-11
946,2024-02,starter,referral,2024-12
946,2024-02,starter,referral,2025-01
946,2024-02,starter,referral,2025-02
946,2024-02,starter,referral,2025-03
947,2024-09,free,paid_search,2024-09
948,2024-02,free,paid_search,2024-02
948,2024-02,free,paid_search,2024-03
948,2024-02,free,paid_search,2024-04
949,2024-09,free,paid_search,2024-09
950,2024-03,starter,referral,2024-03
951,2024-01,free,content,2024-01
952,2024-03,pro,paid_search,2024-03
952,2024-03,pro,paid_search,2024-04
952,2024-03,pro,paid_search,2024-05
952,2024-03,pro,paid_search,2024-06
953,2024-06,pro,organic,2024-06
953,2024-06,pro,organic,2024-07
953,2024-06,pro,organic,2024-08
953,2024-06,pro,organic,2024-09
953,2024-06,pro,organic,2024-10
953,2024-06,pro,organic,2024-11
953,2024-06,pro,organic,2024-12
953,2024-06,pro,organic,2025-01
953,2024-06,pro,organic,2025-02
954,2024-04,free,paid_search,2024-04
954,2024-04,free,paid_search,2024-05
954,2024-04,free,paid_search,2024-06
954,2024-04,free,paid_search,2024-07
954,2024-04,free,paid_search,2024-08
954,2024-04,free,paid_search,2024-09
954,2024-04,free,paid_search,2024-10
954,2024-04,free,paid_search,2024-11
954,2024-04,free,paid_search,2024-12
954,2024-04,free,paid_search,2025-01
954,2024-04,free,paid_search,2025-02
955,2024-08,free,organic,2024-08
955,2024-08,free,organic,2024-09
955,2024-08,free,organic,2024-10
956,2024-06,free,organic,2024-06
956,2024-06,free,organic,2024-07
956,2024-06,free,organic,2024-08
957,2024-04,starter,organic,2024-04
957,2024-04,starter,organic,2024-05
957,2024-04,starter,organic,2024-06
957,2024-04,starter,organic,2024-07
957,2024-04,starter,organic,2024-08
957,2024-04,starter,organic,2024-09
957,2024-04,starter,organic,2024-10
957,2024-04,starter,organic,2024-11
957,2024-04,starter,organic,2024-12
957,2024-04,starter,organic,2025-01
957,2024-04,starter,organic,2025-02
957,2024-04,starter,organic,2025-03
958,2024-06,free,paid_search,2024-06
959,2024-09,free,organic,2024-09
959,2024-09,free,organic,2024-10
959,2024-09,free,organic,2024-11
959,2024-09,free,organic,2024-12
959,2024-09,free,organic,2025-01
959,2024-09,free,organic,2025-02
960,2024-04,free,organic,2024-04
960,2024-04,free,organic,2024-05
960,2024-04,free,organic,2024-06
960,2024-04,free,organic,2024-07
960,2024-04,free,organic,2024-08
960,2024-04,free,organic,2024-09
961,2024-02,enterprise,referral,2024-02
961,2024-02,enterprise,referral,2024-03
961,2024-02,enterprise,referral,2024-04
961,2024-02,enterprise,referral,2024-05
961,2024-02,enterprise,referral,2024-06
961,2024-02,enterprise,referral,2024-07
961,2024-02,enterprise,referral,2024-08
961,2024-02,enterprise,referral,2024-09
961,2024-02,enterprise,referral,2024-10
961,2024-02,enterprise,referral,2024-11
961,2024-02,enterprise,referral,2024-12
961,2024-02,enterprise,referral,2025-01
961,2024-02,enterprise,referral,2025-02
961,2024-02,enterprise,referral,2025-03
962,2024-04,free,organic,2024-04
962,2024-04,free,organic,2024-05
963,2024-08,pro,paid_search,2024-08
963,2024-08,pro,paid_search,2024-09
963,2024-08,pro,paid_search,2024-10
963,2024-08,pro,paid_search,2024-11
963,2024-08,pro,paid_search,2024-12
963,2024-08,pro,paid_search,2025-01
963,2024-08,pro,paid_search,2025-02
963,2024-08,pro,paid_search,2025-03
964,2024-02,free,content,2024-02
965,2024-09,pro,paid_search,2024-09
965,2024-09,pro,paid_search,2024-10
965,2024-09,pro,paid_search,2024-11
965,2024-09,pro,paid_search,2024-12
965,2024-09,pro,paid_search,2025-01
965,2024-09,pro,paid_search,2025-02
965,2024-09,pro,paid_search,2025-03
966,2024-06,free,organic,2024-06
966,2024-06,free,organic,2024-07
966,2024-06,free,organic,2024-08
966,2024-06,free,organic,2024-09
967,2024-06,free,organic,2024-06
967,2024-06,free,organic,2024-07
967,2024-06,free,organic,2024-08
967,2024-06,free,organic,2024-09
967,2024-06,free,organic,2024-10
968,2024-03,pro,paid_search,2024-03
968,2024-03,pro,paid_search,2024-04
968,2024-03,pro,paid_search,2024-05
968,2024-03,pro,paid_search,2024-06
968,2024-03,pro,paid_search,2024-07
968,2024-03,pro,paid_search,2024-08
969,2024-09,pro,paid_search,2024-09
969,2024-09,pro,paid_search,2024-10
969,2024-09,pro,paid_search,2024-11
969,2024-09,pro,paid_search,2024-12
969,2024-09,pro,paid_search,2025-01
969,2024-09,pro,paid_search,2025-02
969,2024-09,pro,paid_search,2025-03
970,2024-01,free,organic,2024-01
970,2024-01,free,organic,2024-02
970,2024-01,free,organic,2024-03
970,2024-01,free,organic,2024-04
970,2024-01,free,organic,2024-05
970,2024-01,free,organic,2024-06
970,2024-01,free,organic,2024-07
970,2024-01,free,organic,2024-08
970,2024-01,free,organic,2024-09
970,2024-01,free,organic,2024-10
970,2024-01,free,organic,2024-11
970,2024-01,free,organic,2024-12
970,2024-01,free,organic,2025-01
971,2024-03,free,paid_search,2024-03
972,2024-04,free,paid_search,2024-04
973,2024-05,free,organic,2024-05
974,2024-05,free,paid_search,2024-05
975,2024-02,pro,organic,2024-02
975,2024-02,pro,organic,2024-03
975,2024-02,pro,organic,2024-04
975,2024-02,pro,organic,2024-05
975,2024-02,pro,organic,2024-06
975,2024-02,pro,organic,2024-07
975,2024-02,pro,organic,2024-08
975,2024-02,pro,organic,2024-09
975,2024-02,pro,organic,2024-10
975,2024-02,pro,organic,2024-11
975,2024-02,pro,organic,2024-12
975,2024-02,pro,organic,2025-01
975,2024-02,pro,organic,2025-02
975,2024-02,pro,organic,2025-03
976,2024-03,free,organic,2024-03
976,2024-03,free,organic,2024-04
976,2024-03,free,organic,2024-05
976,2024-03,free,organic,2024-06
976,2024-03,free,organic,2024-07
976,2024-03,free,organic,2024-08
976,2024-03,free,organic,2024-09
976,2024-03,free,organic,2024-10
977,2024-01,starter,referral,2024-01
977,2024-01,starter,referral,2024-02
977,2024-01,starter,referral,2024-03
977,2024-01,starter,referral,2024-04
978,2024-06,free,organic,2024-06
979,2024-04,free,paid_search,2024-04
980,2024-06,starter,paid_search,2024-06
981,2024-06,free,organic,2024-06
981,2024-06,free,organic,2024-07
981,2024-06,free,organic,2024-08
981,2024-06,free,organic,2024-09
982,2024-07,starter,content,2024-07
982,2024-07,starter,content,2024-08
982,2024-07,starter,content,2024-09
983,2024-05,free,organic,2024-05
984,2024-06,pro,organic,2024-06
985,2024-06,starter,content,2024-06
985,2024-06,starter,content,2024-07
985,2024-06,starter,content,2024-08
985,2024-06,starter,content,2024-09
985,2024-06,starter,content,2024-10
985,2024-06,starter,content,2024-11
985,2024-06,starter,content,2024-12
985,2024-06,starter,content,2025-01
985,2024-06,starter,content,2025-02
985,2024-06,starter,content,2025-03
986,2024-06,pro,referral,2024-06
986,2024-06,pro,referral,2024-07
986,2024-06,pro,referral,2024-08
986,2024-06,pro,referral,2024-09
986,2024-06,pro,referral,2024-10
986,2024-06,pro,referral,2024-11
986,2024-06,pro,referral,2024-12
986,2024-06,pro,referral,2025-01
986,2024-06,pro,referral,2025-02
987,2024-06,free,referral,2024-06
987,2024-06,free,referral,2024-07
988,2024-03,free,organic,2024-03
988,2024-03,free,organic,2024-04
989,2024-03,free,organic,2024-03
989,2024-03,free,organic,2024-04
989,2024-03,free,organic,2024-05
990,2024-08,free,paid_search,2024-08
991,2024-04,free,organic,2024-04
991,2024-04,free,organic,2024-05
991,2024-04,free,organic,2024-06
991,2024-04,free,organic,2024-07
992,2024-05,free,organic,2024-05
993,2024-02,free,referral,2024-02
993,2024-02,free,referral,2024-03
993,2024-02,free,referral,2024-04
993,2024-02,free,referral,2024-05
993,2024-02,free,referral,2024-06
993,2024-02,free,referral,2024-07
993,2024-02,free,referral,2024-08
994,2024-04,free,organic,2024-04
994,2024-04,free,organic,2024-05
994,2024-04,free,organic,2024-06
994,2024-04,free,organic,2024-07
994,2024-04,free,organic,2024-08
995,2024-05,free,organic,2024-05
996,2024-06,free,organic,2024-06
996,2024-06,free,organic,2024-07
996,2024-06,free,organic,2024-08
996,2024-06,free,organic,2024-09
996,2024-06,free,organic,2024-10
996,2024-06,free,organic,2024-11
996,2024-06,free,organic,2024-12
996,2024-06,free,organic,2025-01
997,2024-05,free,paid_search,2024-05
998,2024-04,starter,paid_search,2024-04
999,2024-09,free,content,2024-09
999,2024-09,free,content,2024-10
999,2024-09,free,content,2024-11
1000,2024-05,free,organic,2024-05
1001,2024-08,free,organic,2024-08
1002,2024-07,starter,paid_search,2024-07
1002,2024-07,starter,paid_search,2024-08
1002,2024-07,starter,paid_search,2024-09
1002,2024-07,starter,paid_search,2024-10
1002,2024-07,starter,paid_search,2024-11
1002,2024-07,starter,paid_search,2024-12
1002,2024-07,starter,paid_search,2025-01
1002,2024-07,starter,paid_search,2025-02
1002,2024-07,starter,paid_search,2025-03
1003,2024-06,free,paid_search,2024-06
1004,2024-08,free,paid_search,2024-08
1004,2024-08,free,paid_search,2024-09
1005,2024-02,enterprise,content,2024-02
1005,2024-02,enterprise,content,2024-03
1005,2024-02,enterprise,content,2024-04
1005,2024-02,enterprise,content,2024-05
1006,2024-09,free,paid_search,2024-09
1006,2024-09,free,paid_search,2024-10
1007,2024-08,pro,paid_search,2024-08
1007,2024-08,pro,paid_search,2024-09
1007,2024-08,pro,paid_search,2024-10
1007,2024-08,pro,paid_search,2024-11
1008,2024-05,starter,content,2024-05
1008,2024-05,starter,content,2024-06
1009,2024-07,free,organic,2024-07
1009,2024-07,free,organic,2024-08
1010,2024-05,free,content,2024-05
1011,2024-03,starter,paid_search,2024-03
1011,2024-03,starter,paid_search,2024-04
1011,2024-03,starter,paid_search,2024-05
1012,2024-08,enterprise,paid_search,2024-08
1012,2024-08,enterprise,paid_search,2024-09
1012,2024-08,enterprise,paid_search,2024-10
1012,2024-08,enterprise,paid_search,2024-11
1012,2024-08,enterprise,paid_search,2024-12
1012,2024-08,enterprise,paid_search,2025-01
1012,2024-08,enterprise,paid_search,2025-02
1012,2024-08,enterprise,paid_search,2025-03
1013,2024-03,free,content,2024-03
1013,2024-03,free,content,2024-04
1013,2024-03,free,content,2024-05
1014,2024-03,free,paid_search,2024-03
1015,2024-05,free,paid_search,2024-05
1016,2024-08,free,organic,2024-08
1016,2024-08,free,organic,2024-09
1016,2024-08,free,organic,2024-10
1016,2024-08,free,organic,2024-11
1016,2024-08,free,organic,2024-12
1017,2024-04,starter,referral,2024-04
1017,2024-04,starter,referral,2024-05
1017,2024-04,starter,referral,2024-06
1018,2024-05,free,paid_search,2024-05
1018,2024-05,free,paid_search,2024-06
1018,2024-05,free,paid_search,2024-07
1018,2024-05,free,paid_search,2024-08
1018,2024-05,free,paid_search,2024-09
1019,2024-01,starter,organic,2024-01
1019,2024-01,starter,organic,2024-02
1019,2024-01,starter,organic,2024-03
1019,2024-01,starter,organic,2024-04
1019,2024-01,starter,organic,2024-05
1019,2024-01,starter,organic,2024-06
1019,2024-01,starter,organic,2024-07
1019,2024-01,starter,organic,2024-08
1019,2024-01,starter,organic,2024-09
1019,2024-01,starter,organic,2024-10
1019,2024-01,starter,organic,2024-11
1019,2024-01,starter,organic,2024-12
1019,2024-01,starter,organic,2025-01
1019,2024-01,starter,organic,2025-02
1019,2024-01,starter,organic,2025-03
1020,2024-02,pro,referral,2024-02
1020,2024-02,pro,referral,2024-03
1020,2024-02,pro,referral,2024-04
1020,2024-02,pro,referral,2024-05
1020,2024-02,pro,referral,2024-06
1020,2024-02,pro,referral,2024-07
1020,2024-02,pro,referral,2024-08
1020,2024-02,pro,referral,2024-09
1020,2024-02,pro,referral,2024-10
1020,2024-02,pro,referral,2024-11
1020,2024-02,pro,referral,2024-12
1020,2024-02,pro,referral,2025-01
1020,2024-02,pro,referral,2025-02
1020,2024-02,pro,referral,2025-03
1021,2024-01,starter,paid_search,2024-01
1021,2024-01,starter,paid_search,2024-02
1021,2024-01,starter,paid_search,2024-03
1021,2024-01,starter,paid_search,2024-04
1021,2024-01,starter,paid_search,2024-05
1022,2024-01,starter,paid_search,2024-01
1022,2024-01,starter,paid_search,2024-02
1022,2024-01,starter,paid_search,2024-03
1022,2024-01,starter,paid_search,2024-04
1022,2024-01,starter,paid_search,2024-05
1022,2024-01,starter,paid_search,2024-06
1022,2024-01,starter,paid_search,2024-07
1022,2024-01,starter,paid_search,2024-08
1022,2024-01,starter,paid_search,2024-09
1023,2024-08,starter,organic,2024-08
1023,2024-08,starter,organic,2024-09
1023,2024-08,starter,organic,2024-10
1023,2024-08,starter,organic,2024-11
1023,2024-08,starter,organic,2024-12
1023,2024-08,starter,organic,2025-01
1023,2024-08,starter,organic,2025-02
1023,2024-08,starter,organic,2025-03
1024,2024-08,pro,paid_search,2024-08
1024,2024-08,pro,paid_search,2024-09
1024,2024-08,pro,paid_search,2024-10
1024,2024-08,pro,paid_search,2024-11
1024,2024-08,pro,paid_search,2024-12
1024,2024-08,pro,paid_search,2025-01
1024,2024-08,pro,paid_search,2025-02
1024,2024-08,pro,paid_search,2025-03
1025,2024-08,pro,organic,2024-08
1025,2024-08,pro,organic,2024-09
1025,2024-08,pro,organic,2024-10
1025,2024-08,pro,organic,2024-11
1025,2024-08,pro,organic,2024-12
1025,2024-08,pro,organic,2025-01
1026,2024-01,free,organic,2024-01
1026,2024-01,free,organic,2024-02
1027,2024-01,free,paid_search,2024-01
1028,2024-03,free,organic,2024-03
1028,2024-03,free,organic,2024-04
1028,2024-03,free,organic,2024-05
1028,2024-03,free,organic,2024-06
1029,2024-06,pro,organic,2024-06
1029,2024-06,pro,organic,2024-07
1029,2024-06,pro,organic,2024-08
1029,2024-06,pro,organic,2024-09
1029,2024-06,pro,organic,2024-10
1029,2024-06,pro,organic,2024-11
1029,2024-06,pro,organic,2024-12
1029,2024-06,pro,organic,2025-01
1029,2024-06,pro,organic,2025-02
1029,2024-06,pro,organic,2025-03
1030,2024-04,starter,referral,2024-04
1030,2024-04,starter,referral,2024-05
1030,2024-04,starter,referral,2024-06
1030,2024-04,starter,referral,2024-07
1030,2024-04,starter,referral,2024-08
1030,2024-04,starter,referral,2024-09
1030,2024-04,starter,referral,2024-10
1030,2024-04,starter,referral,2024-11
1030,2024-04,starter,referral,2024-12
1031,2024-05,free,organic,2024-05
1032,2024-02,free,content,2024-02
1032,2024-02,free,content,2024-03
1032,2024-02,free,content,2024-04
1032,2024-02,free,content,2024-05
1033,2024-07,free,content,2024-07
1033,2024-07,free,content,2024-08
1033,2024-07,free,content,2024-09
1033,2024-07,free,content,2024-10
1033,2024-07,free,content,2024-11
1033,2024-07,free,content,2024-12
1033,2024-07,free,content,2025-01
1034,2024-03,starter,paid_search,2024-03
1035,2024-01,free,content,2024-01
1035,2024-01,free,content,2024-02
1035,2024-01,free,content,2024-03
1035,2024-01,free,content,2024-04
1035,2024-01,free,content,2024-05
1035,2024-01,free,content,2024-06
1036,2024-07,free,content,2024-07
1037,2024-09,pro,organic,2024-09
1037,2024-09,pro,organic,2024-10
1037,2024-09,pro,organic,2024-11
1037,2024-09,pro,organic,2024-12
1037,2024-09,pro,organic,2025-01
1037,2024-09,pro,organic,2025-02
1037,2024-09,pro,organic,2025-03
1038,2024-01,starter,referral,2024-01
1038,2024-01,starter,referral,2024-02
1039,2024-04,free,organic,2024-04
1039,2024-04,free,organic,2024-05
1039,2024-04,free,organic,2024-06
1039,2024-04,free,organic,2024-07
1040,2024-08,free,referral,2024-08
1040,2024-08,free,referral,2024-09
1041,2024-07,enterprise,paid_search,2024-07
1042,2024-08,starter,organic,2024-08
1042,2024-08,starter,organic,2024-09
1042,2024-08,starter,organic,2024-10
1042,2024-08,starter,organic,2024-11
1042,2024-08,starter,organic,2024-12
1042,2024-08,starter,organic,2025-01
1042,2024-08,starter,organic,2025-02
1042,2024-08,starter,organic,2025-03
1043,2024-04,starter,organic,2024-04
1043,2024-04,starter,organic,2024-05
1043,2024-04,starter,organic,2024-06
1043,2024-04,starter,organic,2024-07
1043,2024-04,starter,organic,2024-08
1043,2024-04,starter,organic,2024-09
1043,2024-04,starter,organic,2024-10
1043,2024-04,starter,organic,2024-11
1043,2024-04,starter,organic,2024-12
1043,2024-04,starter,organic,2025-01
1043,2024-04,starter,organic,2025-02
1043,2024-04,starter,organic,2025-03
1044,2024-04,free,content,2024-04
1045,2024-07,free,organic,2024-07
1045,2024-07,free,organic,2024-08
1045,2024-07,free,organic,2024-09
1045,2024-07,free,organic,2024-10
1045,2024-07,free,organic,2024-11
1046,2024-02,free,organic,2024-02
1047,2024-03,starter,organic,2024-03
1047,2024-03,starter,organic,2024-04
1047,2024-03,starter,organic,2024-05
1047,2024-03,starter,organic,2024-06
1048,2024-06,free,paid_search,2024-06
1048,2024-06,free,paid_search,2024-07
1049,2024-07,free,referral,2024-07
1049,2024-07,free,referral,2024-08
1049,2024-07,free,referral,2024-09
1049,2024-07,free,referral,2024-10
1049,2024-07,free,referral,2024-11
1049,2024-07,free,referral,2024-12
1049,2024-07,free,referral,2025-01
1049,2024-07,free,referral,2025-02
1049,2024-07,free,referral,2025-03
1050,2024-02,starter,referral,2024-02
1050,2024-02,starter,referral,2024-03
1050,2024-02,starter,referral,2024-04
1050,2024-02,starter,referral,2024-05
1050,2024-02,starter,referral,2024-06
1051,2024-05,pro,paid_search,2024-05
1052,2024-04,starter,organic,2024-04
1052,2024-04,starter,organic,2024-05
1052,2024-04,starter,organic,2024-06
1052,2024-04,starter,organic,2024-07
1052,2024-04,starter,organic,2024-08
1052,2024-04,starter,organic,2024-09
1052,2024-04,starter,organic,2024-10
1052,2024-04,starter,organic,2024-11
1052,2024-04,starter,organic,2024-12
1052,2024-04,starter,organic,2025-01
1053,2024-05,free,organic,2024-05
1053,2024-05,free,organic,2024-06
1054,2024-09,free,paid_search,2024-09
1054,2024-09,free,paid_search,2024-10
1055,2024-01,free,referral,2024-01
1056,2024-09,free,referral,2024-09
1056,2024-09,free,referral,2024-10
1056,2024-09,free,referral,2024-11
1057,2024-05,free,paid_search,2024-05
1058,2024-07,free,paid_search,2024-07
1058,2024-07,free,paid_search,2024-08
1058,2024-07,free,paid_search,2024-09
1059,2024-04,free,paid_search,2024-04
1059,2024-04,free,paid_search,2024-05
1059,2024-04,free,paid_search,2024-06
1059,2024-04,free,paid_search,2024-07
1059,2024-04,free,paid_search,2024-08
1060,2024-03,pro,paid_search,2024-03
1060,2024-03,pro,paid_search,2024-04
1061,2024-07,enterprise,paid_search,2024-07
1061,2024-07,enterprise,paid_search,2024-08
1061,2024-07,enterprise,paid_search,2024-09
1061,2024-07,enterprise,paid_search,2024-10
1061,2024-07,enterprise,paid_search,2024-11
1061,2024-07,enterprise,paid_search,2024-12
1061,2024-07,enterprise,paid_search,2025-01
1062,2024-07,free,referral,2024-07
1062,2024-07,free,referral,2024-08
1062,2024-07,free,referral,2024-09
1062,2024-07,free,referral,2024-10
1063,2024-02,free,paid_search,2024-02
1063,2024-02,free,paid_search,2024-03
1063,2024-02,free,paid_search,2024-04
1063,2024-02,free,paid_search,2024-05
1063,2024-02,free,paid_search,2024-06
1064,2024-07,free,content,2024-07
1064,2024-07,free,content,2024-08
1065,2024-07,free,paid_search,2024-07
1065,2024-07,free,paid_search,2024-08
1065,2024-07,free,paid_search,2024-09
1065,2024-07,free,paid_search,2024-10
1066,2024-04,free,organic,2024-04
1066,2024-04,free,organic,2024-05
1066,2024-04,free,organic,2024-06
1067,2024-09,free,organic,2024-09
1067,2024-09,free,organic,2024-10
1067,2024-09,free,organic,2024-11
1067,2024-09,free,organic,2024-12
1067,2024-09,free,organic,2025-01
1068,2024-06,starter,paid_search,2024-06
1068,2024-06,starter,paid_search,2024-07
1068,2024-06,starter,paid_search,2024-08
1069,2024-04,free,paid_search,2024-04
1070,2024-01,pro,paid_search,2024-01
1070,2024-01,pro,paid_search,2024-02
1070,2024-01,pro,paid_search,2024-03
1070,2024-01,pro,paid_search,2024-04
1071,2024-07,free,referral,2024-07
1072,2024-02,free,organic,2024-02
1073,2024-07,free,referral,2024-07
1073,2024-07,free,referral,2024-08
1073,2024-07,free,referral,2024-09
1074,2024-05,free,referral,2024-05
1074,2024-05,free,referral,2024-06
1074,2024-05,free,referral,2024-07
1074,2024-05,free,referral,2024-08
1074,2024-05,free,referral,2024-09
1074,2024-05,free,referral,2024-10
1075,2024-05,free,paid_search,2024-05
1076,2024-02,enterprise,paid_search,2024-02
1076,2024-02,enterprise,paid_search,2024-03
1076,2024-02,enterprise,paid_search,2024-04
1077,2024-07,free,organic,2024-07
1077,2024-07,free,organic,2024-08
1077,2024-07,free,organic,2024-09
1077,2024-07,free,organic,2024-10
1077,2024-07,free,organic,2024-11
1077,2024-07,free,organic,2024-12
1078,2024-02,free,paid_search,2024-02
1078,2024-02,free,paid_search,2024-03
1078,2024-02,free,paid_search,2024-04
1078,2024-02,free,paid_search,2024-05
1079,2024-04,free,referral,2024-04
1079,2024-04,free,referral,2024-05
1079,2024-04,free,referral,2024-06
1079,2024-04,free,referral,2024-07
1080,2024-08,free,content,2024-08
1081,2024-09,free,paid_search,2024-09
1081,2024-09,free,paid_search,2024-10
1081,2024-09,free,paid_search,2024-11
1082,2024-09,free,organic,2024-09
1083,2024-09,pro,referral,2024-09
1083,2024-09,pro,referral,2024-10
1084,2024-06,free,referral,2024-06
1084,2024-06,free,referral,2024-07
1084,2024-06,free,referral,2024-08
1084,2024-06,free,referral,2024-09
1085,2024-02,free,organic,2024-02
1085,2024-02,free,organic,2024-03
1085,2024-02,free,organic,2024-04
1086,2024-08,starter,referral,2024-08
1086,2024-08,starter,referral,2024-09
1086,2024-08,starter,referral,2024-10
1086,2024-08,starter,referral,2024-11
1086,2024-08,starter,referral,2024-12
1086,2024-08,starter,referral,2025-01
1086,2024-08,starter,referral,2025-02
1086,2024-08,starter,referral,2025-03
1087,2024-08,pro,organic,2024-08
1087,2024-08,pro,organic,2024-09
1087,2024-08,pro,organic,2024-10
1087,2024-08,pro,organic,2024-11
1087,2024-08,pro,organic,2024-12
1088,2024-09,free,organic,2024-09
1089,2024-06,free,organic,2024-06
1089,2024-06,free,organic,2024-07
1089,2024-06,free,organic,2024-08
1089,2024-06,free,organic,2024-09
1089,2024-06,free,organic,2024-10
1089,2024-06,free,organic,2024-11
1089,2024-06,free,organic,2024-12
1089,2024-06,free,organic,2025-01
1090,2024-02,free,organic,2024-02
1090,2024-02,free,organic,2024-03
1091,2024-05,free,content,2024-05
1092,2024-05,free,paid_search,2024-05
1093,2024-08,starter,organic,2024-08
1093,2024-08,starter,organic,2024-09
1093,2024-08,starter,organic,2024-10
1093,2024-08,starter,organic,2024-11
1093,2024-08,starter,organic,2024-12
1093,2024-08,starter,organic,2025-01
1093,2024-08,starter,organic,2025-02
1093,2024-08,starter,organic,2025-03
1094,2024-04,free,paid_search,2024-04
1095,2024-03,starter,paid_search,2024-03
1095,2024-03,starter,paid_search,2024-04
1095,2024-03,starter,paid_search,2024-05
1096,2024-01,free,organic,2024-01
1097,2024-08,pro,organic,2024-08
1097,2024-08,pro,organic,2024-09
1098,2024-07,pro,referral,2024-07
1098,2024-07,pro,referral,2024-08
1098,2024-07,pro,referral,2024-09
1098,2024-07,pro,referral,2024-10
1098,2024-07,pro,referral,2024-11
1098,2024-07,pro,referral,2024-12
1098,2024-07,pro,referral,2025-01
1098,2024-07,pro,referral,2025-02
1098,2024-07,pro,referral,2025-03
1099,2024-01,free,organic,2024-01
1100,2024-04,free,referral,2024-04
1101,2024-05,free,organic,2024-05
1102,2024-05,pro,referral,2024-05
1102,2024-05,pro,referral,2024-06
1102,2024-05,pro,referral,2024-07
1102,2024-05,pro,referral,2024-08
1102,2024-05,pro,referral,2024-09
1102,2024-05,pro,referral,2024-10
1103,2024-09,free,referral,2024-09
1103,2024-09,free,referral,2024-10
1103,2024-09,free,referral,2024-11
1103,2024-09,free,referral,2024-12
1104,2024-02,free,organic,2024-02
1104,2024-02,free,organic,2024-03
1104,2024-02,free,organic,2024-04
1104,2024-02,free,organic,2024-05
1104,2024-02,free,organic,2024-06
1104,2024-02,free,organic,2024-07
1104,2024-02,free,organic,2024-08
1105,2024-03,free,organic,2024-03
1105,2024-03,free,organic,2024-04
1105,2024-03,free,organic,2024-05
1105,2024-03,free,organic,2024-06
1105,2024-03,free,organic,2024-07
1105,2024-03,free,organic,2024-08
1105,2024-03,free,organic,2024-09
1106,2024-02,starter,content,2024-02
1107,2024-03,free,paid_search,2024-03
1108,2024-09,free,paid_search,2024-09
1108,2024-09,free,paid_search,2024-10
1109,2024-09,enterprise,organic,2024-09
1109,2024-09,enterprise,organic,2024-10
1109,2024-09,enterprise,organic,2024-11
1109,2024-09,enterprise,organic,2024-12
1109,2024-09,enterprise,organic,2025-01
1110,2024-01,free,organic,2024-01
1110,2024-01,free,organic,2024-02
1110,2024-01,free,organic,2024-03
1110,2024-01,free,organic,2024-04
1110,2024-01,free,organic,2024-05
1111,2024-06,pro,paid_search,2024-06
1111,2024-06,pro,paid_search,2024-07
1112,2024-03,free,content,2024-03
1113,2024-02,free,organic,2024-02
1113,2024-02,free,organic,2024-03
1114,2024-03,pro,referral,2024-03
1114,2024-03,pro,referral,2024-04
1114,2024-03,pro,referral,2024-05
1114,2024-03,pro,referral,2024-06
1114,2024-03,pro,referral,2024-07
1114,2024-03,pro,referral,2024-08
1114,2024-03,pro,referral,2024-09
1114,2024-03,pro,referral,2024-10
1114,2024-03,pro,referral,2024-11
1114,2024-03,pro,referral,2024-12
1114,2024-03,pro,referral,2025-01
1114,2024-03,pro,referral,2025-02
1114,2024-03,pro,referral,2025-03
1115,2024-02,starter,referral,2024-02
1115,2024-02,starter,referral,2024-03
1115,2024-02,starter,referral,2024-04
1116,2024-05,starter,organic,2024-05
1117,2024-09,free,organic,2024-09
1117,2024-09,free,organic,2024-10
1117,2024-09,free,organic,2024-11
1117,2024-09,free,organic,2024-12
1118,2024-06,free,organic,2024-06
1118,2024-06,free,organic,2024-07
1118,2024-06,free,organic,2024-08
1118,2024-06,free,organic,2024-09
1118,2024-06,free,organic,2024-10
1119,2024-07,free,paid_search,2024-07
1120,2024-05,free,paid_search,2024-05
1120,2024-05,free,paid_search,2024-06
1120,2024-05,free,paid_search,2024-07
1120,2024-05,free,paid_search,2024-08
1120,2024-05,free,paid_search,2024-09
1120,2024-05,free,paid_search,2024-10
1120,2024-05,free,paid_search,2024-11
1121,2024-01,free,paid_search,2024-01
1121,2024-01,free,paid_search,2024-02
1122,2024-01,free,organic,2024-01
1122,2024-01,free,organic,2024-02
1122,2024-01,free,organic,2024-03
1122,2024-01,free,organic,2024-04
1122,2024-01,free,organic,2024-05
1122,2024-01,free,organic,2024-06
1123,2024-03,free,referral,2024-03
1124,2024-03,free,paid_search,2024-03
1125,2024-08,free,paid_search,2024-08
1125,2024-08,free,paid_search,2024-09
1125,2024-08,free,paid_search,2024-10
1125,2024-08,free,paid_search,2024-11
1126,2024-08,free,paid_search,2024-08
1127,2024-08,pro,organic,2024-08
1127,2024-08,pro,organic,2024-09
1128,2024-06,starter,referral,2024-06
1128,2024-06,starter,referral,2024-07
1128,2024-06,starter,referral,2024-08
1128,2024-06,starter,referral,2024-09
1128,2024-06,starter,referral,2024-10
1129,2024-06,free,paid_search,2024-06
1130,2024-06,starter,paid_search,2024-06
1130,2024-06,starter,paid_search,2024-07
1130,2024-06,starter,paid_search,2024-08
1130,2024-06,starter,paid_search,2024-09
1130,2024-06,starter,paid_search,2024-10
1130,2024-06,starter,paid_search,2024-11
1130,2024-06,starter,paid_search,2024-12
1130,2024-06,starter,paid_search,2025-01
1130,2024-06,starter,paid_search,2025-02
1130,2024-06,starter,paid_search,2025-03
1131,2024-04,pro,organic,2024-04
1132,2024-07,free,paid_search,2024-07
1132,2024-07,free,paid_search,2024-08
1132,2024-07,free,paid_search,2024-09
1132,2024-07,free,paid_search,2024-10
1133,2024-08,free,paid_search,2024-08
1133,2024-08,free,paid_search,2024-09
1133,2024-08,free,paid_search,2024-10
1134,2024-07,free,organic,2024-07
1135,2024-06,free,content,2024-06
1135,2024-06,free,content,2024-07
1135,2024-06,free,content,2024-08
1136,2024-01,starter,referral,2024-01
1136,2024-01,starter,referral,2024-02
1136,2024-01,starter,referral,2024-03
1136,2024-01,starter,referral,2024-04
1136,2024-01,starter,referral,2024-05
1136,2024-01,starter,referral,2024-06
1136,2024-01,starter,referral,2024-07
1136,2024-01,starter,referral,2024-08
1136,2024-01,starter,referral,2024-09
1136,2024-01,starter,referral,2024-10
1136,2024-01,starter,referral,2024-11
1136,2024-01,starter,referral,2024-12
1136,2024-01,starter,referral,2025-01
1136,2024-01,starter,referral,2025-02
1136,2024-01,starter,referral,2025-03
1137,2024-07,enterprise,organic,2024-07
1137,2024-07,enterprise,organic,2024-08
1137,2024-07,enterprise,organic,2024-09
1137,2024-07,enterprise,organic,2024-10
1137,2024-07,enterprise,organic,2024-11
1137,2024-07,enterprise,organic,2024-12
1137,2024-07,enterprise,organic,2025-01
1137,2024-07,enterprise,organic,2025-02
1137,2024-07,enterprise,organic,2025-03
1138,2024-04,free,referral,2024-04
1139,2024-07,starter,paid_search,2024-07
1139,2024-07,starter,paid_search,2024-08
1140,2024-05,free,content,2024-05
1141,2024-08,free,organic,2024-08
1141,2024-08,free,organic,2024-09
1142,2024-04,starter,organic,2024-04
1142,2024-04,starter,organic,2024-05
1142,2024-04,starter,organic,2024-06
1142,2024-04,starter,organic,2024-07
1142,2024-04,starter,organic,2024-08
1142,2024-04,starter,organic,2024-09
1143,2024-09,free,paid_search,2024-09
1143,2024-09,free,paid_search,2024-10
1143,2024-09,free,paid_search,2024-11
1144,2024-08,free,organic,2024-08
1144,2024-08,free,organic,2024-09
1144,2024-08,free,organic,2024-10
1144,2024-08,free,organic,2024-11
1145,2024-03,free,referral,2024-03
1145,2024-03,free,referral,2024-04
1145,2024-03,free,referral,2024-05
1145,2024-03,free,referral,2024-06
1145,2024-03,free,referral,2024-07
1145,2024-03,free,referral,2024-08
1145,2024-03,free,referral,2024-09
1145,2024-03,free,referral,2024-10
1146,2024-05,enterprise,paid_search,2024-05
1147,2024-05,free,organic,2024-05
1147,2024-05,free,organic,2024-06
1148,2024-07,free,paid_search,2024-07
1148,2024-07,free,paid_search,2024-08
1149,2024-07,free,content,2024-07
1149,2024-07,free,content,2024-08
1149,2024-07,free,content,2024-09
1149,2024-07,free,content,2024-10
1149,2024-07,free,content,2024-11
1150,2024-08,free,referral,2024-08
1150,2024-08,free,referral,2024-09
1151,2024-04,free,paid_search,2024-04
1152,2024-05,starter,organic,2024-05
1153,2024-04,starter,organic,2024-04
1154,2024-09,pro,content,2024-09
1154,2024-09,pro,content,2024-10
1154,2024-09,pro,content,2024-11
1154,2024-09,pro,content,2024-12
1154,2024-09,pro,content,2025-01
1154,2024-09,pro,content,2025-02
1154,2024-09,pro,content,2025-03
1155,2024-03,starter,referral,2024-03
1155,2024-03,starter,referral,2024-04
1155,2024-03,starter,referral,2024-05
1155,2024-03,starter,referral,2024-06
1155,2024-03,starter,referral,2024-07
1156,2024-06,free,paid_search,2024-06
1156,2024-06,free,paid_search,2024-07
1157,2024-02,free,content,2024-02
1157,2024-02,free,content,2024-03
1157,2024-02,free,content,2024-04
1157,2024-02,free,content,2024-05
1157,2024-02,free,content,2024-06
1157,2024-02,free,content,2024-07
1157,2024-02,free,content,2024-08
1157,2024-02,free,content,2024-09
1157,2024-02,free,content,2024-10
1157,2024-02,free,content,2024-11
1157,2024-02,free,content,2024-12
1158,2024-08,free,organic,2024-08
1159,2024-04,free,referral,2024-04
1159,2024-04,free,referral,2024-05
1159,2024-04,free,referral,2024-06
1159,2024-04,free,referral,2024-07
1159,2024-04,free,referral,2024-08
1160,2024-04,pro,organic,2024-04
1161,2024-06,starter,organic,2024-06
1161,2024-06,starter,organic,2024-07
1161,2024-06,starter,organic,2024-08
1161,2024-06,starter,organic,2024-09
1161,2024-06,starter,organic,2024-10
1161,2024-06,starter,organic,2024-11
1161,2024-06,starter,organic,2024-12
1161,2024-06,starter,organic,2025-01
1161,2024-06,starter,organic,2025-02
1161,2024-06,starter,organic,2025-03
1162,2024-05,enterprise,paid_search,2024-05
1162,2024-05,enterprise,paid_search,2024-06
1162,2024-05,enterprise,paid_search,2024-07
1163,2024-08,free,paid_search,2024-08
1164,2024-05,free,content,2024-05
1165,2024-05,free,organic,2024-05
1165,2024-05,free,organic,2024-06
1166,2024-01,free,referral,2024-01
1166,2024-01,free,referral,2024-02
1166,2024-01,free,referral,2024-03
1166,2024-01,free,referral,2024-04
1166,2024-01,free,referral,2024-05
1167,2024-01,free,referral,2024-01
1167,2024-01,free,referral,2024-02
1167,2024-01,free,referral,2024-03
1168,2024-04,free,referral,2024-04
1168,2024-04,free,referral,2024-05
1169,2024-09,free,content,2024-09
1169,2024-09,free,content,2024-10
1169,2024-09,free,content,2024-11
1170,2024-09,pro,paid_search,2024-09
1171,2024-06,free,paid_search,2024-06
1172,2024-06,free,organic,2024-06
1173,2024-04,starter,organic,2024-04
1173,2024-04,starter,organic,2024-05
1173,2024-04,starter,organic,2024-06
1173,2024-04,starter,organic,2024-07
1174,2024-02,free,content,2024-02
1174,2024-02,free,content,2024-03
1175,2024-01,pro,paid_search,2024-01
1176,2024-04,starter,organic,2024-04
1177,2024-03,free,organic,2024-03
1178,2024-02,starter,paid_search,2024-02
1178,2024-02,starter,paid_search,2024-03
1178,2024-02,starter,paid_search,2024-04
1179,2024-03,starter,referral,2024-03
1179,2024-03,starter,referral,2024-04
1179,2024-03,starter,referral,2024-05
1180,2024-01,starter,organic,2024-01
1180,2024-01,starter,organic,2024-02
1180,2024-01,starter,organic,2024-03
1180,2024-01,starter,organic,2024-04
1180,2024-01,starter,organic,2024-05
1181,2024-06,pro,referral,2024-06
1181,2024-06,pro,referral,2024-07
1181,2024-06,pro,referral,2024-08
1181,2024-06,pro,referral,2024-09
1181,2024-06,pro,referral,2024-10
1181,2024-06,pro,referral,2024-11
1181,2024-06,pro,referral,2024-12
1181,2024-06,pro,referral,2025-01
1181,2024-06,pro,referral,2025-02
1181,2024-06,pro,referral,2025-03
1182,2024-09,starter,paid_search,2024-09
1182,2024-09,starter,paid_search,2024-10
1182,2024-09,starter,paid_search,2024-11
1182,2024-09,starter,paid_search,2024-12
1182,2024-09,starter,paid_search,2025-01
1182,2024-09,starter,paid_search,2025-02
1182,2024-09,starter,paid_search,2025-03
1183,2024-07,free,referral,2024-07
1183,2024-07,free,referral,2024-08
1183,2024-07,free,referral,2024-09
1183,2024-07,free,referral,2024-10
1183,2024-07,free,referral,2024-11
1184,2024-05,free,organic,2024-05
1184,2024-05,free,organic,2024-06
1185,2024-04,starter,paid_search,2024-04
1185,2024-04,starter,paid_search,2024-05
1185,2024-04,starter,paid_search,2024-06
1185,2024-04,starter,paid_search,2024-07
1185,2024-04,starter,paid_search,2024-08
1186,2024-03,enterprise,organic,2024-03
1186,2024-03,enterprise,organic,2024-04
1186,2024-03,enterprise,organic,2024-05
1186,2024-03,enterprise,organic,2024-06
1186,2024-03,enterprise,organic,2024-07
1186,2024-03,enterprise,organic,2024-08
1186,2024-03,enterprise,organic,2024-09
1186,2024-03,enterprise,organic,2024-10
1186,2024-03,enterprise,organic,2024-11
1187,2024-02,free,paid_search,2024-02
1188,2024-06,starter,referral,2024-06
1188,2024-06,starter,referral,2024-07
1188,2024-06,starter,referral,2024-08
1188,2024-06,starter,referral,2024-09
1188,2024-06,starter,referral,2024-10
1188,2024-06,starter,referral,2024-11
1188,2024-06,starter,referral,2024-12
1188,2024-06,starter,referral,2025-01
1188,2024-06,starter,referral,2025-02
1188,2024-06,starter,referral,2025-03
1189,2024-06,free,paid_search,2024-06
1190,2024-01,starter,organic,2024-01
1190,2024-01,starter,organic,2024-02
1190,2024-01,starter,organic,2024-03
1190,2024-01,starter,organic,2024-04
1190,2024-01,starter,organic,2024-05
1190,2024-01,starter,organic,2024-06
1190,2024-01,starter,organic,2024-07
1191,2024-04,enterprise,content,2024-04
1192,2024-03,free,organic,2024-03
1193,2024-02,free,paid_search,2024-02
1193,2024-02,free,paid_search,2024-03
1194,2024-07,free,content,2024-07
1194,2024-07,free,content,2024-08
1195,2024-05,free,paid_search,2024-05
1196,2024-06,free,referral,2024-06
1197,2024-07,free,paid_search,2024-07
1197,2024-07,free,paid_search,2024-08
1197,2024-07,free,paid_search,2024-09
1198,2024-09,free,referral,2024-09
1198,2024-09,free,referral,2024-10
1199,2024-08,free,referral,2024-08
1200,2024-06,free,referral,2024-06
1200,2024-06,free,referral,2024-07
1200,2024-06,free,referral,2024-08
1200,2024-06,free,referral,2024-09
1201,2024-08,starter,organic,2024-08
1202,2024-05,starter,referral,2024-05
1202,2024-05,starter,referral,2024-06
1202,2024-05,starter,referral,2024-07
1202,2024-05,starter,referral,2024-08
1202,2024-05,starter,referral,2024-09
1202,2024-05,starter,referral,2024-10
1202,2024-05,starter,referral,2024-11
1202,2024-05,starter,referral,2024-12
1202,2024-05,starter,referral,2025-01
1202,2024-05,starter,referral,2025-02
1202,2024-05,starter,referral,2025-03
1203,2024-09,starter,organic,2024-09
1203,2024-09,starter,organic,2024-10
1204,2024-07,starter,content,2024-07
1204,2024-07,starter,content,2024-08
1204,2024-07,starter,content,2024-09
1204,2024-07,starter,content,2024-10
1204,2024-07,starter,content,2024-11
1204,2024-07,starter,content,2024-12
1205,2024-06,starter,organic,2024-06
1205,2024-06,starter,organic,2024-07
1205,2024-06,starter,organic,2024-08
1205,2024-06,starter,organic,2024-09
1205,2024-06,starter,organic,2024-10
1205,2024-06,starter,organic,2024-11
1205,2024-06,starter,organic,2024-12
1205,2024-06,starter,organic,2025-01
1206,2024-09,free,organic,2024-09
1206,2024-09,free,organic,2024-10
1206,2024-09,free,organic,2024-11
1206,2024-09,free,organic,2024-12
1207,2024-05,starter,content,2024-05
1207,2024-05,starter,content,2024-06
1208,2024-07,free,organic,2024-07
1208,2024-07,free,organic,2024-08
1209,2024-03,free,paid_search,2024-03
1209,2024-03,free,paid_search,2024-04
1209,2024-03,free,paid_search,2024-05
1209,2024-03,free,paid_search,2024-06
1209,2024-03,free,paid_search,2024-07
1210,2024-09,free,referral,2024-09
1210,2024-09,free,referral,2024-10
1210,2024-09,free,referral,2024-11
1210,2024-09,free,referral,2024-12
1210,2024-09,free,referral,2025-01
1210,2024-09,free,referral,2025-02
1211,2024-06,pro,organic,2024-06
1211,2024-06,pro,organic,2024-07
1211,2024-06,pro,organic,2024-08
1211,2024-06,pro,organic,2024-09
1211,2024-06,pro,organic,2024-10
1211,2024-06,pro,organic,2024-11
1211,2024-06,pro,organic,2024-12
1211,2024-06,pro,organic,2025-01
1211,2024-06,pro,organic,2025-02
1211,2024-06,pro,organic,2025-03
1212,2024-08,starter,organic,2024-08
1212,2024-08,starter,organic,2024-09
1212,2024-08,starter,organic,2024-10
1212,2024-08,starter,organic,2024-11
1212,2024-08,starter,organic,2024-12
1212,2024-08,starter,organic,2025-01
1213,2024-05,free,paid_search,2024-05
1213,2024-05,free,paid_search,2024-06
1214,2024-08,free,organic,2024-08
1214,2024-08,free,organic,2024-09
1215,2024-01,free,organic,2024-01
1215,2024-01,free,organic,2024-02
1216,2024-02,starter,organic,2024-02
1216,2024-02,starter,organic,2024-03
1216,2024-02,starter,organic,2024-04
1216,2024-02,starter,organic,2024-05
1216,2024-02,starter,organic,2024-06
1216,2024-02,starter,organic,2024-07
1216,2024-02,starter,organic,2024-08
1216,2024-02,starter,organic,2024-09
1216,2024-02,starter,organic,2024-10
1216,2024-02,starter,organic,2024-11
1216,2024-02,starter,organic,2024-12
1216,2024-02,starter,organic,2025-01
1216,2024-02,starter,organic,2025-02
1216,2024-02,starter,organic,2025-03
1217,2024-05,pro,paid_search,2024-05
1218,2024-07,free,organic,2024-07
1218,2024-07,free,organic,2024-08
1218,2024-07,free,organic,2024-09
1218,2024-07,free,organic,2024-10
1219,2024-08,free,organic,2024-08
1219,2024-08,free,organic,2024-09
1219,2024-08,free,organic,2024-10
1219,2024-08,free,organic,2024-11
1219,2024-08,free,organic,2024-12
1220,2024-04,free,paid_search,2024-04
1220,2024-04,free,paid_search,2024-05
1220,2024-04,free,paid_search,2024-06
1220,2024-04,free,paid_search,2024-07
1221,2024-06,free,paid_search,2024-06
1222,2024-05,pro,organic,2024-05
1223,2024-09,starter,organic,2024-09
1224,2024-06,free,content,2024-06
1225,2024-04,free,paid_search,2024-04
1225,2024-04,free,paid_search,2024-05
1225,2024-04,free,paid_search,2024-06
1225,2024-04,free,paid_search,2024-07
1225,2024-04,free,paid_search,2024-08
1226,2024-09,free,paid_search,2024-09
1226,2024-09,free,paid_search,2024-10
1226,2024-09,free,paid_search,2024-11
1227,2024-01,free,paid_search,2024-01
1227,2024-01,free,paid_search,2024-02
1227,2024-01,free,paid_search,2024-03
1227,2024-01,free,paid_search,2024-04
1228,2024-09,free,organic,2024-09
1228,2024-09,free,organic,2024-10
1228,2024-09,free,organic,2024-11
1228,2024-09,free,organic,2024-12
1229,2024-02,free,referral,2024-02
1229,2024-02,free,referral,2024-03
1229,2024-02,free,referral,2024-04
1230,2024-03,pro,content,2024-03
1230,2024-03,pro,content,2024-04
1230,2024-03,pro,content,2024-05
1230,2024-03,pro,content,2024-06
1230,2024-03,pro,content,2024-07
1230,2024-03,pro,content,2024-08
1230,2024-03,pro,content,2024-09
1231,2024-08,free,content,2024-08
1232,2024-07,free,organic,2024-07
1232,2024-07,free,organic,2024-08
1232,2024-07,free,organic,2024-09
1233,2024-09,free,organic,2024-09
1234,2024-07,free,organic,2024-07
1235,2024-06,starter,organic,2024-06
1235,2024-06,starter,organic,2024-07
1235,2024-06,starter,organic,2024-08
1235,2024-06,starter,organic,2024-09
1236,2024-04,free,organic,2024-04
1236,2024-04,free,organic,2024-05
1236,2024-04,free,organic,2024-06
1236,2024-04,free,organic,2024-07
1236,2024-04,free,organic,2024-08
1237,2024-01,starter,paid_search,2024-01
1237,2024-01,starter,paid_search,2024-02
1237,2024-01,starter,paid_search,2024-03
1237,2024-01,starter,paid_search,2024-04
1237,2024-01,starter,paid_search,2024-05
1238,2024-02,starter,organic,2024-02
1238,2024-02,starter,organic,2024-03
1238,2024-02,starter,organic,2024-04
1239,2024-03,free,content,2024-03
1239,2024-03,free,content,2024-04
1239,2024-03,free,content,2024-05
1239,2024-03,free,content,2024-06
1239,2024-03,free,content,2024-07
1239,2024-03,free,content,2024-08
1239,2024-03,free,content,2024-09
1239,2024-03,free,content,2024-10
1239,2024-03,free,content,2024-11
1239,2024-03,free,content,2024-12
1239,2024-03,free,content,2025-01
1239,2024-03,free,content,2025-02
1239,2024-03,free,content,2025-03
1240,2024-01,starter,organic,2024-01
1240,2024-01,starter,organic,2024-02
1240,2024-01,starter,organic,2024-03
1240,2024-01,starter,organic,2024-04
1240,2024-01,starter,organic,2024-05
1240,2024-01,starter,organic,2024-06
1240,2024-01,starter,organic,2024-07
1240,2024-01,starter,organic,2024-08
1240,2024-01,starter,organic,2024-09
1240,2024-01,starter,organic,2024-10
1240,2024-01,starter,organic,2024-11
1240,2024-01,starter,organic,2024-12
1240,2024-01,starter,organic,2025-01
1240,2024-01,starter,organic,2025-02
1240,2024-01,starter,organic,2025-03
1241,2024-05,enterprise,organic,2024-05
1241,2024-05,enterprise,organic,2024-06
1241,2024-05,enterprise,organic,2024-07
1241,2024-05,enterprise,organic,2024-08
1241,2024-05,enterprise,organic,2024-09
1241,2024-05,enterprise,organic,2024-10
1241,2024-05,enterprise,organic,2024-11
1241,2024-05,enterprise,organic,2024-12
1241,2024-05,enterprise,organic,2025-01
1241,2024-05,enterprise,organic,2025-02
1241,2024-05,enterprise,organic,2025-03
1242,2024-07,free,content,2024-07
1242,2024-07,free,content,2024-08
1242,2024-07,free,content,2024-09
1242,2024-07,free,content,2024-10
1242,2024-07,free,content,2024-11
1243,2024-09,free,referral,2024-09
1243,2024-09,free,referral,2024-10
1243,2024-09,free,referral,2024-11
1243,2024-09,free,referral,2024-12
1244,2024-05,pro,paid_search,2024-05
1244,2024-05,pro,paid_search,2024-06
1245,2024-08,pro,paid_search,2024-08
1245,2024-08,pro,paid_search,2024-09
1245,2024-08,pro,paid_search,2024-10
1245,2024-08,pro,paid_search,2024-11
1245,2024-08,pro,paid_search,2024-12
1245,2024-08,pro,paid_search,2025-01
1245,2024-08,pro,paid_search,2025-02
1246,2024-09,free,organic,2024-09
1246,2024-09,free,organic,2024-10
1246,2024-09,free,organic,2024-11
1246,2024-09,free,organic,2024-12
1247,2024-08,free,organic,2024-08
1247,2024-08,free,organic,2024-09
1247,2024-08,free,organic,2024-10
1247,2024-08,free,organic,2024-11
1247,2024-08,free,organic,2024-12
1247,2024-08,free,organic,2025-01
1247,2024-08,free,organic,2025-02
1248,2024-05,free,paid_search,2024-05
1248,2024-05,free,paid_search,2024-06
1248,2024-05,free,paid_search,2024-07
1248,2024-05,free,paid_search,2024-08
1248,2024-05,free,paid_search,2024-09
1248,2024-05,free,paid_search,2024-10
1248,2024-05,free,paid_search,2024-11
1248,2024-05,free,paid_search,2024-12
1248,2024-05,free,paid_search,2025-01
1249,2024-03,starter,paid_search,2024-03
1250,2024-09,free,paid_search,2024-09
1250,2024-09,free,paid_search,2024-10
1250,2024-09,free,paid_search,2024-11
1250,2024-09,free,paid_search,2024-12
1250,2024-09,free,paid_search,2025-01
1250,2024-09,free,paid_search,2025-02
1251,2024-03,free,organic,2024-03
1251,2024-03,free,organic,2024-04
1251,2024-03,free,organic,2024-05
1251,2024-03,free,organic,2024-06
1251,2024-03,free,organic,2024-07
1252,2024-04,starter,referral,2024-04
1252,2024-04,starter,referral,2024-05
1252,2024-04,starter,referral,2024-06
1252,2024-04,starter,referral,2024-07
1252,2024-04,starter,referral,2024-08
1252,2024-04,starter,referral,2024-09
1252,2024-04,starter,referral,2024-10
1252,2024-04,starter,referral,2024-11
1252,2024-04,starter,referral,2024-12
1252,2024-04,starter,referral,2025-01
1252,2024-04,starter,referral,2025-02
1252,2024-04,starter,referral,2025-03
1253,2024-01,enterprise,referral,2024-01
1253,2024-01,enterprise,referral,2024-02
1253,2024-01,enterprise,referral,2024-03
1253,2024-01,enterprise,referral,2024-04
1253,2024-01,enterprise,referral,2024-05
1253,2024-01,enterprise,referral,2024-06
1253,2024-01,enterprise,referral,2024-07
1253,2024-01,enterprise,referral,2024-08
1253,2024-01,enterprise,referral,2024-09
1253,2024-01,enterprise,referral,2024-10
1253,2024-01,enterprise,referral,2024-11
1253,2024-01,enterprise,referral,2024-12
1253,2024-01,enterprise,referral,2025-01
1253,2024-01,enterprise,referral,2025-02
1253,2024-01,enterprise,referral,2025-03
1254,2024-08,pro,organic,2024-08
1254,2024-08,pro,organic,2024-09
1254,2024-08,pro,organic,2024-10
1254,2024-08,pro,organic,2024-11
1255,2024-06,free,organic,2024-06
1256,2024-01,free,paid_search,2024-01
1257,2024-02,pro,referral,2024-02
1257,2024-02,pro,referral,2024-03
1257,2024-02,pro,referral,2024-04
1257,2024-02,pro,referral,2024-05
1257,2024-02,pro,referral,2024-06
1257,2024-02,pro,referral,2024-07
1257,2024-02,pro,referral,2024-08
1257,2024-02,pro,referral,2024-09
1257,2024-02,pro,referral,2024-10
1257,2024-02,pro,referral,2024-11
1257,2024-02,pro,referral,2024-12
1257,2024-02,pro,referral,2025-01
1257,2024-02,pro,referral,2025-02
1257,2024-02,pro,referral,2025-03
1258,2024-05,pro,referral,2024-05
1258,2024-05,pro,referral,2024-06
1258,2024-05,pro,referral,2024-07
1258,2024-05,pro,referral,2024-08
1258,2024-05,pro,referral,2024-09
1258,2024-05,pro,referral,2024-10
1258,2024-05,pro,referral,2024-11
1258,2024-05,pro,referral,2024-12
1258,2024-05,pro,referral,2025-01
1258,2024-05,pro,referral,2025-02
1258,2024-05,pro,referral,2025-03
1259,2024-05,free,referral,2024-05
1259,2024-05,free,referral,2024-06
1260,2024-08,starter,paid_search,2024-08
1261,2024-03,free,organic,2024-03
1261,2024-03,free,organic,2024-04
1262,2024-09,free,paid_search,2024-09
1262,2024-09,free,paid_search,2024-10
1262,2024-09,free,paid_search,2024-11
1262,2024-09,free,paid_search,2024-12
1262,2024-09,free,paid_search,2025-01
1262,2024-09,free,paid_search,2025-02
1262,2024-09,free,paid_search,2025-03
1263,2024-05,free,organic,2024-05
1264,2024-08,free,referral,2024-08
1264,2024-08,free,referral,2024-09
1264,2024-08,free,referral,2024-10
1264,2024-08,free,referral,2024-11
1264,2024-08,free,referral,2024-12
1264,2024-08,free,referral,2025-01
1264,2024-08,free,referral,2025-02
1264,2024-08,free,referral,2025-03
1265,2024-03,free,organic,2024-03
1266,2024-01,pro,organic,2024-01
1266,2024-01,pro,organic,2024-02
1266,2024-01,pro,organic,2024-03
1267,2024-01,free,paid_search,2024-01
1267,2024-01,free,paid_search,2024-02
1267,2024-01,free,paid_search,2024-03
1267,2024-01,free,paid_search,2024-04
1267,2024-01,free,paid_search,2024-05
1267,2024-01,free,paid_search,2024-06
1267,2024-01,free,paid_search,2024-07
1267,2024-01,free,paid_search,2024-08
1268,2024-04,free,paid_search,2024-04
1268,2024-04,free,paid_search,2024-05
1268,2024-04,free,paid_search,2024-06
1269,2024-09,free,paid_search,2024-09
1269,2024-09,free,paid_search,2024-10
1270,2024-01,free,paid_search,2024-01
1270,2024-01,free,paid_search,2024-02
1270,2024-01,free,paid_search,2024-03
1271,2024-04,free,content,2024-04
1271,2024-04,free,content,2024-05
1272,2024-01,free,referral,2024-01
1272,2024-01,free,referral,2024-02
1273,2024-09,free,content,2024-09
1273,2024-09,free,content,2024-10
1273,2024-09,free,content,2024-11
1273,2024-09,free,content,2024-12
1274,2024-07,starter,paid_search,2024-07
1274,2024-07,starter,paid_search,2024-08
1274,2024-07,starter,paid_search,2024-09
1275,2024-07,pro,paid_search,2024-07
1275,2024-07,pro,paid_search,2024-08
1275,2024-07,pro,paid_search,2024-09
1275,2024-07,pro,paid_search,2024-10
1275,2024-07,pro,paid_search,2024-11
1275,2024-07,pro,paid_search,2024-12
1275,2024-07,pro,paid_search,2025-01
1275,2024-07,pro,paid_search,2025-02
1275,2024-07,pro,paid_search,2025-03
1276,2024-07,free,paid_search,2024-07
1276,2024-07,free,paid_search,2024-08
1276,2024-07,free,paid_search,2024-09
1277,2024-06,pro,paid_search,2024-06
1277,2024-06,pro,paid_search,2024-07
1277,2024-06,pro,paid_search,2024-08
1277,2024-06,pro,paid_search,2024-09
1277,2024-06,pro,paid_search,2024-10
1277,2024-06,pro,paid_search,2024-11
1277,2024-06,pro,paid_search,2024-12
1278,2024-07,pro,organic,2024-07
1278,2024-07,pro,organic,2024-08
1278,2024-07,pro,organic,2024-09
1278,2024-07,pro,organic,2024-10
1278,2024-07,pro,organic,2024-11
1279,2024-01,pro,paid_search,2024-01
1279,2024-01,pro,paid_search,2024-02
1279,2024-01,pro,paid_search,2024-03
1279,2024-01,pro,paid_search,2024-04
1279,2024-01,pro,paid_search,2024-05
1279,2024-01,pro,paid_search,2024-06
1279,2024-01,pro,paid_search,2024-07
1279,2024-01,pro,paid_search,2024-08
1279,2024-01,pro,paid_search,2024-09
1279,2024-01,pro,paid_search,2024-10
1279,2024-01,pro,paid_search,2024-11
1279,2024-01,pro,paid_search,2024-12
1279,2024-01,pro,paid_search,2025-01
1280,2024-08,starter,organic,2024-08
1280,2024-08,starter,organic,2024-09
1281,2024-07,starter,organic,2024-07
1281,2024-07,starter,organic,2024-08
1281,2024-07,starter,organic,2024-09
1281,2024-07,starter,organic,2024-10
1281,2024-07,starter,organic,2024-11
1282,2024-07,starter,content,2024-07
1282,2024-07,starter,content,2024-08
1282,2024-07,starter,content,2024-09
1282,2024-07,starter,content,2024-10
1282,2024-07,starter,content,2024-11
1282,2024-07,starter,content,2024-12
1282,2024-07,starter,content,2025-01
1283,2024-04,starter,organic,2024-04
1283,2024-04,starter,organic,2024-05
1283,2024-04,starter,organic,2024-06
1284,2024-08,free,paid_search,2024-08
1284,2024-08,free,paid_search,2024-09
1284,2024-08,free,paid_search,2024-10
1285,2024-04,enterprise,paid_search,2024-04
1285,2024-04,enterprise,paid_search,2024-05
1285,2024-04,enterprise,paid_search,2024-06
1285,2024-04,enterprise,paid_search,2024-07
1285,2024-04,enterprise,paid_search,2024-08
1285,2024-04,enterprise,paid_search,2024-09
1286,2024-01,free,organic,2024-01
1287,2024-09,starter,content,2024-09
1287,2024-09,starter,content,2024-10
1287,2024-09,starter,content,2024-11
1287,2024-09,starter,content,2024-12
1287,2024-09,starter,content,2025-01
1287,2024-09,starter,content,2025-02
1287,2024-09,starter,content,2025-03
1288,2024-03,free,organic,2024-03
1289,2024-01,free,content,2024-01
1289,2024-01,free,content,2024-02
1289,2024-01,free,content,2024-03
1289,2024-01,free,content,2024-04
1290,2024-06,free,referral,2024-06
1291,2024-03,free,organic,2024-03
1291,2024-03,free,organic,2024-04
1291,2024-03,free,organic,2024-05
1292,2024-08,free,organic,2024-08
1292,2024-08,free,organic,2024-09
1292,2024-08,free,organic,2024-10
1292,2024-08,free,organic,2024-11
1293,2024-04,free,organic,2024-04
1293,2024-04,free,organic,2024-05
1293,2024-04,free,organic,2024-06
1293,2024-04,free,organic,2024-07
1293,2024-04,free,organic,2024-08
1293,2024-04,free,organic,2024-09
1294,2024-01,free,paid_search,2024-01
1295,2024-09,free,organic,2024-09
1295,2024-09,free,organic,2024-10
1295,2024-09,free,organic,2024-11
1296,2024-05,free,content,2024-05
1297,2024-03,enterprise,organic,2024-03
1297,2024-03,enterprise,organic,2024-04
1297,2024-03,enterprise,organic,2024-05
1297,2024-03,enterprise,organic,2024-06
1297,2024-03,enterprise,organic,2024-07
1297,2024-03,enterprise,organic,2024-08
1297,2024-03,enterprise,organic,2024-09
1297,2024-03,enterprise,organic,2024-10
1297,2024-03,enterprise,organic,2024-11
1297,2024-03,enterprise,organic,2024-12
1297,2024-03,enterprise,organic,2025-01
1297,2024-03,enterprise,organic,2025-02
1297,2024-03,enterprise,organic,2025-03
1298,2024-07,free,referral,2024-07
1298,2024-07,free,referral,2024-08
1298,2024-07,free,referral,2024-09
1298,2024-07,free,referral,2024-10
1298,2024-07,free,referral,2024-11
1299,2024-05,free,organic,2024-05
1300,2024-01,free,content,2024-01
1300,2024-01,free,content,2024-02
1301,2024-07,free,organic,2024-07
1301,2024-07,free,organic,2024-08
1301,2024-07,free,organic,2024-09
1301,2024-07,free,organic,2024-10
1301,2024-07,free,organic,2024-11
1301,2024-07,free,organic,2024-12
1301,2024-07,free,organic,2025-01
1301,2024-07,free,organic,2025-02
1302,2024-04,free,paid_search,2024-04
1302,2024-04,free,paid_search,2024-05
1302,2024-04,free,paid_search,2024-06
1302,2024-04,free,paid_search,2024-07
1302,2024-04,free,paid_search,2024-08
1302,2024-04,free,paid_search,2024-09
1303,2024-07,starter,paid_search,2024-07
1304,2024-09,enterprise,organic,2024-09
1304,2024-09,enterprise,organic,2024-10
1304,2024-09,enterprise,organic,2024-11
1304,2024-09,enterprise,organic,2024-12
1304,2024-09,enterprise,organic,2025-01
1304,2024-09,enterprise,organic,2025-02
1304,2024-09,enterprise,organic,2025-03
1305,2024-06,free,referral,2024-06
1306,2024-07,starter,organic,2024-07
1306,2024-07,starter,organic,2024-08
1306,2024-07,starter,organic,2024-09
1306,2024-07,starter,organic,2024-10
1306,2024-07,starter,organic,2024-11
1307,2024-03,free,paid_search,2024-03
1307,2024-03,free,paid_search,2024-04
1307,2024-03,free,paid_search,2024-05
1307,2024-03,free,paid_search,2024-06
1307,2024-03,free,paid_search,2024-07
1307,2024-03,free,paid_search,2024-08
1308,2024-03,free,paid_search,2024-03
1308,2024-03,free,paid_search,2024-04
1309,2024-04,free,paid_search,2024-04
1310,2024-08,free,organic,2024-08
1310,2024-08,free,organic,2024-09
1311,2024-05,starter,organic,2024-05
1312,2024-04,starter,organic,2024-04
1312,2024-04,starter,organic,2024-05
1312,2024-04,starter,organic,2024-06
1312,2024-04,starter,organic,2024-07
1312,2024-04,starter,organic,2024-08
1312,2024-04,starter,organic,2024-09
1312,2024-04,starter,organic,2024-10
1312,2024-04,starter,organic,2024-11
1312,2024-04,starter,organic,2024-12
1312,2024-04,starter,organic,2025-01
1312,2024-04,starter,organic,2025-02
1312,2024-04,starter,organic,2025-03
1313,2024-08,starter,organic,2024-08
1313,2024-08,starter,organic,2024-09
1313,2024-08,starter,organic,2024-10
1313,2024-08,starter,organic,2024-11
1313,2024-08,starter,organic,2024-12
1313,2024-08,starter,organic,2025-01
1313,2024-08,starter,organic,2025-02
1313,2024-08,starter,organic,2025-03
1314,2024-08,free,organic,2024-08
1314,2024-08,free,organic,2024-09
1314,2024-08,free,organic,2024-10
1314,2024-08,free,organic,2024-11
1314,2024-08,free,organic,2024-12
1315,2024-09,starter,content,2024-09
1315,2024-09,starter,content,2024-10
1315,2024-09,starter,content,2024-11
1315,2024-09,starter,content,2024-12
1315,2024-09,starter,content,2025-01
1315,2024-09,starter,content,2025-02
1316,2024-03,free,paid_search,2024-03
1317,2024-07,free,paid_search,2024-07
1317,2024-07,free,paid_search,2024-08
1318,2024-06,free,paid_search,2024-06
1318,2024-06,free,paid_search,2024-07
1318,2024-06,free,paid_search,2024-08
1318,2024-06,free,paid_search,2024-09
1318,2024-06,free,paid_search,2024-10
1318,2024-06,free,paid_search,2024-11
1318,2024-06,free,paid_search,2024-12
1319,2024-05,starter,organic,2024-05
1320,2024-04,enterprise,paid_search,2024-04
1320,2024-04,enterprise,paid_search,2024-05
1320,2024-04,enterprise,paid_search,2024-06
1321,2024-02,free,organic,2024-02
1321,2024-02,free,organic,2024-03
1322,2024-03,free,organic,2024-03
1323,2024-05,starter,paid_search,2024-05
1323,2024-05,starter,paid_search,2024-06
1323,2024-05,starter,paid_search,2024-07
1323,2024-05,starter,paid_search,2024-08
1323,2024-05,starter,paid_search,2024-09
1323,2024-05,starter,paid_search,2024-10
1323,2024-05,starter,paid_search,2024-11
1324,2024-08,pro,paid_search,2024-08
1324,2024-08,pro,paid_search,2024-09
1324,2024-08,pro,paid_search,2024-10
1325,2024-08,free,content,2024-08
1326,2024-02,starter,organic,2024-02
1326,2024-02,starter,organic,2024-03
1326,2024-02,starter,organic,2024-04
1326,2024-02,starter,organic,2024-05
1326,2024-02,starter,organic,2024-06
1326,2024-02,starter,organic,2024-07
1326,2024-02,starter,organic,2024-08
1327,2024-07,starter,paid_search,2024-07
1327,2024-07,starter,paid_search,2024-08
1327,2024-07,starter,paid_search,2024-09
1327,2024-07,starter,paid_search,2024-10
1327,2024-07,starter,paid_search,2024-11
1327,2024-07,starter,paid_search,2024-12
1328,2024-01,pro,organic,2024-01
1328,2024-01,pro,organic,2024-02
1328,2024-01,pro,organic,2024-03
1328,2024-01,pro,organic,2024-04
1328,2024-01,pro,organic,2024-05
1329,2024-07,free,organic,2024-07
1329,2024-07,free,organic,2024-08
1329,2024-07,free,organic,2024-09
1329,2024-07,free,organic,2024-10
1329,2024-07,free,organic,2024-11
1329,2024-07,free,organic,2024-12
1329,2024-07,free,organic,2025-01
1329,2024-07,free,organic,2025-02
1329,2024-07,free,organic,2025-03
1330,2024-04,pro,referral,2024-04
1330,2024-04,pro,referral,2024-05
1330,2024-04,pro,referral,2024-06
1330,2024-04,pro,referral,2024-07
1330,2024-04,pro,referral,2024-08
1330,2024-04,pro,referral,2024-09
1330,2024-04,pro,referral,2024-10
1330,2024-04,pro,referral,2024-11
1330,2024-04,pro,referral,2024-12
1330,2024-04,pro,referral,2025-01
1330,2024-04,pro,referral,2025-02
1330,2024-04,pro,referral,2025-03
1331,2024-05,free,organic,2024-05
1332,2024-07,pro,paid_search,2024-07
1333,2024-04,free,paid_search,2024-04
1333,2024-04,free,paid_search,2024-05
1333,2024-04,free,paid_search,2024-06
1334,2024-08,free,organic,2024-08
1334,2024-08,free,organic,2024-09
1334,2024-08,free,organic,2024-10
1334,2024-08,free,organic,2024-11
1334,2024-08,free,organic,2024-12
1334,2024-08,free,organic,2025-01
1334,2024-08,free,organic,2025-02
1334,2024-08,free,organic,2025-03
1335,2024-05,free,content,2024-05
1336,2024-09,free,paid_search,2024-09
1337,2024-06,free,referral,2024-06
1337,2024-06,free,referral,2024-07
1338,2024-03,free,paid_search,2024-03
1339,2024-07,free,content,2024-07
1340,2024-04,free,organic,2024-04
1340,2024-04,free,organic,2024-05
1340,2024-04,free,organic,2024-06
1340,2024-04,free,organic,2024-07
1340,2024-04,free,organic,2024-08
1340,2024-04,free,organic,2024-09
1340,2024-04,free,organic,2024-10
1340,2024-04,free,organic,2024-11
1340,2024-04,free,organic,2024-12
1341,2024-05,starter,paid_search,2024-05
1342,2024-02,pro,referral,2024-02
1342,2024-02,pro,referral,2024-03
1342,2024-02,pro,referral,2024-04
1342,2024-02,pro,referral,2024-05
1342,2024-02,pro,referral,2024-06
1342,2024-02,pro,referral,2024-07
1342,2024-02,pro,referral,2024-08
1342,2024-02,pro,referral,2024-09
1342,2024-02,pro,referral,2024-10
1343,2024-02,starter,organic,2024-02
1343,2024-02,starter,organic,2024-03
1343,2024-02,starter,organic,2024-04
1343,2024-02,starter,organic,2024-05
1343,2024-02,starter,organic,2024-06
1343,2024-02,starter,organic,2024-07
1343,2024-02,starter,organic,2024-08
1343,2024-02,starter,organic,2024-09
1344,2024-06,free,paid_search,2024-06
1344,2024-06,free,paid_search,2024-07
1345,2024-02,free,content,2024-02
1345,2024-02,free,content,2024-03
1345,2024-02,free,content,2024-04
1345,2024-02,free,content,2024-05
1346,2024-09,pro,paid_search,2024-09
1346,2024-09,pro,paid_search,2024-10
1346,2024-09,pro,paid_search,2024-11
1346,2024-09,pro,paid_search,2024-12
1347,2024-08,free,referral,2024-08
1347,2024-08,free,referral,2024-09
1347,2024-08,free,referral,2024-10
1347,2024-08,free,referral,2024-11
1347,2024-08,free,referral,2024-12
1348,2024-07,free,paid_search,2024-07
1349,2024-07,pro,referral,2024-07
1349,2024-07,pro,referral,2024-08
1349,2024-07,pro,referral,2024-09
1349,2024-07,pro,referral,2024-10
1349,2024-07,pro,referral,2024-11
1349,2024-07,pro,referral,2024-12
1349,2024-07,pro,referral,2025-01
1349,2024-07,pro,referral,2025-02
1349,2024-07,pro,referral,2025-03
1350,2024-06,enterprise,content,2024-06
1350,2024-06,enterprise,content,2024-07
1350,2024-06,enterprise,content,2024-08
1350,2024-06,enterprise,content,2024-09
1350,2024-06,enterprise,content,2024-10
1350,2024-06,enterprise,content,2024-11
1350,2024-06,enterprise,content,2024-12
1350,2024-06,enterprise,content,2025-01
1350,2024-06,enterprise,content,2025-02
1350,2024-06,enterprise,content,2025-03
1351,2024-01,free,paid_search,2024-01
1352,2024-04,starter,organic,2024-04
1352,2024-04,starter,organic,2024-05
1352,2024-04,starter,organic,2024-06
1352,2024-04,starter,organic,2024-07
1352,2024-04,starter,organic,2024-08
1352,2024-04,starter,organic,2024-09
1352,2024-04,starter,organic,2024-10
1352,2024-04,starter,organic,2024-11
1352,2024-04,starter,organic,2024-12
1352,2024-04,starter,organic,2025-01
1352,2024-04,starter,organic,2025-02
1352,2024-04,starter,organic,2025-03
1353,2024-05,free,organic,2024-05
1354,2024-09,starter,paid_search,2024-09
1355,2024-02,free,referral,2024-02
1356,2024-05,free,paid_search,2024-05
1357,2024-04,starter,organic,2024-04
1357,2024-04,starter,organic,2024-05
1357,2024-04,starter,organic,2024-06
1358,2024-02,free,organic,2024-02
1358,2024-02,free,organic,2024-03
1358,2024-02,free,organic,2024-04
1358,2024-02,free,organic,2024-05
1358,2024-02,free,organic,2024-06
1358,2024-02,free,organic,2024-07
1358,2024-02,free,organic,2024-08
1358,2024-02,free,organic,2024-09
1358,2024-02,free,organic,2024-10
1358,2024-02,free,organic,2024-11
1358,2024-02,free,organic,2024-12
1359,2024-01,starter,paid_search,2024-01
1359,2024-01,starter,paid_search,2024-02
1360,2024-04,free,referral,2024-04
1360,2024-04,free,referral,2024-05
1361,2024-01,pro,organic,2024-01
1362,2024-01,starter,paid_search,2024-01
1363,2024-04,free,referral,2024-04
1364,2024-02,starter,content,2024-02
1364,2024-02,starter,content,2024-03
1364,2024-02,starter,content,2024-04
1364,2024-02,starter,content,2024-05
1364,2024-02,starter,content,2024-06
1365,2024-05,free,organic,2024-05
1365,2024-05,free,organic,2024-06
1365,2024-05,free,organic,2024-07
1366,2024-01,free,content,2024-01
1366,2024-01,free,content,2024-02
1366,2024-01,free,content,2024-03
1366,2024-01,free,content,2024-04
1367,2024-03,free,paid_search,2024-03
1368,2024-05,pro,referral,2024-05
1368,2024-05,pro,referral,2024-06
1368,2024-05,pro,referral,2024-07
1368,2024-05,pro,referral,2024-08
1368,2024-05,pro,referral,2024-09
1368,2024-05,pro,referral,2024-10
1369,2024-09,pro,organic,2024-09
1369,2024-09,pro,organic,2024-10
1369,2024-09,pro,organic,2024-11
1369,2024-09,pro,organic,2024-12
1369,2024-09,pro,organic,2025-01
1369,2024-09,pro,organic,2025-02
1369,2024-09,pro,organic,2025-03
1370,2024-06,pro,paid_search,2024-06
1370,2024-06,pro,paid_search,2024-07
1371,2024-08,pro,paid_search,2024-08
1371,2024-08,pro,paid_search,2024-09
1371,2024-08,pro,paid_search,2024-10
1371,2024-08,pro,paid_search,2024-11
1371,2024-08,pro,paid_search,2024-12
1371,2024-08,pro,paid_search,2025-01
1371,2024-08,pro,paid_search,2025-02
1371,2024-08,pro,paid_search,2025-03
1372,2024-04,enterprise,organic,2024-04
1372,2024-04,enterprise,organic,2024-05
1372,2024-04,enterprise,organic,2024-06
1372,2024-04,enterprise,organic,2024-07
1372,2024-04,enterprise,organic,2024-08
1372,2024-04,enterprise,organic,2024-09
1372,2024-04,enterprise,organic,2024-10
1372,2024-04,enterprise,organic,2024-11
1372,2024-04,enterprise,organic,2024-12
1372,2024-04,enterprise,organic,2025-01
1372,2024-04,enterprise,organic,2025-02
1372,2024-04,enterprise,organic,2025-03
1373,2024-05,free,paid_search,2024-05
1374,2024-04,pro,paid_search,2024-04
1374,2024-04,pro,paid_search,2024-05
1374,2024-04,pro,paid_search,2024-06
1374,2024-04,pro,paid_search,2024-07
1374,2024-04,pro,paid_search,2024-08
1374,2024-04,pro,paid_search,2024-09
1374,2024-04,pro,paid_search,2024-10
1375,2024-08,free,paid_search,2024-08
1375,2024-08,free,paid_search,2024-09
1376,2024-09,free,organic,2024-09
1376,2024-09,free,organic,2024-10
1376,2024-09,free,organic,2024-11
1377,2024-09,free,paid_search,2024-09
1377,2024-09,free,paid_search,2024-10
1377,2024-09,free,paid_search,2024-11
1377,2024-09,free,paid_search,2024-12
1377,2024-09,free,paid_search,2025-01
1378,2024-07,free,organic,2024-07
1378,2024-07,free,organic,2024-08
1378,2024-07,free,organic,2024-09
1379,2024-05,free,content,2024-05
1380,2024-05,free,content,2024-05
1381,2024-09,free,organic,2024-09
1381,2024-09,free,organic,2024-10
1381,2024-09,free,organic,2024-11
1381,2024-09,free,organic,2024-12
1382,2024-03,free,organic,2024-03
1383,2024-04,pro,organic,2024-04
1383,2024-04,pro,organic,2024-05
1384,2024-09,starter,paid_search,2024-09
1385,2024-04,free,content,2024-04
1385,2024-04,free,content,2024-05
1386,2024-03,free,paid_search,2024-03
1386,2024-03,free,paid_search,2024-04
1386,2024-03,free,paid_search,2024-05
1386,2024-03,free,paid_search,2024-06
1386,2024-03,free,paid_search,2024-07
1387,2024-06,free,organic,2024-06
1387,2024-06,free,organic,2024-07
1388,2024-03,free,organic,2024-03
1388,2024-03,free,organic,2024-04
1388,2024-03,free,organic,2024-05
1388,2024-03,free,organic,2024-06
1388,2024-03,free,organic,2024-07
1388,2024-03,free,organic,2024-08
1388,2024-03,free,organic,2024-09
1388,2024-03,free,organic,2024-10
1388,2024-03,free,organic,2024-11
1388,2024-03,free,organic,2024-12
1388,2024-03,free,organic,2025-01
1388,2024-03,free,organic,2025-02
1388,2024-03,free,organic,2025-03
1389,2024-09,pro,organic,2024-09
1389,2024-09,pro,organic,2024-10
1389,2024-09,pro,organic,2024-11
1390,2024-09,free,referral,2024-09
1390,2024-09,free,referral,2024-10
1390,2024-09,free,referral,2024-11
1391,2024-03,starter,paid_search,2024-03
1392,2024-05,starter,paid_search,2024-05
1393,2024-09,free,organic,2024-09
1393,2024-09,free,organic,2024-10
1393,2024-09,free,organic,2024-11
1393,2024-09,free,organic,2024-12
1394,2024-07,pro,content,2024-07
1394,2024-07,pro,content,2024-08
1394,2024-07,pro,content,2024-09
1394,2024-07,pro,content,2024-10
1394,2024-07,pro,content,2024-11
1394,2024-07,pro,content,2024-12
1394,2024-07,pro,content,2025-01
1395,2024-02,free,organic,2024-02
1395,2024-02,free,organic,2024-03
1395,2024-02,free,organic,2024-04
1395,2024-02,free,organic,2024-05
1395,2024-02,free,organic,2024-06
1395,2024-02,free,organic,2024-07
1395,2024-02,free,organic,2024-08
1396,2024-06,pro,referral,2024-06
1397,2024-06,starter,content,2024-06
1398,2024-06,starter,paid_search,2024-06
1399,2024-01,starter,content,2024-01
1399,2024-01,starter,content,2024-02
1399,2024-01,starter,content,2024-03
1399,2024-01,starter,content,2024-04
1399,2024-01,starter,content,2024-05
1399,2024-01,starter,content,2024-06
1399,2024-01,starter,content,2024-07
1399,2024-01,starter,content,2024-08
1399,2024-01,starter,content,2024-09
1399,2024-01,starter,content,2024-10
1399,2024-01,starter,content,2024-11
1399,2024-01,starter,content,2024-12
1399,2024-01,starter,content,2025-01
1399,2024-01,starter,content,2025-02
1399,2024-01,starter,content,2025-03
1400,2024-03,pro,organic,2024-03
1400,2024-03,pro,organic,2024-04
1400,2024-03,pro,organic,2024-05
1400,2024-03,pro,organic,2024-06
1400,2024-03,pro,organic,2024-07
1400,2024-03,pro,organic,2024-08
1401,2024-08,enterprise,referral,2024-08
1401,2024-08,enterprise,referral,2024-09
1401,2024-08,enterprise,referral,2024-10
1401,2024-08,enterprise,referral,2024-11
1401,2024-08,enterprise,referral,2024-12
1401,2024-08,enterprise,referral,2025-01
1401,2024-08,enterprise,referral,2025-02
1401,2024-08,enterprise,referral,2025-03
1402,2024-03,free,organic,2024-03
1402,2024-03,free,organic,2024-04
1402,2024-03,free,organic,2024-05
1403,2024-03,starter,paid_search,2024-03
1403,2024-03,starter,paid_search,2024-04
1403,2024-03,starter,paid_search,2024-05
1403,2024-03,starter,paid_search,2024-06
1403,2024-03,starter,paid_search,2024-07
1403,2024-03,starter,paid_search,2024-08
1404,2024-03,starter,organic,2024-03
1404,2024-03,starter,organic,2024-04
1404,2024-03,starter,organic,2024-05
1404,2024-03,starter,organic,2024-06
1404,2024-03,starter,organic,2024-07
1404,2024-03,starter,organic,2024-08
1404,2024-03,starter,organic,2024-09
1404,2024-03,starter,organic,2024-10
1404,2024-03,starter,organic,2024-11
1404,2024-03,starter,organic,2024-12
1404,2024-03,starter,organic,2025-01
1405,2024-02,free,organic,2024-02
1406,2024-02,pro,organic,2024-02
1407,2024-04,free,organic,2024-04
1407,2024-04,free,organic,2024-05
1408,2024-08,free,paid_search,2024-08
1409,2024-01,free,paid_search,2024-01
1410,2024-03,free,organic,2024-03
1410,2024-03,free,organic,2024-04
1411,2024-01,pro,content,2024-01
1411,2024-01,pro,content,2024-02
1411,2024-01,pro,content,2024-03
1411,2024-01,pro,content,2024-04
1411,2024-01,pro,content,2024-05
1411,2024-01,pro,content,2024-06
1411,2024-01,pro,content,2024-07
1411,2024-01,pro,content,2024-08
1411,2024-01,pro,content,2024-09
1411,2024-01,pro,content,2024-10
1411,2024-01,pro,content,2024-11
1411,2024-01,pro,content,2024-12
1411,2024-01,pro,content,2025-01
1411,2024-01,pro,content,2025-02
1411,2024-01,pro,content,2025-03
1412,2024-06,free,content,2024-06
1412,2024-06,free,content,2024-07
1413,2024-03,free,organic,2024-03
1413,2024-03,free,organic,2024-04
1414,2024-08,free,paid_search,2024-08
1415,2024-06,free,paid_search,2024-06
1415,2024-06,free,paid_search,2024-07
1416,2024-08,starter,referral,2024-08
1416,2024-08,starter,referral,2024-09
1416,2024-08,starter,referral,2024-10
1416,2024-08,starter,referral,2024-11
1416,2024-08,starter,referral,2024-12
1416,2024-08,starter,referral,2025-01
1416,2024-08,starter,referral,2025-02
1416,2024-08,starter,referral,2025-03
1417,2024-06,pro,paid_search,2024-06
1417,2024-06,pro,paid_search,2024-07
1417,2024-06,pro,paid_search,2024-08
1417,2024-06,pro,paid_search,2024-09
1418,2024-04,free,referral,2024-04
1418,2024-04,free,referral,2024-05
1418,2024-04,free,referral,2024-06
1419,2024-08,free,organic,2024-08
1420,2024-05,free,organic,2024-05
1421,2024-09,starter,referral,2024-09
1421,2024-09,starter,referral,2024-10
1421,2024-09,starter,referral,2024-11
1421,2024-09,starter,referral,2024-12
1421,2024-09,starter,referral,2025-01
1421,2024-09,starter,referral,2025-02
1421,2024-09,starter,referral,2025-03
1422,2024-09,free,paid_search,2024-09
1423,2024-06,free,referral,2024-06
1423,2024-06,free,referral,2024-07
1423,2024-06,free,referral,2024-08
1423,2024-06,free,referral,2024-09
1423,2024-06,free,referral,2024-10
1423,2024-06,free,referral,2024-11
1423,2024-06,free,referral,2024-12
1423,2024-06,free,referral,2025-01
1424,2024-07,free,organic,2024-07
1424,2024-07,free,organic,2024-08
1425,2024-03,free,organic,2024-03
1425,2024-03,free,organic,2024-04
1425,2024-03,free,organic,2024-05
1425,2024-03,free,organic,2024-06
1425,2024-03,free,organic,2024-07
1425,2024-03,free,organic,2024-08
1425,2024-03,free,organic,2024-09
1426,2024-08,free,organic,2024-08
1426,2024-08,free,organic,2024-09
1426,2024-08,free,organic,2024-10
1426,2024-08,free,organic,2024-11
1426,2024-08,free,organic,2024-12
1426,2024-08,free,organic,2025-01
1426,2024-08,free,organic,2025-02
1426,2024-08,free,organic,2025-03
1427,2024-07,free,organic,2024-07
1427,2024-07,free,organic,2024-08
1428,2024-09,starter,organic,2024-09
1428,2024-09,starter,organic,2024-10
1429,2024-03,starter,paid_search,2024-03
1429,2024-03,starter,paid_search,2024-04
1430,2024-08,free,paid_search,2024-08
1430,2024-08,free,paid_search,2024-09
1430,2024-08,free,paid_search,2024-10
1431,2024-05,starter,referral,2024-05
1431,2024-05,starter,referral,2024-06
1431,2024-05,starter,referral,2024-07
1431,2024-05,starter,referral,2024-08
1431,2024-05,starter,referral,2024-09
1431,2024-05,starter,referral,2024-10
1431,2024-05,starter,referral,2024-11
1431,2024-05,starter,referral,2024-12
1432,2024-02,pro,paid_search,2024-02
1432,2024-02,pro,paid_search,2024-03
1432,2024-02,pro,paid_search,2024-04
1432,2024-02,pro,paid_search,2024-05
1433,2024-02,free,organic,2024-02
1434,2024-06,free,referral,2024-06
1434,2024-06,free,referral,2024-07
1435,2024-03,free,organic,2024-03
1435,2024-03,free,organic,2024-04
1436,2024-01,starter,content,2024-01
1436,2024-01,starter,content,2024-02
1436,2024-01,starter,content,2024-03
1436,2024-01,starter,content,2024-04
1437,2024-04,free,organic,2024-04
1438,2024-06,starter,paid_search,2024-06
1438,2024-06,starter,paid_search,2024-07
1438,2024-06,starter,paid_search,2024-08
1438,2024-06,starter,paid_search,2024-09
1438,2024-06,starter,paid_search,2024-10
1438,2024-06,starter,paid_search,2024-11
1438,2024-06,starter,paid_search,2024-12
1439,2024-03,free,content,2024-03
1439,2024-03,free,content,2024-04
1440,2024-09,free,paid_search,2024-09
1440,2024-09,free,paid_search,2024-10
1440,2024-09,free,paid_search,2024-11
1440,2024-09,free,paid_search,2024-12
1440,2024-09,free,paid_search,2025-01
1440,2024-09,free,paid_search,2025-02
1441,2024-08,pro,paid_search,2024-08
1441,2024-08,pro,paid_search,2024-09
1441,2024-08,pro,paid_search,2024-10
1442,2024-05,free,referral,2024-05
1443,2024-09,pro,organic,2024-09
1443,2024-09,pro,organic,2024-10
1443,2024-09,pro,organic,2024-11
1443,2024-09,pro,organic,2024-12
1443,2024-09,pro,organic,2025-01
1443,2024-09,pro,organic,2025-02
1444,2024-04,enterprise,referral,2024-04
1444,2024-04,enterprise,referral,2024-05
1444,2024-04,enterprise,referral,2024-06
1444,2024-04,enterprise,referral,2024-07
1444,2024-04,enterprise,referral,2024-08
1444,2024-04,enterprise,referral,2024-09
1444,2024-04,enterprise,referral,2024-10
1444,2024-04,enterprise,referral,2024-11
1444,2024-04,enterprise,referral,2024-12
1444,2024-04,enterprise,referral,2025-01
1444,2024-04,enterprise,referral,2025-02
1444,2024-04,enterprise,referral,2025-03
1445,2024-02,pro,content,2024-02
1446,2024-01,free,content,2024-01
1446,2024-01,free,content,2024-02
1446,2024-01,free,content,2024-03
1447,2024-09,starter,paid_search,2024-09
1447,2024-09,starter,paid_search,2024-10
1447,2024-09,starter,paid_search,2024-11
1447,2024-09,starter,paid_search,2024-12
1447,2024-09,starter,paid_search,2025-01
1447,2024-09,starter,paid_search,2025-02
1448,2024-09,free,organic,2024-09
1448,2024-09,free,organic,2024-10
1448,2024-09,free,organic,2024-11
1448,2024-09,free,organic,2024-12
1449,2024-07,free,referral,2024-07
1449,2024-07,free,referral,2024-08
1449,2024-07,free,referral,2024-09
1449,2024-07,free,referral,2024-10
1449,2024-07,free,referral,2024-11
1449,2024-07,free,referral,2024-12
1449,2024-07,free,referral,2025-01
1449,2024-07,free,referral,2025-02
1450,2024-01,pro,paid_search,2024-01
1450,2024-01,pro,paid_search,2024-02
1451,2024-03,starter,organic,2024-03
1451,2024-03,starter,organic,2024-04
1451,2024-03,starter,organic,2024-05
1452,2024-01,free,organic,2024-01
1453,2024-01,free,organic,2024-01
1453,2024-01,free,organic,2024-02
1453,2024-01,free,organic,2024-03
1454,2024-03,starter,paid_search,2024-03
1455,2024-06,starter,organic,2024-06
1455,2024-06,starter,organic,2024-07
1455,2024-06,starter,organic,2024-08
1455,2024-06,starter,organic,2024-09
1455,2024-06,starter,organic,2024-10
1455,2024-06,starter,organic,2024-11
1455,2024-06,starter,organic,2024-12
1455,2024-06,starter,organic,2025-01
1455,2024-06,starter,organic,2025-02
1455,2024-06,starter,organic,2025-03
1456,2024-01,free,organic,2024-01
1456,2024-01,free,organic,2024-02
1456,2024-01,free,organic,2024-03
1456,2024-01,free,organic,2024-04
1457,2024-09,pro,organic,2024-09
1457,2024-09,pro,organic,2024-10
1457,2024-09,pro,organic,2024-11
1457,2024-09,pro,organic,2024-12
1457,2024-09,pro,organic,2025-01
1457,2024-09,pro,organic,2025-02
1457,2024-09,pro,organic,2025-03
1458,2024-05,free,content,2024-05
1459,2024-03,free,organic,2024-03
1459,2024-03,free,organic,2024-04
1459,2024-03,free,organic,2024-05
1459,2024-03,free,organic,2024-06
1459,2024-03,free,organic,2024-07
1459,2024-03,free,organic,2024-08
1459,2024-03,free,organic,2024-09
1460,2024-05,starter,organic,2024-05
1460,2024-05,starter,organic,2024-06
1460,2024-05,starter,organic,2024-07
1460,2024-05,starter,organic,2024-08
1460,2024-05,starter,organic,2024-09
1460,2024-05,starter,organic,2024-10
1460,2024-05,starter,organic,2024-11
1460,2024-05,starter,organic,2024-12
1460,2024-05,starter,organic,2025-01
1460,2024-05,starter,organic,2025-02
1460,2024-05,starter,organic,2025-03
1461,2024-08,enterprise,paid_search,2024-08
1462,2024-03,free,organic,2024-03
1463,2024-01,free,content,2024-01
1464,2024-01,free,content,2024-01
1464,2024-01,free,content,2024-02
1464,2024-01,free,content,2024-03
1464,2024-01,free,content,2024-04
1465,2024-08,pro,paid_search,2024-08
1465,2024-08,pro,paid_search,2024-09
1465,2024-08,pro,paid_search,2024-10
1465,2024-08,pro,paid_search,2024-11
1465,2024-08,pro,paid_search,2024-12
1466,2024-02,free,paid_search,2024-02
1466,2024-02,free,paid_search,2024-03
1466,2024-02,free,paid_search,2024-04
1467,2024-06,free,paid_search,2024-06
1468,2024-04,enterprise,organic,2024-04
1468,2024-04,enterprise,organic,2024-05
1468,2024-04,enterprise,organic,2024-06
1468,2024-04,enterprise,organic,2024-07
1468,2024-04,enterprise,organic,2024-08
1468,2024-04,enterprise,organic,2024-09
1468,2024-04,enterprise,organic,2024-10
1468,2024-04,enterprise,organic,2024-11
1468,2024-04,enterprise,organic,2024-12
1468,2024-04,enterprise,organic,2025-01
1468,2024-04,enterprise,organic,2025-02
1468,2024-04,enterprise,organic,2025-03
1469,2024-07,free,organic,2024-07
1469,2024-07,free,organic,2024-08
1470,2024-01,free,organic,2024-01
1471,2024-09,free,organic,2024-09
1471,2024-09,free,organic,2024-10
1471,2024-09,free,organic,2024-11
1471,2024-09,free,organic,2024-12
1472,2024-07,starter,paid_search,2024-07
1472,2024-07,starter,paid_search,2024-08
1472,2024-07,starter,paid_search,2024-09
1473,2024-05,free,organic,2024-05
1473,2024-05,free,organic,2024-06
1473,2024-05,free,organic,2024-07
1473,2024-05,free,organic,2024-08
1473,2024-05,free,organic,2024-09
1473,2024-05,free,organic,2024-10
1473,2024-05,free,organic,2024-11
1473,2024-05,free,organic,2024-12
1474,2024-02,free,organic,2024-02
1474,2024-02,free,organic,2024-03
1474,2024-02,free,organic,2024-04
1474,2024-02,free,organic,2024-05
1475,2024-09,free,paid_search,2024-09
1475,2024-09,free,paid_search,2024-10
1475,2024-09,free,paid_search,2024-11
1476,2024-03,starter,paid_search,2024-03
1476,2024-03,starter,paid_search,2024-04
1476,2024-03,starter,paid_search,2024-05
1477,2024-05,starter,organic,2024-05
1477,2024-05,starter,organic,2024-06
1477,2024-05,starter,organic,2024-07
1477,2024-05,starter,organic,2024-08
1477,2024-05,starter,organic,2024-09
1478,2024-04,free,organic,2024-04
1478,2024-04,free,organic,2024-05
1478,2024-04,free,organic,2024-06
1478,2024-04,free,organic,2024-07
1478,2024-04,free,organic,2024-08
1478,2024-04,free,organic,2024-09
1478,2024-04,free,organic,2024-10
1478,2024-04,free,organic,2024-11
1478,2024-04,free,organic,2024-12
1478,2024-04,free,organic,2025-01
1478,2024-04,free,organic,2025-02
1478,2024-04,free,organic,2025-03
1479,2024-03,free,organic,2024-03
1479,2024-03,free,organic,2024-04
1479,2024-03,free,organic,2024-05
1479,2024-03,free,organic,2024-06
1479,2024-03,free,organic,2024-07
1479,2024-03,free,organic,2024-08
1480,2024-04,pro,organic,2024-04
1480,2024-04,pro,organic,2024-05
1480,2024-04,pro,organic,2024-06
1480,2024-04,pro,organic,2024-07
1481,2024-02,free,referral,2024-02
1481,2024-02,free,referral,2024-03
1481,2024-02,free,referral,2024-04
1481,2024-02,free,referral,2024-05
1481,2024-02,free,referral,2024-06
1481,2024-02,free,referral,2024-07
1481,2024-02,free,referral,2024-08
1482,2024-01,free,content,2024-01
1482,2024-01,free,content,2024-02
1482,2024-01,free,content,2024-03
1483,2024-03,free,paid_search,2024-03
1483,2024-03,free,paid_search,2024-04
1483,2024-03,free,paid_search,2024-05
1483,2024-03,free,paid_search,2024-06
1483,2024-03,free,paid_search,2024-07
1484,2024-02,free,paid_search,2024-02
1485,2024-04,free,referral,2024-04
1485,2024-04,free,referral,2024-05
1485,2024-04,free,referral,2024-06
1485,2024-04,free,referral,2024-07
1485,2024-04,free,referral,2024-08
1485,2024-04,free,referral,2024-09
1485,2024-04,free,referral,2024-10
1485,2024-04,free,referral,2024-11
1485,2024-04,free,referral,2024-12
1486,2024-08,free,paid_search,2024-08
1486,2024-08,free,paid_search,2024-09
1486,2024-08,free,paid_search,2024-10
1487,2024-02,free,organic,2024-02
1487,2024-02,free,organic,2024-03
1487,2024-02,free,organic,2024-04
1488,2024-01,free,organic,2024-01
1489,2024-01,starter,paid_search,2024-01
1489,2024-01,starter,paid_search,2024-02
1489,2024-01,starter,paid_search,2024-03
1490,2024-05,free,paid_search,2024-05
1491,2024-03,free,organic,2024-03
1491,2024-03,free,organic,2024-04
1491,2024-03,free,organic,2024-05
1491,2024-03,free,organic,2024-06
1492,2024-05,pro,organic,2024-05
1493,2024-01,free,organic,2024-01
1493,2024-01,free,organic,2024-02
1493,2024-01,free,organic,2024-03
1493,2024-01,free,organic,2024-04
1493,2024-01,free,organic,2024-05
1493,2024-01,free,organic,2024-06
1493,2024-01,free,organic,2024-07
1493,2024-01,free,organic,2024-08
1494,2024-03,starter,organic,2024-03
1494,2024-03,starter,organic,2024-04
1494,2024-03,starter,organic,2024-05
1495,2024-04,free,paid_search,2024-04
1496,2024-04,starter,referral,2024-04
1496,2024-04,starter,referral,2024-05
1496,2024-04,starter,referral,2024-06
1496,2024-04,starter,referral,2024-07
1496,2024-04,starter,referral,2024-08
1496,2024-04,starter,referral,2024-09
1496,2024-04,starter,referral,2024-10
1496,2024-04,starter,referral,2024-11
1496,2024-04,starter,referral,2024-12
1496,2024-04,starter,referral,2025-01
1496,2024-04,starter,referral,2025-02
1496,2024-04,starter,referral,2025-03
1497,2024-05,free,paid_search,2024-05
1497,2024-05,free,paid_search,2024-06
1497,2024-05,free,paid_search,2024-07
1498,2024-08,free,organic,2024-08
1498,2024-08,free,organic,2024-09
1498,2024-08,free,organic,2024-10
1498,2024-08,free,organic,2024-11
1499,2024-05,free,organic,2024-05
1500,2024-08,free,referral,2024-08
1501,2024-05,free,paid_search,2024-05
1502,2024-03,starter,organic,2024-03
1502,2024-03,starter,organic,2024-04
1502,2024-03,starter,organic,2024-05
1502,2024-03,starter,organic,2024-06
1503,2024-03,pro,organic,2024-03
1504,2024-03,free,referral,2024-03
1504,2024-03,free,referral,2024-04
1504,2024-03,free,referral,2024-05
1504,2024-03,free,referral,2024-06
1504,2024-03,free,referral,2024-07
1505,2024-06,pro,referral,2024-06
1505,2024-06,pro,referral,2024-07
1505,2024-06,pro,referral,2024-08
1505,2024-06,pro,referral,2024-09
1505,2024-06,pro,referral,2024-10
1505,2024-06,pro,referral,2024-11
1505,2024-06,pro,referral,2024-12
1505,2024-06,pro,referral,2025-01
1505,2024-06,pro,referral,2025-02
1506,2024-03,starter,content,2024-03
1506,2024-03,starter,content,2024-04
1506,2024-03,starter,content,2024-05
1506,2024-03,starter,content,2024-06
1506,2024-03,starter,content,2024-07
1506,2024-03,starter,content,2024-08
1507,2024-09,pro,paid_search,2024-09
1507,2024-09,pro,paid_search,2024-10
1507,2024-09,pro,paid_search,2024-11
1507,2024-09,pro,paid_search,2024-12
1507,2024-09,pro,paid_search,2025-01
1508,2024-05,starter,paid_search,2024-05
1509,2024-08,starter,paid_search,2024-08
1509,2024-08,starter,paid_search,2024-09
1510,2024-07,free,organic,2024-07
1510,2024-07,free,organic,2024-08
1510,2024-07,free,organic,2024-09
1510,2024-07,free,organic,2024-10
1510,2024-07,free,organic,2024-11
1510,2024-07,free,organic,2024-12
1511,2024-04,starter,referral,2024-04
1511,2024-04,starter,referral,2024-05
1511,2024-04,starter,referral,2024-06
1511,2024-04,starter,referral,2024-07
1511,2024-04,starter,referral,2024-08
1511,2024-04,starter,referral,2024-09
1511,2024-04,starter,referral,2024-10
1511,2024-04,starter,referral,2024-11
1511,2024-04,starter,referral,2024-12
1511,2024-04,starter,referral,2025-01
1511,2024-04,starter,referral,2025-02
1511,2024-04,starter,referral,2025-03
1512,2024-03,pro,paid_search,2024-03
1512,2024-03,pro,paid_search,2024-04
1512,2024-03,pro,paid_search,2024-05
1512,2024-03,pro,paid_search,2024-06
1512,2024-03,pro,paid_search,2024-07
1512,2024-03,pro,paid_search,2024-08
1512,2024-03,pro,paid_search,2024-09
1512,2024-03,pro,paid_search,2024-10
1512,2024-03,pro,paid_search,2024-11
1512,2024-03,pro,paid_search,2024-12
1512,2024-03,pro,paid_search,2025-01
1513,2024-07,free,organic,2024-07
1513,2024-07,free,organic,2024-08
1513,2024-07,free,organic,2024-09
1514,2024-03,free,content,2024-03
1514,2024-03,free,content,2024-04
1515,2024-03,free,paid_search,2024-03
1516,2024-09,pro,organic,2024-09
1516,2024-09,pro,organic,2024-10
1516,2024-09,pro,organic,2024-11
1516,2024-09,pro,organic,2024-12
1517,2024-05,free,organic,2024-05
1517,2024-05,free,organic,2024-06
1518,2024-01,starter,content,2024-01
1518,2024-01,starter,content,2024-02
1518,2024-01,starter,content,2024-03
1518,2024-01,starter,content,2024-04
1518,2024-01,starter,content,2024-05
1518,2024-01,starter,content,2024-06
1519,2024-05,pro,content,2024-05
1519,2024-05,pro,content,2024-06
1520,2024-05,enterprise,paid_search,2024-05
1521,2024-08,free,content,2024-08
1521,2024-08,free,content,2024-09
1521,2024-08,free,content,2024-10
1521,2024-08,free,content,2024-11
1521,2024-08,free,content,2024-12
1522,2024-07,starter,content,2024-07
1523,2024-02,pro,referral,2024-02
1523,2024-02,pro,referral,2024-03
1523,2024-02,pro,referral,2024-04
1523,2024-02,pro,referral,2024-05
1523,2024-02,pro,referral,2024-06
1523,2024-02,pro,referral,2024-07
1523,2024-02,pro,referral,2024-08
1523,2024-02,pro,referral,2024-09
1523,2024-02,pro,referral,2024-10
1523,2024-02,pro,referral,2024-11
1523,2024-02,pro,referral,2024-12
1523,2024-02,pro,referral,2025-01
1523,2024-02,pro,referral,2025-02
1523,2024-02,pro,referral,2025-03
1524,2024-02,free,content,2024-02
1524,2024-02,free,content,2024-03
1525,2024-06,starter,paid_search,2024-06
1525,2024-06,starter,paid_search,2024-07
1526,2024-01,free,referral,2024-01
1526,2024-01,free,referral,2024-02
1526,2024-01,free,referral,2024-03
1526,2024-01,free,referral,2024-04
1526,2024-01,free,referral,2024-05
1526,2024-01,free,referral,2024-06
1526,2024-01,free,referral,2024-07
1526,2024-01,free,referral,2024-08
1526,2024-01,free,referral,2024-09
1526,2024-01,free,referral,2024-10
1527,2024-03,starter,paid_search,2024-03
1527,2024-03,starter,paid_search,2024-04
1527,2024-03,starter,paid_search,2024-05
1527,2024-03,starter,paid_search,2024-06
1527,2024-03,starter,paid_search,2024-07
1527,2024-03,starter,paid_search,2024-08
1527,2024-03,starter,paid_search,2024-09
1527,2024-03,starter,paid_search,2024-10
1528,2024-02,free,referral,2024-02
1529,2024-01,free,organic,2024-01
1529,2024-01,free,organic,2024-02
1529,2024-01,free,organic,2024-03
1530,2024-09,free,referral,2024-09
1530,2024-09,free,referral,2024-10
1530,2024-09,free,referral,2024-11
1530,2024-09,free,referral,2024-12
1530,2024-09,free,referral,2025-01
1530,2024-09,free,referral,2025-02
1530,2024-09,free,referral,2025-03
1531,2024-01,free,content,2024-01
1532,2024-01,free,organic,2024-01
1533,2024-09,starter,content,2024-09
1534,2024-02,free,paid_search,2024-02
1534,2024-02,free,paid_search,2024-03
1535,2024-08,free,organic,2024-08
1536,2024-01,starter,organic,2024-01
1536,2024-01,starter,organic,2024-02
1536,2024-01,starter,organic,2024-03
1536,2024-01,starter,organic,2024-04
1536,2024-01,starter,organic,2024-05
1536,2024-01,starter,organic,2024-06
1536,2024-01,starter,organic,2024-07
1536,2024-01,starter,organic,2024-08
1536,2024-01,starter,organic,2024-09
1536,2024-01,starter,organic,2024-10
1536,2024-01,starter,organic,2024-11
1537,2024-02,starter,referral,2024-02
1538,2024-01,free,paid_search,2024-01
1538,2024-01,free,paid_search,2024-02
1538,2024-01,free,paid_search,2024-03
1539,2024-07,pro,organic,2024-07
1539,2024-07,pro,organic,2024-08
1540,2024-06,free,paid_search,2024-06
1541,2024-05,pro,organic,2024-05
1542,2024-03,free,paid_search,2024-03
1542,2024-03,free,paid_search,2024-04
1542,2024-03,free,paid_search,2024-05
1542,2024-03,free,paid_search,2024-06
1542,2024-03,free,paid_search,2024-07
1543,2024-01,starter,content,2024-01
1543,2024-01,starter,content,2024-02
1543,2024-01,starter,content,2024-03
1543,2024-01,starter,content,2024-04
1543,2024-01,starter,content,2024-05
1543,2024-01,starter,content,2024-06
1543,2024-01,starter,content,2024-07
1543,2024-01,starter,content,2024-08
1543,2024-01,starter,content,2024-09
1543,2024-01,starter,content,2024-10
1543,2024-01,starter,content,2024-11
1544,2024-06,enterprise,referral,2024-06
1544,2024-06,enterprise,referral,2024-07
1544,2024-06,enterprise,referral,2024-08
1544,2024-06,enterprise,referral,2024-09
1544,2024-06,enterprise,referral,2024-10
1544,2024-06,enterprise,referral,2024-11
1544,2024-06,enterprise,referral,2024-12
1544,2024-06,enterprise,referral,2025-01
1544,2024-06,enterprise,referral,2025-02
1544,2024-06,enterprise,referral,2025-03
1545,2024-03,pro,referral,2024-03
1545,2024-03,pro,referral,2024-04
1545,2024-03,pro,referral,2024-05
1545,2024-03,pro,referral,2024-06
1545,2024-03,pro,referral,2024-07
1545,2024-03,pro,referral,2024-08
1545,2024-03,pro,referral,2024-09
1545,2024-03,pro,referral,2024-10
1545,2024-03,pro,referral,2024-11
1545,2024-03,pro,referral,2024-12
1545,2024-03,pro,referral,2025-01
1545,2024-03,pro,referral,2025-02
1545,2024-03,pro,referral,2025-03
1546,2024-06,free,paid_search,2024-06
1546,2024-06,free,paid_search,2024-07
1546,2024-06,free,paid_search,2024-08
1547,2024-07,starter,content,2024-07
1547,2024-07,starter,content,2024-08
1547,2024-07,starter,content,2024-09
1548,2024-08,free,organic,2024-08
1548,2024-08,free,organic,2024-09
1549,2024-05,starter,organic,2024-05
1550,2024-01,starter,organic,2024-01
1550,2024-01,starter,organic,2024-02
1550,2024-01,starter,organic,2024-03
1550,2024-01,starter,organic,2024-04
1550,2024-01,starter,organic,2024-05
1550,2024-01,starter,organic,2024-06
1550,2024-01,starter,organic,2024-07
1551,2024-03,enterprise,paid_search,2024-03
1551,2024-03,enterprise,paid_search,2024-04
1551,2024-03,enterprise,paid_search,2024-05
1551,2024-03,enterprise,paid_search,2024-06
1551,2024-03,enterprise,paid_search,2024-07
1551,2024-03,enterprise,paid_search,2024-08
1551,2024-03,enterprise,paid_search,2024-09
1552,2024-08,free,paid_search,2024-08
1552,2024-08,free,paid_search,2024-09
1552,2024-08,free,paid_search,2024-10
1552,2024-08,free,paid_search,2024-11
1552,2024-08,free,paid_search,2024-12
1553,2024-05,free,referral,2024-05
1553,2024-05,free,referral,2024-06
1553,2024-05,free,referral,2024-07
1554,2024-06,free,organic,2024-06
1554,2024-06,free,organic,2024-07
1554,2024-06,free,organic,2024-08
1554,2024-06,free,organic,2024-09
1554,2024-06,free,organic,2024-10
1555,2024-05,free,organic,2024-05
1556,2024-02,free,paid_search,2024-02
1556,2024-02,free,paid_search,2024-03
1556,2024-02,free,paid_search,2024-04
1556,2024-02,free,paid_search,2024-05
1557,2024-09,free,content,2024-09
1557,2024-09,free,content,2024-10
1558,2024-07,starter,organic,2024-07
1558,2024-07,starter,organic,2024-08
1558,2024-07,starter,organic,2024-09
1558,2024-07,starter,organic,2024-10
1558,2024-07,starter,organic,2024-11
1558,2024-07,starter,organic,2024-12
1558,2024-07,starter,organic,2025-01
1559,2024-09,free,organic,2024-09
1559,2024-09,free,organic,2024-10
1559,2024-09,free,organic,2024-11
1559,2024-09,free,organic,2024-12
1559,2024-09,free,organic,2025-01
1559,2024-09,free,organic,2025-02
1559,2024-09,free,organic,2025-03
1560,2024-08,free,organic,2024-08
1560,2024-08,free,organic,2024-09
1560,2024-08,free,organic,2024-10
1560,2024-08,free,organic,2024-11
1560,2024-08,free,organic,2024-12
1560,2024-08,free,organic,2025-01
1560,2024-08,free,organic,2025-02
1561,2024-03,free,paid_search,2024-03
1561,2024-03,free,paid_search,2024-04
1561,2024-03,free,paid_search,2024-05
1562,2024-03,pro,organic,2024-03
1562,2024-03,pro,organic,2024-04
1562,2024-03,pro,organic,2024-05
1562,2024-03,pro,organic,2024-06
1562,2024-03,pro,organic,2024-07
1562,2024-03,pro,organic,2024-08
1562,2024-03,pro,organic,2024-09
1562,2024-03,pro,organic,2024-10
1562,2024-03,pro,organic,2024-11
1562,2024-03,pro,organic,2024-12
1562,2024-03,pro,organic,2025-01
1562,2024-03,pro,organic,2025-02
1562,2024-03,pro,organic,2025-03
1563,2024-03,starter,organic,2024-03
1563,2024-03,starter,organic,2024-04
1563,2024-03,starter,organic,2024-05
1563,2024-03,starter,organic,2024-06
1564,2024-09,free,paid_search,2024-09
1564,2024-09,free,paid_search,2024-10
1564,2024-09,free,paid_search,2024-11
1564,2024-09,free,paid_search,2024-12
1564,2024-09,free,paid_search,2025-01
1564,2024-09,free,paid_search,2025-02
1564,2024-09,free,paid_search,2025-03
1565,2024-06,free,organic,2024-06
1565,2024-06,free,organic,2024-07
1566,2024-05,free,paid_search,2024-05
1567,2024-09,free,organic,2024-09
1567,2024-09,free,organic,2024-10
1567,2024-09,free,organic,2024-11
1567,2024-09,free,organic,2024-12
1567,2024-09,free,organic,2025-01
1568,2024-06,free,content,2024-06
1568,2024-06,free,content,2024-07
1568,2024-06,free,content,2024-08
1569,2024-09,free,paid_search,2024-09
1569,2024-09,free,paid_search,2024-10
1569,2024-09,free,paid_search,2024-11
1569,2024-09,free,paid_search,2024-12
1569,2024-09,free,paid_search,2025-01
1569,2024-09,free,paid_search,2025-02
1570,2024-09,pro,organic,2024-09
1570,2024-09,pro,organic,2024-10
1570,2024-09,pro,organic,2024-11
1570,2024-09,pro,organic,2024-12
1570,2024-09,pro,organic,2025-01
1570,2024-09,pro,organic,2025-02
1570,2024-09,pro,organic,2025-03
1571,2024-01,free,organic,2024-01
1571,2024-01,free,organic,2024-02
1571,2024-01,free,organic,2024-03
1571,2024-01,free,organic,2024-04
1571,2024-01,free,organic,2024-05
1571,2024-01,free,organic,2024-06
1572,2024-04,starter,paid_search,2024-04
1572,2024-04,starter,paid_search,2024-05
1573,2024-07,free,content,2024-07
1574,2024-08,enterprise,organic,2024-08
1574,2024-08,enterprise,organic,2024-09
1574,2024-08,enterprise,organic,2024-10
1574,2024-08,enterprise,organic,2024-11
1575,2024-02,enterprise,organic,2024-02
1575,2024-02,enterprise,organic,2024-03
1575,2024-02,enterprise,organic,2024-04
1575,2024-02,enterprise,organic,2024-05
1575,2024-02,enterprise,organic,2024-06
1575,2024-02,enterprise,organic,2024-07
1575,2024-02,enterprise,organic,2024-08
1575,2024-02,enterprise,organic,2024-09
1575,2024-02,enterprise,organic,2024-10
1575,2024-02,enterprise,organic,2024-11
1575,2024-02,enterprise,organic,2024-12
1575,2024-02,enterprise,organic,2025-01
1575,2024-02,enterprise,organic,2025-02
1575,2024-02,enterprise,organic,2025-03
1576,2024-03,starter,organic,2024-03
1576,2024-03,starter,organic,2024-04
1576,2024-03,starter,organic,2024-05
1576,2024-03,starter,organic,2024-06
1576,2024-03,starter,organic,2024-07
1576,2024-03,starter,organic,2024-08
1576,2024-03,starter,organic,2024-09
1576,2024-03,starter,organic,2024-10
1576,2024-03,starter,organic,2024-11
1576,2024-03,starter,organic,2024-12
1577,2024-05,free,paid_search,2024-05
1578,2024-08,free,content,2024-08
1579,2024-02,starter,paid_search,2024-02
1580,2024-06,starter,organic,2024-06
1580,2024-06,starter,organic,2024-07
1581,2024-03,free,referral,2024-03
1581,2024-03,free,referral,2024-04
1581,2024-03,free,referral,2024-05
1581,2024-03,free,referral,2024-06
1581,2024-03,free,referral,2024-07
1581,2024-03,free,referral,2024-08
1581,2024-03,free,referral,2024-09
1581,2024-03,free,referral,2024-10
1582,2024-02,free,referral,2024-02
1582,2024-02,free,referral,2024-03
1582,2024-02,free,referral,2024-04
1582,2024-02,free,referral,2024-05
1582,2024-02,free,referral,2024-06
1583,2024-05,free,organic,2024-05
1584,2024-04,pro,organic,2024-04
1584,2024-04,pro,organic,2024-05
1584,2024-04,pro,organic,2024-06
1584,2024-04,pro,organic,2024-07
1584,2024-04,pro,organic,2024-08
1584,2024-04,pro,organic,2024-09
1584,2024-04,pro,organic,2024-10
1584,2024-04,pro,organic,2024-11
1584,2024-04,pro,organic,2024-12
1584,2024-04,pro,organic,2025-01
1584,2024-04,pro,organic,2025-02
1584,2024-04,pro,organic,2025-03
1585,2024-06,starter,paid_search,2024-06
1585,2024-06,starter,paid_search,2024-07
1585,2024-06,starter,paid_search,2024-08
1585,2024-06,starter,paid_search,2024-09
1585,2024-06,starter,paid_search,2024-10
1585,2024-06,starter,paid_search,2024-11
1585,2024-06,starter,paid_search,2024-12
1585,2024-06,starter,paid_search,2025-01
1586,2024-03,starter,referral,2024-03
1587,2024-08,starter,referral,2024-08
1587,2024-08,starter,referral,2024-09
1588,2024-01,free,referral,2024-01
1588,2024-01,free,referral,2024-02
1588,2024-01,free,referral,2024-03
1588,2024-01,free,referral,2024-04
1588,2024-01,free,referral,2024-05
1588,2024-01,free,referral,2024-06
1588,2024-01,free,referral,2024-07
1588,2024-01,free,referral,2024-08
1588,2024-01,free,referral,2024-09
1589,2024-08,free,referral,2024-08
1589,2024-08,free,referral,2024-09
1590,2024-01,free,organic,2024-01
1590,2024-01,free,organic,2024-02
1590,2024-01,free,organic,2024-03
1590,2024-01,free,organic,2024-04
1590,2024-01,free,organic,2024-05
1590,2024-01,free,organic,2024-06
1590,2024-01,free,organic,2024-07
1590,2024-01,free,organic,2024-08
1590,2024-01,free,organic,2024-09
1591,2024-07,starter,organic,2024-07
1591,2024-07,starter,organic,2024-08
1591,2024-07,starter,organic,2024-09
1591,2024-07,starter,organic,2024-10
1591,2024-07,starter,organic,2024-11
1591,2024-07,starter,organic,2024-12
1591,2024-07,starter,organic,2025-01
1591,2024-07,starter,organic,2025-02
1591,2024-07,starter,organic,2025-03
1592,2024-04,free,organic,2024-04
1592,2024-04,free,organic,2024-05
1592,2024-04,free,organic,2024-06
1592,2024-04,free,organic,2024-07
1593,2024-04,free,content,2024-04
1593,2024-04,free,content,2024-05
1593,2024-04,free,content,2024-06
1594,2024-01,free,paid_search,2024-01
1595,2024-07,free,organic,2024-07
1596,2024-02,free,organic,2024-02
1597,2024-06,free,referral,2024-06
1597,2024-06,free,referral,2024-07
1597,2024-06,free,referral,2024-08
1597,2024-06,free,referral,2024-09
1597,2024-06,free,referral,2024-10
1597,2024-06,free,referral,2024-11
1597,2024-06,free,referral,2024-12
1598,2024-07,free,referral,2024-07
1598,2024-07,free,referral,2024-08
1598,2024-07,free,referral,2024-09
1598,2024-07,free,referral,2024-10
1598,2024-07,free,referral,2024-11
1598,2024-07,free,referral,2024-12
1598,2024-07,free,referral,2025-01
1598,2024-07,free,referral,2025-02
1598,2024-07,free,referral,2025-03
1599,2024-08,starter,referral,2024-08
1599,2024-08,starter,referral,2024-09
1599,2024-08,starter,referral,2024-10
1599,2024-08,starter,referral,2024-11
1599,2024-08,starter,referral,2024-12
1599,2024-08,starter,referral,2025-01
1599,2024-08,starter,referral,2025-02
1599,2024-08,starter,referral,2025-03
1600,2024-07,free,organic,2024-07
1600,2024-07,free,organic,2024-08
1600,2024-07,free,organic,2024-09
1601,2024-03,free,content,2024-03
1601,2024-03,free,content,2024-04
1601,2024-03,free,content,2024-05
1602,2024-07,free,referral,2024-07
1602,2024-07,free,referral,2024-08
1602,2024-07,free,referral,2024-09
1602,2024-07,free,referral,2024-10
1603,2024-08,starter,referral,2024-08
1603,2024-08,starter,referral,2024-09
1603,2024-08,starter,referral,2024-10
1603,2024-08,starter,referral,2024-11
1603,2024-08,starter,referral,2024-12
1604,2024-03,free,referral,2024-03
1604,2024-03,free,referral,2024-04
1605,2024-02,starter,content,2024-02
1605,2024-02,starter,content,2024-03
1605,2024-02,starter,content,2024-04
1606,2024-09,pro,content,2024-09
1606,2024-09,pro,content,2024-10
1606,2024-09,pro,content,2024-11
1606,2024-09,pro,content,2024-12
1606,2024-09,pro,content,2025-01
1606,2024-09,pro,content,2025-02
1606,2024-09,pro,content,2025-03
1607,2024-02,starter,paid_search,2024-02
1607,2024-02,starter,paid_search,2024-03
1607,2024-02,starter,paid_search,2024-04
1607,2024-02,starter,paid_search,2024-05
1608,2024-06,free,paid_search,2024-06
1608,2024-06,free,paid_search,2024-07
1608,2024-06,free,paid_search,2024-08
1608,2024-06,free,paid_search,2024-09
1609,2024-03,starter,paid_search,2024-03
1610,2024-02,free,referral,2024-02
1610,2024-02,free,referral,2024-03
1610,2024-02,free,referral,2024-04
1610,2024-02,free,referral,2024-05
1610,2024-02,free,referral,2024-06
1611,2024-07,free,paid_search,2024-07
1611,2024-07,free,paid_search,2024-08
1611,2024-07,free,paid_search,2024-09
1612,2024-02,free,organic,2024-02
1612,2024-02,free,organic,2024-03
1612,2024-02,free,organic,2024-04
1612,2024-02,free,organic,2024-05
1612,2024-02,free,organic,2024-06
1612,2024-02,free,organic,2024-07
1612,2024-02,free,organic,2024-08
1612,2024-02,free,organic,2024-09
1612,2024-02,free,organic,2024-10
1612,2024-02,free,organic,2024-11
1612,2024-02,free,organic,2024-12
1612,2024-02,free,organic,2025-01
1612,2024-02,free,organic,2025-02
1612,2024-02,free,organic,2025-03
1613,2024-07,free,organic,2024-07
1613,2024-07,free,organic,2024-08
1613,2024-07,free,organic,2024-09
1614,2024-07,free,content,2024-07
1614,2024-07,free,content,2024-08
1615,2024-01,free,content,2024-01
1615,2024-01,free,content,2024-02
1615,2024-01,free,content,2024-03
1615,2024-01,free,content,2024-04
1615,2024-01,free,content,2024-05
1616,2024-02,free,content,2024-02
1617,2024-08,free,paid_search,2024-08
1618,2024-05,free,referral,2024-05
1618,2024-05,free,referral,2024-06
1618,2024-05,free,referral,2024-07
1618,2024-05,free,referral,2024-08
1618,2024-05,free,referral,2024-09
1618,2024-05,free,referral,2024-10
1618,2024-05,free,referral,2024-11
1618,2024-05,free,referral,2024-12
1619,2024-02,pro,referral,2024-02
1619,2024-02,pro,referral,2024-03
1619,2024-02,pro,referral,2024-04
1619,2024-02,pro,referral,2024-05
1619,2024-02,pro,referral,2024-06
1619,2024-02,pro,referral,2024-07
1619,2024-02,pro,referral,2024-08
1619,2024-02,pro,referral,2024-09
1619,2024-02,pro,referral,2024-10
1619,2024-02,pro,referral,2024-11
1619,2024-02,pro,referral,2024-12
1619,2024-02,pro,referral,2025-01
1620,2024-09,free,organic,2024-09
1620,2024-09,free,organic,2024-10
1620,2024-09,free,organic,2024-11
1620,2024-09,free,organic,2024-12
1620,2024-09,free,organic,2025-01
1620,2024-09,free,organic,2025-02
1620,2024-09,free,organic,2025-03
1621,2024-03,starter,organic,2024-03
1621,2024-03,starter,organic,2024-04
1622,2024-01,free,content,2024-01
1623,2024-09,free,organic,2024-09
1623,2024-09,free,organic,2024-10
1623,2024-09,free,organic,2024-11
1623,2024-09,free,organic,2024-12
1623,2024-09,free,organic,2025-01
1623,2024-09,free,organic,2025-02
1623,2024-09,free,organic,2025-03
1624,2024-01,free,paid_search,2024-01
1625,2024-05,free,referral,2024-05
1626,2024-09,free,referral,2024-09
1627,2024-06,free,organic,2024-06
1627,2024-06,free,organic,2024-07
1628,2024-06,free,referral,2024-06
1628,2024-06,free,referral,2024-07
1628,2024-06,free,referral,2024-08
1628,2024-06,free,referral,2024-09
1628,2024-06,free,referral,2024-10
1628,2024-06,free,referral,2024-11
1628,2024-06,free,referral,2024-12
1628,2024-06,free,referral,2025-01
1629,2024-04,free,organic,2024-04
1629,2024-04,free,organic,2024-05
1629,2024-04,free,organic,2024-06
1630,2024-02,free,referral,2024-02
1630,2024-02,free,referral,2024-03
1630,2024-02,free,referral,2024-04
1631,2024-06,free,organic,2024-06
1631,2024-06,free,organic,2024-07
1631,2024-06,free,organic,2024-08
1631,2024-06,free,organic,2024-09
1631,2024-06,free,organic,2024-10
1632,2024-09,free,referral,2024-09
1632,2024-09,free,referral,2024-10
1632,2024-09,free,referral,2024-11
1632,2024-09,free,referral,2024-12
1633,2024-01,free,referral,2024-01
1633,2024-01,free,referral,2024-02
1633,2024-01,free,referral,2024-03
1634,2024-08,free,organic,2024-08
1634,2024-08,free,organic,2024-09
1634,2024-08,free,organic,2024-10
1634,2024-08,free,organic,2024-11
1635,2024-04,free,organic,2024-04
1635,2024-04,free,organic,2024-05
1635,2024-04,free,organic,2024-06
1636,2024-05,free,referral,2024-05
1636,2024-05,free,referral,2024-06
1636,2024-05,free,referral,2024-07
1636,2024-05,free,referral,2024-08
1637,2024-02,free,organic,2024-02
1637,2024-02,free,organic,2024-03
1637,2024-02,free,organic,2024-04
1637,2024-02,free,organic,2024-05
1637,2024-02,free,organic,2024-06
1638,2024-06,pro,organic,2024-06
1638,2024-06,pro,organic,2024-07
1638,2024-06,pro,organic,2024-08
1638,2024-06,pro,organic,2024-09
1638,2024-06,pro,organic,2024-10
1638,2024-06,pro,organic,2024-11
1638,2024-06,pro,organic,2024-12
1638,2024-06,pro,organic,2025-01
1638,2024-06,pro,organic,2025-02
1638,2024-06,pro,organic,2025-03
1639,2024-02,free,paid_search,2024-02
1639,2024-02,free,paid_search,2024-03
1640,2024-03,free,content,2024-03
1640,2024-03,free,content,2024-04
1641,2024-07,free,paid_search,2024-07
1642,2024-01,enterprise,paid_search,2024-01
1642,2024-01,enterprise,paid_search,2024-02
1642,2024-01,enterprise,paid_search,2024-03
1642,2024-01,enterprise,paid_search,2024-04
1643,2024-05,starter,content,2024-05
1644,2024-06,starter,paid_search,2024-06
1644,2024-06,starter,paid_search,2024-07
1645,2024-02,enterprise,paid_search,2024-02
1645,2024-02,enterprise,paid_search,2024-03
1645,2024-02,enterprise,paid_search,2024-04
1645,2024-02,enterprise,paid_search,2024-05
1645,2024-02,enterprise,paid_search,2024-06
1645,2024-02,enterprise,paid_search,2024-07
1645,2024-02,enterprise,paid_search,2024-08
1646,2024-03,free,paid_search,2024-03
1646,2024-03,free,paid_search,2024-04
1646,2024-03,free,paid_search,2024-05
1647,2024-04,enterprise,organic,2024-04
1647,2024-04,enterprise,organic,2024-05
1648,2024-06,free,organic,2024-06
1648,2024-06,free,organic,2024-07
1649,2024-09,starter,referral,2024-09
1649,2024-09,starter,referral,2024-10
1649,2024-09,starter,referral,2024-11
1649,2024-09,starter,referral,2024-12
1649,2024-09,starter,referral,2025-01
1649,2024-09,starter,referral,2025-02
1649,2024-09,starter,referral,2025-03
1650,2024-08,free,organic,2024-08
1650,2024-08,free,organic,2024-09
1651,2024-02,free,referral,2024-02
1651,2024-02,free,referral,2024-03
1652,2024-01,pro,organic,2024-01
1652,2024-01,pro,organic,2024-02
1652,2024-01,pro,organic,2024-03
1652,2024-01,pro,organic,2024-04
1652,2024-01,pro,organic,2024-05
1652,2024-01,pro,organic,2024-06
1653,2024-01,free,paid_search,2024-01
1653,2024-01,free,paid_search,2024-02
1653,2024-01,free,paid_search,2024-03
1654,2024-06,enterprise,organic,2024-06
1654,2024-06,enterprise,organic,2024-07
1654,2024-06,enterprise,organic,2024-08
1654,2024-06,enterprise,organic,2024-09
1654,2024-06,enterprise,organic,2024-10
1654,2024-06,enterprise,organic,2024-11
1654,2024-06,enterprise,organic,2024-12
1654,2024-06,enterprise,organic,2025-01
1654,2024-06,enterprise,organic,2025-02
1654,2024-06,enterprise,organic,2025-03
1655,2024-02,free,paid_search,2024-02
1656,2024-03,starter,referral,2024-03
1656,2024-03,starter,referral,2024-04
1656,2024-03,starter,referral,2024-05
1656,2024-03,starter,referral,2024-06
1656,2024-03,starter,referral,2024-07
1656,2024-03,starter,referral,2024-08
1656,2024-03,starter,referral,2024-09
1656,2024-03,starter,referral,2024-10
1656,2024-03,starter,referral,2024-11
1656,2024-03,starter,referral,2024-12
1656,2024-03,starter,referral,2025-01
1656,2024-03,starter,referral,2025-02
1656,2024-03,starter,referral,2025-03
1657,2024-08,enterprise,paid_search,2024-08
1657,2024-08,enterprise,paid_search,2024-09
1657,2024-08,enterprise,paid_search,2024-10
1657,2024-08,enterprise,paid_search,2024-11
1657,2024-08,enterprise,paid_search,2024-12
1657,2024-08,enterprise,paid_search,2025-01
1657,2024-08,enterprise,paid_search,2025-02
1657,2024-08,enterprise,paid_search,2025-03
1658,2024-08,free,organic,2024-08
1659,2024-08,pro,organic,2024-08
1659,2024-08,pro,organic,2024-09
1659,2024-08,pro,organic,2024-10
1659,2024-08,pro,organic,2024-11
1660,2024-03,free,referral,2024-03
1661,2024-06,starter,organic,2024-06
1661,2024-06,starter,organic,2024-07
1661,2024-06,starter,organic,2024-08
1661,2024-06,starter,organic,2024-09
1661,2024-06,starter,organic,2024-10
1661,2024-06,starter,organic,2024-11
1661,2024-06,starter,organic,2024-12
1661,2024-06,starter,organic,2025-01
1661,2024-06,starter,organic,2025-02
1661,2024-06,starter,organic,2025-03
1662,2024-06,free,referral,2024-06
1662,2024-06,free,referral,2024-07
1662,2024-06,free,referral,2024-08
1662,2024-06,free,referral,2024-09
1663,2024-02,free,organic,2024-02
1664,2024-05,starter,organic,2024-05
1664,2024-05,starter,organic,2024-06
1664,2024-05,starter,organic,2024-07
1664,2024-05,starter,organic,2024-08
1664,2024-05,starter,organic,2024-09
1664,2024-05,starter,organic,2024-10
1664,2024-05,starter,organic,2024-11
1664,2024-05,starter,organic,2024-12
1664,2024-05,starter,organic,2025-01
1664,2024-05,starter,organic,2025-02
1664,2024-05,starter,organic,2025-03
1665,2024-05,free,referral,2024-05
1666,2024-04,free,paid_search,2024-04
1667,2024-07,free,organic,2024-07
1668,2024-07,pro,content,2024-07
1668,2024-07,pro,content,2024-08
1668,2024-07,pro,content,2024-09
1668,2024-07,pro,content,2024-10
1668,2024-07,pro,content,2024-11
1668,2024-07,pro,content,2024-12
1668,2024-07,pro,content,2025-01
1668,2024-07,pro,content,2025-02
1668,2024-07,pro,content,2025-03
1669,2024-05,free,organic,2024-05
1670,2024-07,starter,paid_search,2024-07
1671,2024-07,enterprise,paid_search,2024-07
1671,2024-07,enterprise,paid_search,2024-08
1671,2024-07,enterprise,paid_search,2024-09
1671,2024-07,enterprise,paid_search,2024-10
1671,2024-07,enterprise,paid_search,2024-11
1671,2024-07,enterprise,paid_search,2024-12
1672,2024-06,free,paid_search,2024-06
1672,2024-06,free,paid_search,2024-07
1672,2024-06,free,paid_search,2024-08
1672,2024-06,free,paid_search,2024-09
1672,2024-06,free,paid_search,2024-10
1672,2024-06,free,paid_search,2024-11
1673,2024-03,free,referral,2024-03
1673,2024-03,free,referral,2024-04
1673,2024-03,free,referral,2024-05
1673,2024-03,free,referral,2024-06
1674,2024-07,starter,organic,2024-07
1674,2024-07,starter,organic,2024-08
1674,2024-07,starter,organic,2024-09
1674,2024-07,starter,organic,2024-10
1674,2024-07,starter,organic,2024-11
1674,2024-07,starter,organic,2024-12
1674,2024-07,starter,organic,2025-01
1674,2024-07,starter,organic,2025-02
1675,2024-07,free,content,2024-07
1675,2024-07,free,content,2024-08
1675,2024-07,free,content,2024-09
1675,2024-07,free,content,2024-10
1675,2024-07,free,content,2024-11
1675,2024-07,free,content,2024-12
1675,2024-07,free,content,2025-01
1675,2024-07,free,content,2025-02
1675,2024-07,free,content,2025-03
1676,2024-09,free,paid_search,2024-09
1676,2024-09,free,paid_search,2024-10
1676,2024-09,free,paid_search,2024-11
1676,2024-09,free,paid_search,2024-12
1676,2024-09,free,paid_search,2025-01
1676,2024-09,free,paid_search,2025-02
1676,2024-09,free,paid_search,2025-03
1677,2024-02,starter,content,2024-02
1677,2024-02,starter,content,2024-03
1678,2024-04,free,referral,2024-04
1678,2024-04,free,referral,2024-05
1678,2024-04,free,referral,2024-06
1679,2024-09,free,content,2024-09
1680,2024-05,starter,paid_search,2024-05
1681,2024-09,free,paid_search,2024-09
1681,2024-09,free,paid_search,2024-10
1682,2024-01,free,paid_search,2024-01
1683,2024-01,free,referral,2024-01
1684,2024-08,pro,paid_search,2024-08
1684,2024-08,pro,paid_search,2024-09
1684,2024-08,pro,paid_search,2024-10
1685,2024-04,starter,referral,2024-04
1685,2024-04,starter,referral,2024-05
1685,2024-04,starter,referral,2024-06
1685,2024-04,starter,referral,2024-07
1685,2024-04,starter,referral,2024-08
1685,2024-04,starter,referral,2024-09
1685,2024-04,starter,referral,2024-10
1685,2024-04,starter,referral,2024-11
1685,2024-04,starter,referral,2024-12
1685,2024-04,starter,referral,2025-01
1685,2024-04,starter,referral,2025-02
1685,2024-04,starter,referral,2025-03
1686,2024-05,free,organic,2024-05
1686,2024-05,free,organic,2024-06
1687,2024-04,free,referral,2024-04
1687,2024-04,free,referral,2024-05
1688,2024-04,free,organic,2024-04
1688,2024-04,free,organic,2024-05
1688,2024-04,free,organic,2024-06
1689,2024-09,free,content,2024-09
1690,2024-01,free,organic,2024-01
1690,2024-01,free,organic,2024-02
1690,2024-01,free,organic,2024-03
1690,2024-01,free,organic,2024-04
1690,2024-01,free,organic,2024-05
1690,2024-01,free,organic,2024-06
1690,2024-01,free,organic,2024-07
1690,2024-01,free,organic,2024-08
1691,2024-07,enterprise,organic,2024-07
1691,2024-07,enterprise,organic,2024-08
1691,2024-07,enterprise,organic,2024-09
1691,2024-07,enterprise,organic,2024-10
1692,2024-09,free,referral,2024-09
1692,2024-09,free,referral,2024-10
1692,2024-09,free,referral,2024-11
1692,2024-09,free,referral,2024-12
1692,2024-09,free,referral,2025-01
1692,2024-09,free,referral,2025-02
1692,2024-09,free,referral,2025-03
1693,2024-06,starter,referral,2024-06
1693,2024-06,starter,referral,2024-07
1693,2024-06,starter,referral,2024-08
1693,2024-06,starter,referral,2024-09
1693,2024-06,starter,referral,2024-10
1693,2024-06,starter,referral,2024-11
1693,2024-06,starter,referral,2024-12
1693,2024-06,starter,referral,2025-01
1693,2024-06,starter,referral,2025-02
1693,2024-06,starter,referral,2025-03
1694,2024-04,free,referral,2024-04
1694,2024-04,free,referral,2024-05
1694,2024-04,free,referral,2024-06
1694,2024-04,free,referral,2024-07
1695,2024-02,free,content,2024-02
1695,2024-02,free,content,2024-03
1695,2024-02,free,content,2024-04
1695,2024-02,free,content,2024-05
1695,2024-02,free,content,2024-06
1696,2024-07,free,organic,2024-07
1696,2024-07,free,organic,2024-08
1697,2024-05,free,referral,2024-05
1698,2024-02,starter,paid_search,2024-02
1698,2024-02,starter,paid_search,2024-03
1699,2024-04,enterprise,paid_search,2024-04
1699,2024-04,enterprise,paid_search,2024-05
1699,2024-04,enterprise,paid_search,2024-06
1699,2024-04,enterprise,paid_search,2024-07
1699,2024-04,enterprise,paid_search,2024-08
1699,2024-04,enterprise,paid_search,2024-09
1699,2024-04,enterprise,paid_search,2024-10
1700,2024-09,pro,paid_search,2024-09
1700,2024-09,pro,paid_search,2024-10
1701,2024-03,free,organic,2024-03
1701,2024-03,free,organic,2024-04
1701,2024-03,free,organic,2024-05
1701,2024-03,free,organic,2024-06
1701,2024-03,free,organic,2024-07
1701,2024-03,free,organic,2024-08
1702,2024-02,starter,paid_search,2024-02
1703,2024-07,free,referral,2024-07
1703,2024-07,free,referral,2024-08
1703,2024-07,free,referral,2024-09
1703,2024-07,free,referral,2024-10
1703,2024-07,free,referral,2024-11
1703,2024-07,free,referral,2024-12
1703,2024-07,free,referral,2025-01
1704,2024-02,pro,organic,2024-02
1704,2024-02,pro,organic,2024-03
1704,2024-02,pro,organic,2024-04
1704,2024-02,pro,organic,2024-05
1705,2024-09,free,content,2024-09
1705,2024-09,free,content,2024-10
1705,2024-09,free,content,2024-11
1705,2024-09,free,content,2024-12
1706,2024-08,free,paid_search,2024-08
1707,2024-09,free,organic,2024-09
1707,2024-09,free,organic,2024-10
1707,2024-09,free,organic,2024-11
1708,2024-09,free,paid_search,2024-09
1708,2024-09,free,paid_search,2024-10
1708,2024-09,free,paid_search,2024-11
1709,2024-03,free,organic,2024-03
1709,2024-03,free,organic,2024-04
1709,2024-03,free,organic,2024-05
1709,2024-03,free,organic,2024-06
1710,2024-02,pro,organic,2024-02
1710,2024-02,pro,organic,2024-03
1710,2024-02,pro,organic,2024-04
1710,2024-02,pro,organic,2024-05
1711,2024-04,starter,referral,2024-04
1711,2024-04,starter,referral,2024-05
1711,2024-04,starter,referral,2024-06
1711,2024-04,starter,referral,2024-07
1711,2024-04,starter,referral,2024-08
1711,2024-04,starter,referral,2024-09
1711,2024-04,starter,referral,2024-10
1711,2024-04,starter,referral,2024-11
1711,2024-04,starter,referral,2024-12
1711,2024-04,starter,referral,2025-01
1711,2024-04,starter,referral,2025-02
1711,2024-04,starter,referral,2025-03
1712,2024-05,enterprise,organic,2024-05
1712,2024-05,enterprise,organic,2024-06
1712,2024-05,enterprise,organic,2024-07
1712,2024-05,enterprise,organic,2024-08
1712,2024-05,enterprise,organic,2024-09
1713,2024-08,free,organic,2024-08
1713,2024-08,free,organic,2024-09
1714,2024-07,free,referral,2024-07
1714,2024-07,free,referral,2024-08
1714,2024-07,free,referral,2024-09
1714,2024-07,free,referral,2024-10
1714,2024-07,free,referral,2024-11
1714,2024-07,free,referral,2024-12
1714,2024-07,free,referral,2025-01
1715,2024-06,free,organic,2024-06
1715,2024-06,free,organic,2024-07
1716,2024-08,free,referral,2024-08
1716,2024-08,free,referral,2024-09
1716,2024-08,free,referral,2024-10
1716,2024-08,free,referral,2024-11
1716,2024-08,free,referral,2024-12
1716,2024-08,free,referral,2025-01
1716,2024-08,free,referral,2025-02
1716,2024-08,free,referral,2025-03
1717,2024-06,free,referral,2024-06
1717,2024-06,free,referral,2024-07
1717,2024-06,free,referral,2024-08
1718,2024-04,free,organic,2024-04
1718,2024-04,free,organic,2024-05
1718,2024-04,free,organic,2024-06
1718,2024-04,free,organic,2024-07
1718,2024-04,free,organic,2024-08
1719,2024-04,free,paid_search,2024-04
1720,2024-05,free,organic,2024-05
1720,2024-05,free,organic,2024-06
1720,2024-05,free,organic,2024-07
1721,2024-01,free,paid_search,2024-01
1721,2024-01,free,paid_search,2024-02
1721,2024-01,free,paid_search,2024-03
1721,2024-01,free,paid_search,2024-04
1721,2024-01,free,paid_search,2024-05
1721,2024-01,free,paid_search,2024-06
1721,2024-01,free,paid_search,2024-07
1722,2024-07,starter,organic,2024-07
1722,2024-07,starter,organic,2024-08
1723,2024-06,free,content,2024-06
1724,2024-07,pro,organic,2024-07
1724,2024-07,pro,organic,2024-08
1724,2024-07,pro,organic,2024-09
1724,2024-07,pro,organic,2024-10
1724,2024-07,pro,organic,2024-11
1724,2024-07,pro,organic,2024-12
1725,2024-05,free,referral,2024-05
1726,2024-08,starter,organic,2024-08
1726,2024-08,starter,organic,2024-09
1726,2024-08,starter,organic,2024-10
1726,2024-08,starter,organic,2024-11
1726,2024-08,starter,organic,2024-12
1726,2024-08,starter,organic,2025-01
1726,2024-08,starter,organic,2025-02
1726,2024-08,starter,organic,2025-03
1727,2024-09,starter,organic,2024-09
1727,2024-09,starter,organic,2024-10
1727,2024-09,starter,organic,2024-11
1727,2024-09,starter,organic,2024-12
1727,2024-09,starter,organic,2025-01
1727,2024-09,starter,organic,2025-02
1727,2024-09,starter,organic,2025-03
1728,2024-06,starter,paid_search,2024-06
1728,2024-06,starter,paid_search,2024-07
1728,2024-06,starter,paid_search,2024-08
1728,2024-06,starter,paid_search,2024-09
1728,2024-06,starter,paid_search,2024-10
1728,2024-06,starter,paid_search,2024-11
1728,2024-06,starter,paid_search,2024-12
1729,2024-04,starter,paid_search,2024-04
1729,2024-04,starter,paid_search,2024-05
1729,2024-04,starter,paid_search,2024-06
1729,2024-04,starter,paid_search,2024-07
1729,2024-04,starter,paid_search,2024-08
1730,2024-01,pro,content,2024-01
1730,2024-01,pro,content,2024-02
1730,2024-01,pro,content,2024-03
1731,2024-08,starter,organic,2024-08
1732,2024-09,free,organic,2024-09
1732,2024-09,free,organic,2024-10
1733,2024-07,free,paid_search,2024-07
1733,2024-07,free,paid_search,2024-08
1734,2024-08,starter,paid_search,2024-08
1734,2024-08,starter,paid_search,2024-09
1734,2024-08,starter,paid_search,2024-10
1734,2024-08,starter,paid_search,2024-11
1734,2024-08,starter,paid_search,2024-12
1734,2024-08,starter,paid_search,2025-01
1734,2024-08,starter,paid_search,2025-02
1735,2024-08,free,content,2024-08
1735,2024-08,free,content,2024-09
1736,2024-08,free,content,2024-08
1736,2024-08,free,content,2024-09
1736,2024-08,free,content,2024-10
1736,2024-08,free,content,2024-11
1736,2024-08,free,content,2024-12
1736,2024-08,free,content,2025-01
1736,2024-08,free,content,2025-02
1736,2024-08,free,content,2025-03
1737,2024-05,free,content,2024-05
1738,2024-01,free,organic,2024-01
1738,2024-01,free,organic,2024-02
1739,2024-01,free,paid_search,2024-01
1739,2024-01,free,paid_search,2024-02
1739,2024-01,free,paid_search,2024-03
1740,2024-02,starter,referral,2024-02
1740,2024-02,starter,referral,2024-03
1740,2024-02,starter,referral,2024-04
1741,2024-04,starter,organic,2024-04
1741,2024-04,starter,organic,2024-05
1742,2024-07,pro,referral,2024-07
1742,2024-07,pro,referral,2024-08
1742,2024-07,pro,referral,2024-09
1742,2024-07,pro,referral,2024-10
1742,2024-07,pro,referral,2024-11
1743,2024-05,free,organic,2024-05
1743,2024-05,free,organic,2024-06
1744,2024-01,free,organic,2024-01
1744,2024-01,free,organic,2024-02
1745,2024-02,free,content,2024-02
1746,2024-09,free,organic,2024-09
1746,2024-09,free,organic,2024-10
1747,2024-09,starter,content,2024-09
1747,2024-09,starter,content,2024-10
1747,2024-09,starter,content,2024-11
1747,2024-09,starter,content,2024-12
1747,2024-09,starter,content,2025-01
1747,2024-09,starter,content,2025-02
1747,2024-09,starter,content,2025-03
1748,2024-04,free,organic,2024-04
1748,2024-04,free,organic,2024-05
1748,2024-04,free,organic,2024-06
1748,2024-04,free,organic,2024-07
1748,2024-04,free,organic,2024-08
1748,2024-04,free,organic,2024-09
1749,2024-08,enterprise,organic,2024-08
1750,2024-07,free,organic,2024-07
1751,2024-09,pro,organic,2024-09
1751,2024-09,pro,organic,2024-10
1751,2024-09,pro,organic,2024-11
1752,2024-08,free,paid_search,2024-08
1752,2024-08,free,paid_search,2024-09
1752,2024-08,free,paid_search,2024-10
1752,2024-08,free,paid_search,2024-11
1752,2024-08,free,paid_search,2024-12
1753,2024-06,free,organic,2024-06
1753,2024-06,free,organic,2024-07
1754,2024-04,starter,paid_search,2024-04
1754,2024-04,starter,paid_search,2024-05
1754,2024-04,starter,paid_search,2024-06
1754,2024-04,starter,paid_search,2024-07
1754,2024-04,starter,paid_search,2024-08
1754,2024-04,starter,paid_search,2024-09
1754,2024-04,starter,paid_search,2024-10
1754,2024-04,starter,paid_search,2024-11
1754,2024-04,starter,paid_search,2024-12
1755,2024-06,free,content,2024-06
1756,2024-03,starter,paid_search,2024-03
1756,2024-03,starter,paid_search,2024-04
1756,2024-03,starter,paid_search,2024-05
1757,2024-04,free,organic,2024-04
1757,2024-04,free,organic,2024-05
1757,2024-04,free,organic,2024-06
1757,2024-04,free,organic,2024-07
1757,2024-04,free,organic,2024-08
1757,2024-04,free,organic,2024-09
1757,2024-04,free,organic,2024-10
1757,2024-04,free,organic,2024-11
1757,2024-04,free,organic,2024-12
1757,2024-04,free,organic,2025-01
1757,2024-04,free,organic,2025-02
1758,2024-06,free,paid_search,2024-06
1759,2024-06,free,referral,2024-06
1759,2024-06,free,referral,2024-07
1759,2024-06,free,referral,2024-08
1759,2024-06,free,referral,2024-09
1759,2024-06,free,referral,2024-10
1759,2024-06,free,referral,2024-11
1759,2024-06,free,referral,2024-12
1760,2024-06,starter,paid_search,2024-06
1761,2024-04,free,organic,2024-04
1762,2024-04,pro,paid_search,2024-04
1762,2024-04,pro,paid_search,2024-05
1762,2024-04,pro,paid_search,2024-06
1762,2024-04,pro,paid_search,2024-07
1763,2024-01,starter,paid_search,2024-01
1763,2024-01,starter,paid_search,2024-02
1763,2024-01,starter,paid_search,2024-03
1764,2024-06,starter,organic,2024-06
1764,2024-06,starter,organic,2024-07
1764,2024-06,starter,organic,2024-08
1764,2024-06,starter,organic,2024-09
1764,2024-06,starter,organic,2024-10
1764,2024-06,starter,organic,2024-11
1764,2024-06,starter,organic,2024-12
1764,2024-06,starter,organic,2025-01
1764,2024-06,starter,organic,2025-02
1765,2024-06,free,organic,2024-06
1765,2024-06,free,organic,2024-07
1765,2024-06,free,organic,2024-08
1765,2024-06,free,organic,2024-09
1765,2024-06,free,organic,2024-10
1765,2024-06,free,organic,2024-11
1765,2024-06,free,organic,2024-12
1765,2024-06,free,organic,2025-01
1765,2024-06,free,organic,2025-02
1765,2024-06,free,organic,2025-03
1766,2024-09,starter,content,2024-09
1766,2024-09,starter,content,2024-10
1767,2024-05,pro,organic,2024-05
1768,2024-05,free,organic,2024-05
1768,2024-05,free,organic,2024-06
1769,2024-01,free,organic,2024-01
1770,2024-02,free,paid_search,2024-02
1771,2024-04,free,paid_search,2024-04
1771,2024-04,free,paid_search,2024-05
1771,2024-04,free,paid_search,2024-06
1771,2024-04,free,paid_search,2024-07
1771,2024-04,free,paid_search,2024-08
1772,2024-04,starter,organic,2024-04
1772,2024-04,starter,organic,2024-05
1772,2024-04,starter,organic,2024-06
1772,2024-04,starter,organic,2024-07
1772,2024-04,starter,organic,2024-08
1773,2024-04,free,paid_search,2024-04
1774,2024-04,free,referral,2024-04
1775,2024-07,free,organic,2024-07
1776,2024-02,free,content,2024-02
1776,2024-02,free,content,2024-03
1776,2024-02,free,content,2024-04
1777,2024-03,free,organic,2024-03
1777,2024-03,free,organic,2024-04
1777,2024-03,free,organic,2024-05
1777,2024-03,free,organic,2024-06
1777,2024-03,free,organic,2024-07
1777,2024-03,free,organic,2024-08
1777,2024-03,free,organic,2024-09
1777,2024-03,free,organic,2024-10
1777,2024-03,free,organic,2024-11
1777,2024-03,free,organic,2024-12
1777,2024-03,free,organic,2025-01
1777,2024-03,free,organic,2025-02
1777,2024-03,free,organic,2025-03
1778,2024-02,pro,organic,2024-02
1778,2024-02,pro,organic,2024-03
1778,2024-02,pro,organic,2024-04
1778,2024-02,pro,organic,2024-05
1778,2024-02,pro,organic,2024-06
1778,2024-02,pro,organic,2024-07
1778,2024-02,pro,organic,2024-08
1778,2024-02,pro,organic,2024-09
1778,2024-02,pro,organic,2024-10
1778,2024-02,pro,organic,2024-11
1778,2024-02,pro,organic,2024-12
1778,2024-02,pro,organic,2025-01
1778,2024-02,pro,organic,2025-02
1778,2024-02,pro,organic,2025-03
1779,2024-03,starter,content,2024-03
1779,2024-03,starter,content,2024-04
1780,2024-07,free,referral,2024-07
1780,2024-07,free,referral,2024-08
1780,2024-07,free,referral,2024-09
1780,2024-07,free,referral,2024-10
1781,2024-01,starter,organic,2024-01
1781,2024-01,starter,organic,2024-02
1781,2024-01,starter,organic,2024-03
1782,2024-04,free,referral,2024-04
1783,2024-01,free,paid_search,2024-01
1783,2024-01,free,paid_search,2024-02
1783,2024-01,free,paid_search,2024-03
1784,2024-09,free,organic,2024-09
1785,2024-07,enterprise,referral,2024-07
1785,2024-07,enterprise,referral,2024-08
1785,2024-07,enterprise,referral,2024-09
1785,2024-07,enterprise,referral,2024-10
1785,2024-07,enterprise,referral,2024-11
1785,2024-07,enterprise,referral,2024-12
1785,2024-07,enterprise,referral,2025-01
1785,2024-07,enterprise,referral,2025-02
1785,2024-07,enterprise,referral,2025-03
1786,2024-03,starter,referral,2024-03
1786,2024-03,starter,referral,2024-04
1786,2024-03,starter,referral,2024-05
1786,2024-03,starter,referral,2024-06
1787,2024-02,starter,organic,2024-02
1787,2024-02,starter,organic,2024-03
1788,2024-01,free,paid_search,2024-01
1788,2024-01,free,paid_search,2024-02
1788,2024-01,free,paid_search,2024-03
1788,2024-01,free,paid_search,2024-04
1788,2024-01,free,paid_search,2024-05
1788,2024-01,free,paid_search,2024-06
1788,2024-01,free,paid_search,2024-07
1789,2024-05,free,paid_search,2024-05
1789,2024-05,free,paid_search,2024-06
1790,2024-07,starter,organic,2024-07
1790,2024-07,starter,organic,2024-08
1790,2024-07,starter,organic,2024-09
1790,2024-07,starter,organic,2024-10
1790,2024-07,starter,organic,2024-11
1790,2024-07,starter,organic,2024-12
1790,2024-07,starter,organic,2025-01
1790,2024-07,starter,organic,2025-02
1790,2024-07,starter,organic,2025-03
1791,2024-06,free,content,2024-06
1791,2024-06,free,content,2024-07
1792,2024-08,pro,paid_search,2024-08
1792,2024-08,pro,paid_search,2024-09
1792,2024-08,pro,paid_search,2024-10
1792,2024-08,pro,paid_search,2024-11
1792,2024-08,pro,paid_search,2024-12
1792,2024-08,pro,paid_search,2025-01
1792,2024-08,pro,paid_search,2025-02
1792,2024-08,pro,paid_search,2025-03
1793,2024-04,starter,paid_search,2024-04
1793,2024-04,starter,paid_search,2024-05
1793,2024-04,starter,paid_search,2024-06
1793,2024-04,starter,paid_search,2024-07
1793,2024-04,starter,paid_search,2024-08
1794,2024-03,free,paid_search,2024-03
1794,2024-03,free,paid_search,2024-04
1794,2024-03,free,paid_search,2024-05
1794,2024-03,free,paid_search,2024-06
1794,2024-03,free,paid_search,2024-07
1794,2024-03,free,paid_search,2024-08
1795,2024-05,starter,paid_search,2024-05
1796,2024-02,enterprise,organic,2024-02
1796,2024-02,enterprise,organic,2024-03
1796,2024-02,enterprise,organic,2024-04
1797,2024-09,free,content,2024-09
1797,2024-09,free,content,2024-10
1798,2024-02,starter,paid_search,2024-02
1799,2024-05,pro,referral,2024-05
1799,2024-05,pro,referral,2024-06
1799,2024-05,pro,referral,2024-07
1799,2024-05,pro,referral,2024-08
1799,2024-05,pro,referral,2024-09
1799,2024-05,pro,referral,2024-10
1799,2024-05,pro,referral,2024-11
1799,2024-05,pro,referral,2024-12
1799,2024-05,pro,referral,2025-01
1799,2024-05,pro,referral,2025-02
1799,2024-05,pro,referral,2025-03
1800,2024-05,free,paid_search,2024-05
1800,2024-05,free,paid_search,2024-06
1800,2024-05,free,paid_search,2024-07
1801,2024-01,pro,organic,2024-01
1801,2024-01,pro,organic,2024-02
1801,2024-01,pro,organic,2024-03
1801,2024-01,pro,organic,2024-04
1801,2024-01,pro,organic,2024-05
1801,2024-01,pro,organic,2024-06
1801,2024-01,pro,organic,2024-07
1801,2024-01,pro,organic,2024-08
1801,2024-01,pro,organic,2024-09
1801,2024-01,pro,organic,2024-10
1801,2024-01,pro,organic,2024-11
1801,2024-01,pro,organic,2024-12
1801,2024-01,pro,organic,2025-01
1801,2024-01,pro,organic,2025-02
1801,2024-01,pro,organic,2025-03
1802,2024-05,free,organic,2024-05
1803,2024-05,starter,paid_search,2024-05
1804,2024-03,starter,organic,2024-03
1804,2024-03,starter,organic,2024-04
1804,2024-03,starter,organic,2024-05
1804,2024-03,starter,organic,2024-06
1804,2024-03,starter,organic,2024-07
1804,2024-03,starter,organic,2024-08
1804,2024-03,starter,organic,2024-09
1804,2024-03,starter,organic,2024-10
1804,2024-03,starter,organic,2024-11
1804,2024-03,starter,organic,2024-12
1804,2024-03,starter,organic,2025-01
1804,2024-03,starter,organic,2025-02
1805,2024-02,starter,referral,2024-02
1805,2024-02,starter,referral,2024-03
1805,2024-02,starter,referral,2024-04
1805,2024-02,starter,referral,2024-05
1806,2024-01,free,content,2024-01
1806,2024-01,free,content,2024-02
1807,2024-01,starter,organic,2024-01
1807,2024-01,starter,organic,2024-02
1808,2024-05,free,organic,2024-05
1808,2024-05,free,organic,2024-06
1808,2024-05,free,organic,2024-07
1808,2024-05,free,organic,2024-08
1809,2024-01,free,referral,2024-01
1810,2024-09,free,organic,2024-09
1810,2024-09,free,organic,2024-10
1810,2024-09,free,organic,2024-11
1810,2024-09,free,organic,2024-12
1810,2024-09,free,organic,2025-01
1811,2024-03,free,content,2024-03
1811,2024-03,free,content,2024-04
1812,2024-06,free,paid_search,2024-06
1813,2024-07,free,organic,2024-07
1813,2024-07,free,organic,2024-08
1813,2024-07,free,organic,2024-09
1814,2024-05,pro,organic,2024-05
1815,2024-08,free,content,2024-08
1816,2024-01,free,organic,2024-01
1816,2024-01,free,organic,2024-02
1816,2024-01,free,organic,2024-03
1817,2024-03,free,referral,2024-03
1817,2024-03,free,referral,2024-04
1817,2024-03,free,referral,2024-05
1817,2024-03,free,referral,2024-06
1817,2024-03,free,referral,2024-07
1817,2024-03,free,referral,2024-08
1817,2024-03,free,referral,2024-09
1818,2024-03,free,organic,2024-03
1818,2024-03,free,organic,2024-04
1818,2024-03,free,organic,2024-05
1819,2024-02,starter,organic,2024-02
1819,2024-02,starter,organic,2024-03
1819,2024-02,starter,organic,2024-04
1819,2024-02,starter,organic,2024-05
1819,2024-02,starter,organic,2024-06
1820,2024-03,free,content,2024-03
1821,2024-03,free,organic,2024-03
1821,2024-03,free,organic,2024-04
1821,2024-03,free,organic,2024-05
1821,2024-03,free,organic,2024-06
1821,2024-03,free,organic,2024-07
1821,2024-03,free,organic,2024-08
1821,2024-03,free,organic,2024-09
1822,2024-07,enterprise,organic,2024-07
1822,2024-07,enterprise,organic,2024-08
1822,2024-07,enterprise,organic,2024-09
1822,2024-07,enterprise,organic,2024-10
1822,2024-07,enterprise,organic,2024-11
1822,2024-07,enterprise,organic,2024-12
1822,2024-07,enterprise,organic,2025-01
1822,2024-07,enterprise,organic,2025-02
1822,2024-07,enterprise,organic,2025-03
1823,2024-03,starter,paid_search,2024-03
1824,2024-08,starter,content,2024-08
1824,2024-08,starter,content,2024-09
1824,2024-08,starter,content,2024-10
1824,2024-08,starter,content,2024-11
1824,2024-08,starter,content,2024-12
1824,2024-08,starter,content,2025-01
1824,2024-08,starter,content,2025-02
1824,2024-08,starter,content,2025-03
1825,2024-07,pro,organic,2024-07
1825,2024-07,pro,organic,2024-08
1825,2024-07,pro,organic,2024-09
1825,2024-07,pro,organic,2024-10
1825,2024-07,pro,organic,2024-11
1825,2024-07,pro,organic,2024-12
1826,2024-09,pro,organic,2024-09
1826,2024-09,pro,organic,2024-10
1826,2024-09,pro,organic,2024-11
1827,2024-01,free,content,2024-01
1827,2024-01,free,content,2024-02
1827,2024-01,free,content,2024-03
1827,2024-01,free,content,2024-04
1828,2024-09,starter,referral,2024-09
1828,2024-09,starter,referral,2024-10
1828,2024-09,starter,referral,2024-11
1829,2024-06,starter,content,2024-06
1829,2024-06,starter,content,2024-07
1829,2024-06,starter,content,2024-08
1829,2024-06,starter,content,2024-09
1829,2024-06,starter,content,2024-10
1829,2024-06,starter,content,2024-11
1830,2024-09,free,referral,2024-09
1830,2024-09,free,referral,2024-10
1830,2024-09,free,referral,2024-11
1830,2024-09,free,referral,2024-12
1830,2024-09,free,referral,2025-01
1831,2024-04,free,referral,2024-04
1831,2024-04,free,referral,2024-05
1831,2024-04,free,referral,2024-06
1832,2024-09,free,paid_search,2024-09
1833,2024-06,starter,organic,2024-06
1833,2024-06,starter,organic,2024-07
1833,2024-06,starter,organic,2024-08
1833,2024-06,starter,organic,2024-09
1833,2024-06,starter,organic,2024-10
1833,2024-06,starter,organic,2024-11
1834,2024-01,starter,referral,2024-01
1834,2024-01,starter,referral,2024-02
1834,2024-01,starter,referral,2024-03
1834,2024-01,starter,referral,2024-04
1834,2024-01,starter,referral,2024-05
1834,2024-01,starter,referral,2024-06
1834,2024-01,starter,referral,2024-07
1834,2024-01,starter,referral,2024-08
1834,2024-01,starter,referral,2024-09
1834,2024-01,starter,referral,2024-10
1834,2024-01,starter,referral,2024-11
1834,2024-01,starter,referral,2024-12
1834,2024-01,starter,referral,2025-01
1834,2024-01,starter,referral,2025-02
1834,2024-01,starter,referral,2025-03
1835,2024-04,starter,referral,2024-04
1835,2024-04,starter,referral,2024-05
1835,2024-04,starter,referral,2024-06
1835,2024-04,starter,referral,2024-07
1836,2024-02,free,content,2024-02
1836,2024-02,free,content,2024-03
1836,2024-02,free,content,2024-04
1836,2024-02,free,content,2024-05
1836,2024-02,free,content,2024-06
1836,2024-02,free,content,2024-07
1837,2024-09,free,paid_search,2024-09
1837,2024-09,free,paid_search,2024-10
1838,2024-03,free,organic,2024-03
1838,2024-03,free,organic,2024-04
1838,2024-03,free,organic,2024-05
1839,2024-03,free,paid_search,2024-03
1839,2024-03,free,paid_search,2024-04
1840,2024-05,pro,paid_search,2024-05
1841,2024-04,pro,paid_search,2024-04
1842,2024-01,pro,referral,2024-01
1842,2024-01,pro,referral,2024-02
1842,2024-01,pro,referral,2024-03
1842,2024-01,pro,referral,2024-04
1843,2024-08,pro,paid_search,2024-08
1843,2024-08,pro,paid_search,2024-09
1843,2024-08,pro,paid_search,2024-10
1843,2024-08,pro,paid_search,2024-11
1843,2024-08,pro,paid_search,2024-12
1843,2024-08,pro,paid_search,2025-01
1843,2024-08,pro,paid_search,2025-02
1843,2024-08,pro,paid_search,2025-03
1844,2024-08,enterprise,organic,2024-08
1844,2024-08,enterprise,organic,2024-09
1844,2024-08,enterprise,organic,2024-10
1844,2024-08,enterprise,organic,2024-11
1844,2024-08,enterprise,organic,2024-12
1844,2024-08,enterprise,organic,2025-01
1844,2024-08,enterprise,organic,2025-02
1844,2024-08,enterprise,organic,2025-03
1845,2024-07,free,paid_search,2024-07
1845,2024-07,free,paid_search,2024-08
1846,2024-06,free,paid_search,2024-06
1846,2024-06,free,paid_search,2024-07
1846,2024-06,free,paid_search,2024-08
1846,2024-06,free,paid_search,2024-09
1846,2024-06,free,paid_search,2024-10
1846,2024-06,free,paid_search,2024-11
1846,2024-06,free,paid_search,2024-12
1846,2024-06,free,paid_search,2025-01
1846,2024-06,free,paid_search,2025-02
1847,2024-04,free,content,2024-04
1847,2024-04,free,content,2024-05
1847,2024-04,free,content,2024-06
1847,2024-04,free,content,2024-07
1847,2024-04,free,content,2024-08
1848,2024-05,free,paid_search,2024-05
1848,2024-05,free,paid_search,2024-06
1848,2024-05,free,paid_search,2024-07
1849,2024-05,free,paid_search,2024-05
1849,2024-05,free,paid_search,2024-06
1849,2024-05,free,paid_search,2024-07
1849,2024-05,free,paid_search,2024-08
1850,2024-02,free,paid_search,2024-02
1850,2024-02,free,paid_search,2024-03
1851,2024-01,enterprise,paid_search,2024-01
1851,2024-01,enterprise,paid_search,2024-02
1851,2024-01,enterprise,paid_search,2024-03
1851,2024-01,enterprise,paid_search,2024-04
1851,2024-01,enterprise,paid_search,2024-05
1851,2024-01,enterprise,paid_search,2024-06
1851,2024-01,enterprise,paid_search,2024-07
1851,2024-01,enterprise,paid_search,2024-08
1851,2024-01,enterprise,paid_search,2024-09
1852,2024-03,free,organic,2024-03
1853,2024-05,enterprise,content,2024-05
1854,2024-02,starter,content,2024-02
1854,2024-02,starter,content,2024-03
1854,2024-02,starter,content,2024-04
1854,2024-02,starter,content,2024-05
1855,2024-01,starter,paid_search,2024-01
1855,2024-01,starter,paid_search,2024-02
1855,2024-01,starter,paid_search,2024-03
1855,2024-01,starter,paid_search,2024-04
1855,2024-01,starter,paid_search,2024-05
1856,2024-08,starter,paid_search,2024-08
1857,2024-04,free,organic,2024-04
1857,2024-04,free,organic,2024-05
1857,2024-04,free,organic,2024-06
1858,2024-06,starter,paid_search,2024-06
1858,2024-06,starter,paid_search,2024-07
1858,2024-06,starter,paid_search,2024-08
1858,2024-06,starter,paid_search,2024-09
1858,2024-06,starter,paid_search,2024-10
1858,2024-06,starter,paid_search,2024-11
1858,2024-06,starter,paid_search,2024-12
1859,2024-05,free,paid_search,2024-05
1860,2024-07,pro,referral,2024-07
1860,2024-07,pro,referral,2024-08
1860,2024-07,pro,referral,2024-09
1860,2024-07,pro,referral,2024-10
1860,2024-07,pro,referral,2024-11
1860,2024-07,pro,referral,2024-12
1860,2024-07,pro,referral,2025-01
1860,2024-07,pro,referral,2025-02
1860,2024-07,pro,referral,2025-03
1861,2024-07,free,organic,2024-07
1862,2024-03,free,referral,2024-03
1863,2024-08,starter,organic,2024-08
1863,2024-08,starter,organic,2024-09
1863,2024-08,starter,organic,2024-10
1863,2024-08,starter,organic,2024-11
1863,2024-08,starter,organic,2024-12
1863,2024-08,starter,organic,2025-01
1863,2024-08,starter,organic,2025-02
1863,2024-08,starter,organic,2025-03
1864,2024-04,starter,referral,2024-04
1864,2024-04,starter,referral,2024-05
1864,2024-04,starter,referral,2024-06
1864,2024-04,starter,referral,2024-07
1864,2024-04,starter,referral,2024-08
1864,2024-04,starter,referral,2024-09
1864,2024-04,starter,referral,2024-10
1865,2024-08,free,paid_search,2024-08
1865,2024-08,free,paid_search,2024-09
1865,2024-08,free,paid_search,2024-10
1865,2024-08,free,paid_search,2024-11
1866,2024-04,starter,organic,2024-04
1866,2024-04,starter,organic,2024-05
1866,2024-04,starter,organic,2024-06
1866,2024-04,starter,organic,2024-07
1866,2024-04,starter,organic,2024-08
1866,2024-04,starter,organic,2024-09
1866,2024-04,starter,organic,2024-10
1867,2024-01,free,paid_search,2024-01
1868,2024-07,starter,referral,2024-07
1868,2024-07,starter,referral,2024-08
1868,2024-07,starter,referral,2024-09
1868,2024-07,starter,referral,2024-10
1868,2024-07,starter,referral,2024-11
1868,2024-07,starter,referral,2024-12
1868,2024-07,starter,referral,2025-01
1868,2024-07,starter,referral,2025-02
1868,2024-07,starter,referral,2025-03
1869,2024-01,free,paid_search,2024-01
1870,2024-07,free,organic,2024-07
1870,2024-07,free,organic,2024-08
1870,2024-07,free,organic,2024-09
1870,2024-07,free,organic,2024-10
1870,2024-07,free,organic,2024-11
1870,2024-07,free,organic,2024-12
1870,2024-07,free,organic,2025-01
1870,2024-07,free,organic,2025-02
1870,2024-07,free,organic,2025-03
1871,2024-01,free,paid_search,2024-01
1871,2024-01,free,paid_search,2024-02
1872,2024-02,free,organic,2024-02
1872,2024-02,free,organic,2024-03
1872,2024-02,free,organic,2024-04
1872,2024-02,free,organic,2024-05
1872,2024-02,free,organic,2024-06
1872,2024-02,free,organic,2024-07
1872,2024-02,free,organic,2024-08
1872,2024-02,free,organic,2024-09
1873,2024-06,free,paid_search,2024-06
1873,2024-06,free,paid_search,2024-07
1874,2024-09,free,paid_search,2024-09
1875,2024-04,free,organic,2024-04
1875,2024-04,free,organic,2024-05
1875,2024-04,free,organic,2024-06
1876,2024-02,free,paid_search,2024-02
1876,2024-02,free,paid_search,2024-03
1877,2024-03,free,referral,2024-03
1877,2024-03,free,referral,2024-04
1878,2024-09,free,referral,2024-09
1879,2024-07,starter,organic,2024-07
1880,2024-01,pro,organic,2024-01
1880,2024-01,pro,organic,2024-02
1880,2024-01,pro,organic,2024-03
1880,2024-01,pro,organic,2024-04
1880,2024-01,pro,organic,2024-05
1880,2024-01,pro,organic,2024-06
1880,2024-01,pro,organic,2024-07
1880,2024-01,pro,organic,2024-08
1880,2024-01,pro,organic,2024-09
1880,2024-01,pro,organic,2024-10
1880,2024-01,pro,organic,2024-11
1880,2024-01,pro,organic,2024-12
1880,2024-01,pro,organic,2025-01
1880,2024-01,pro,organic,2025-02
1880,2024-01,pro,organic,2025-03
1881,2024-04,free,paid_search,2024-04
1882,2024-03,pro,organic,2024-03
1882,2024-03,pro,organic,2024-04
1882,2024-03,pro,organic,2024-05
1882,2024-03,pro,organic,2024-06
1882,2024-03,pro,organic,2024-07
1882,2024-03,pro,organic,2024-08
1882,2024-03,pro,organic,2024-09
1882,2024-03,pro,organic,2024-10
1882,2024-03,pro,organic,2024-11
1882,2024-03,pro,organic,2024-12
1882,2024-03,pro,organic,2025-01
1882,2024-03,pro,organic,2025-02
1882,2024-03,pro,organic,2025-03
1883,2024-02,free,paid_search,2024-02
1883,2024-02,free,paid_search,2024-03
1883,2024-02,free,paid_search,2024-04
1883,2024-02,free,paid_search,2024-05
1883,2024-02,free,paid_search,2024-06
1883,2024-02,free,paid_search,2024-07
1883,2024-02,free,paid_search,2024-08
1884,2024-08,free,organic,2024-08
1885,2024-06,starter,organic,2024-06
1885,2024-06,starter,organic,2024-07
1885,2024-06,starter,organic,2024-08
1886,2024-02,starter,referral,2024-02
1886,2024-02,starter,referral,2024-03
1886,2024-02,starter,referral,2024-04
1886,2024-02,starter,referral,2024-05
1886,2024-02,starter,referral,2024-06
1886,2024-02,starter,referral,2024-07
1886,2024-02,starter,referral,2024-08
1886,2024-02,starter,referral,2024-09
1886,2024-02,starter,referral,2024-10
1886,2024-02,starter,referral,2024-11
1887,2024-06,pro,organic,2024-06
1887,2024-06,pro,organic,2024-07
1887,2024-06,pro,organic,2024-08
1887,2024-06,pro,organic,2024-09
1887,2024-06,pro,organic,2024-10
1887,2024-06,pro,organic,2024-11
1887,2024-06,pro,organic,2024-12
1887,2024-06,pro,organic,2025-01
1887,2024-06,pro,organic,2025-02
1887,2024-06,pro,organic,2025-03
1888,2024-04,free,referral,2024-04
1888,2024-04,free,referral,2024-05
1888,2024-04,free,referral,2024-06
1888,2024-04,free,referral,2024-07
1888,2024-04,free,referral,2024-08
1888,2024-04,free,referral,2024-09
1888,2024-04,free,referral,2024-10
1888,2024-04,free,referral,2024-11
1889,2024-01,starter,organic,2024-01
1890,2024-05,free,paid_search,2024-05
1891,2024-02,free,paid_search,2024-02
1891,2024-02,free,paid_search,2024-03
1892,2024-03,free,referral,2024-03
1893,2024-08,enterprise,referral,2024-08
1893,2024-08,enterprise,referral,2024-09
1893,2024-08,enterprise,referral,2024-10
1893,2024-08,enterprise,referral,2024-11
1893,2024-08,enterprise,referral,2024-12
1893,2024-08,enterprise,referral,2025-01
1893,2024-08,enterprise,referral,2025-02
1893,2024-08,enterprise,referral,2025-03
1894,2024-07,free,paid_search,2024-07
1894,2024-07,free,paid_search,2024-08
1894,2024-07,free,paid_search,2024-09
1895,2024-02,pro,paid_search,2024-02
1895,2024-02,pro,paid_search,2024-03
1895,2024-02,pro,paid_search,2024-04
1895,2024-02,pro,paid_search,2024-05
1896,2024-08,starter,organic,2024-08
1896,2024-08,starter,organic,2024-09
1896,2024-08,starter,organic,2024-10
1896,2024-08,starter,organic,2024-11
1896,2024-08,starter,organic,2024-12
1896,2024-08,starter,organic,2025-01
1896,2024-08,starter,organic,2025-02
1897,2024-06,starter,paid_search,2024-06
1897,2024-06,starter,paid_search,2024-07
1898,2024-08,starter,organic,2024-08
1898,2024-08,starter,organic,2024-09
1898,2024-08,starter,organic,2024-10
1898,2024-08,starter,organic,2024-11
1898,2024-08,starter,organic,2024-12
1899,2024-07,pro,paid_search,2024-07
1899,2024-07,pro,paid_search,2024-08
1899,2024-07,pro,paid_search,2024-09
1899,2024-07,pro,paid_search,2024-10
1900,2024-04,free,organic,2024-04
1900,2024-04,free,organic,2024-05
1900,2024-04,free,organic,2024-06
1900,2024-04,free,organic,2024-07
1900,2024-04,free,organic,2024-08
1900,2024-04,free,organic,2024-09
1900,2024-04,free,organic,2024-10
1901,2024-05,free,content,2024-05
1902,2024-05,free,paid_search,2024-05
1903,2024-07,free,paid_search,2024-07
1903,2024-07,free,paid_search,2024-08
1904,2024-03,free,paid_search,2024-03
1904,2024-03,free,paid_search,2024-04
1905,2024-03,free,organic,2024-03
1905,2024-03,free,organic,2024-04
1905,2024-03,free,organic,2024-05
1906,2024-03,free,organic,2024-03
1907,2024-03,free,content,2024-03
1907,2024-03,free,content,2024-04
1908,2024-02,free,referral,2024-02
1908,2024-02,free,referral,2024-03
1908,2024-02,free,referral,2024-04
1909,2024-01,pro,organic,2024-01
1909,2024-01,pro,organic,2024-02
1909,2024-01,pro,organic,2024-03
1910,2024-09,free,referral,2024-09
1910,2024-09,free,referral,2024-10
1911,2024-01,enterprise,paid_search,2024-01
1911,2024-01,enterprise,paid_search,2024-02
1912,2024-08,enterprise,organic,2024-08
1912,2024-08,enterprise,organic,2024-09
1913,2024-01,free,paid_search,2024-01
1913,2024-01,free,paid_search,2024-02
1913,2024-01,free,paid_search,2024-03
1913,2024-01,free,paid_search,2024-04
1914,2024-07,starter,organic,2024-07
1914,2024-07,starter,organic,2024-08
1915,2024-03,starter,organic,2024-03
1915,2024-03,starter,organic,2024-04
1916,2024-05,starter,referral,2024-05
1917,2024-03,free,organic,2024-03
1918,2024-05,free,content,2024-05
1919,2024-05,free,referral,2024-05
1920,2024-05,starter,referral,2024-05
1921,2024-04,enterprise,paid_search,2024-04
1921,2024-04,enterprise,paid_search,2024-05
1921,2024-04,enterprise,paid_search,2024-06
1921,2024-04,enterprise,paid_search,2024-07
1921,2024-04,enterprise,paid_search,2024-08
1921,2024-04,enterprise,paid_search,2024-09
1921,2024-04,enterprise,paid_search,2024-10
1921,2024-04,enterprise,paid_search,2024-11
1922,2024-05,starter,content,2024-05
1922,2024-05,starter,content,2024-06
1923,2024-08,starter,paid_search,2024-08
1924,2024-04,enterprise,paid_search,2024-04
1925,2024-04,starter,paid_search,2024-04
1925,2024-04,starter,paid_search,2024-05
1925,2024-04,starter,paid_search,2024-06
1926,2024-02,free,content,2024-02
1926,2024-02,free,content,2024-03
1927,2024-04,pro,organic,2024-04
1927,2024-04,pro,organic,2024-05
1927,2024-04,pro,organic,2024-06
1928,2024-02,free,paid_search,2024-02
1929,2024-02,free,referral,2024-02
1929,2024-02,free,referral,2024-03
1929,2024-02,free,referral,2024-04
1929,2024-02,free,referral,2024-05
1929,2024-02,free,referral,2024-06
1929,2024-02,free,referral,2024-07
1929,2024-02,free,referral,2024-08
1929,2024-02,free,referral,2024-09
1929,2024-02,free,referral,2024-10
1929,2024-02,free,referral,2024-11
1929,2024-02,free,referral,2024-12
1929,2024-02,free,referral,2025-01
1929,2024-02,free,referral,2025-02
1929,2024-02,free,referral,2025-03
1930,2024-09,free,paid_search,2024-09
1931,2024-01,pro,content,2024-01
1931,2024-01,pro,content,2024-02
1931,2024-01,pro,content,2024-03
1931,2024-01,pro,content,2024-04
1931,2024-01,pro,content,2024-05
1932,2024-05,free,paid_search,2024-05
1933,2024-08,free,organic,2024-08
1933,2024-08,free,organic,2024-09
1934,2024-09,free,paid_search,2024-09
1934,2024-09,free,paid_search,2024-10
1935,2024-02,free,paid_search,2024-02
1936,2024-02,free,organic,2024-02
1937,2024-04,starter,organic,2024-04
1937,2024-04,starter,organic,2024-05
1937,2024-04,starter,organic,2024-06
1937,2024-04,starter,organic,2024-07
1937,2024-04,starter,organic,2024-08
1937,2024-04,starter,organic,2024-09
1937,2024-04,starter,organic,2024-10
1937,2024-04,starter,organic,2024-11
1937,2024-04,starter,organic,2024-12
1937,2024-04,starter,organic,2025-01
1937,2024-04,starter,organic,2025-02
1937,2024-04,starter,organic,2025-03
1938,2024-05,pro,organic,2024-05
1939,2024-09,free,referral,2024-09
1939,2024-09,free,referral,2024-10
1939,2024-09,free,referral,2024-11
1939,2024-09,free,referral,2024-12
1939,2024-09,free,referral,2025-01
1939,2024-09,free,referral,2025-02
1939,2024-09,free,referral,2025-03
1940,2024-02,free,content,2024-02
1940,2024-02,free,content,2024-03
1940,2024-02,free,content,2024-04
1940,2024-02,free,content,2024-05
1941,2024-02,free,paid_search,2024-02
1941,2024-02,free,paid_search,2024-03
1942,2024-03,free,organic,2024-03
1942,2024-03,free,organic,2024-04
1942,2024-03,free,organic,2024-05
1943,2024-08,free,paid_search,2024-08
1944,2024-01,starter,content,2024-01
1945,2024-04,starter,referral,2024-04
1945,2024-04,starter,referral,2024-05
1945,2024-04,starter,referral,2024-06
1946,2024-02,free,organic,2024-02
1947,2024-02,free,organic,2024-02
1947,2024-02,free,organic,2024-03
1947,2024-02,free,organic,2024-04
1947,2024-02,free,organic,2024-05
1948,2024-09,free,content,2024-09
1949,2024-01,free,content,2024-01
1950,2024-03,pro,organic,2024-03
1950,2024-03,pro,organic,2024-04
1950,2024-03,pro,organic,2024-05
1950,2024-03,pro,organic,2024-06
1950,2024-03,pro,organic,2024-07
1950,2024-03,pro,organic,2024-08
1950,2024-03,pro,organic,2024-09
1950,2024-03,pro,organic,2024-10
1950,2024-03,pro,organic,2024-11
1950,2024-03,pro,organic,2024-12
1950,2024-03,pro,organic,2025-01
1950,2024-03,pro,organic,2025-02
1950,2024-03,pro,organic,2025-03
1951,2024-09,starter,referral,2024-09
1952,2024-06,pro,organic,2024-06
1952,2024-06,pro,organic,2024-07
1952,2024-06,pro,organic,2024-08
1952,2024-06,pro,organic,2024-09
1952,2024-06,pro,organic,2024-10
1952,2024-06,pro,organic,2024-11
1952,2024-06,pro,organic,2024-12
1952,2024-06,pro,organic,2025-01
1952,2024-06,pro,organic,2025-02
1952,2024-06,pro,organic,2025-03
1953,2024-01,pro,organic,2024-01
1953,2024-01,pro,organic,2024-02
1953,2024-01,pro,organic,2024-03
1953,2024-01,pro,organic,2024-04
1953,2024-01,pro,organic,2024-05
1953,2024-01,pro,organic,2024-06
1953,2024-01,pro,organic,2024-07
1953,2024-01,pro,organic,2024-08
1953,2024-01,pro,organic,2024-09
1953,2024-01,pro,organic,2024-10
1953,2024-01,pro,organic,2024-11
1953,2024-01,pro,organic,2024-12
1953,2024-01,pro,organic,2025-01
1953,2024-01,pro,organic,2025-02
1953,2024-01,pro,organic,2025-03
1954,2024-05,starter,referral,2024-05
1955,2024-09,pro,paid_search,2024-09
1955,2024-09,pro,paid_search,2024-10
1956,2024-04,free,paid_search,2024-04
1957,2024-05,free,content,2024-05
1957,2024-05,free,content,2024-06
1957,2024-05,free,content,2024-07
1958,2024-05,free,referral,2024-05
1958,2024-05,free,referral,2024-06
1959,2024-06,free,organic,2024-06
1959,2024-06,free,organic,2024-07
1959,2024-06,free,organic,2024-08
1959,2024-06,free,organic,2024-09
1960,2024-02,free,paid_search,2024-02
1961,2024-08,free,referral,2024-08
1962,2024-09,starter,paid_search,2024-09
1962,2024-09,starter,paid_search,2024-10
1963,2024-02,starter,content,2024-02
1963,2024-02,starter,content,2024-03
1963,2024-02,starter,content,2024-04
1963,2024-02,starter,content,2024-05
1964,2024-08,free,referral,2024-08
1964,2024-08,free,referral,2024-09
1964,2024-08,free,referral,2024-10
1964,2024-08,free,referral,2024-11
1964,2024-08,free,referral,2024-12
1964,2024-08,free,referral,2025-01
1965,2024-08,free,organic,2024-08
1965,2024-08,free,organic,2024-09
1965,2024-08,free,organic,2024-10
1965,2024-08,free,organic,2024-11
1965,2024-08,free,organic,2024-12
1965,2024-08,free,organic,2025-01
1965,2024-08,free,organic,2025-02
1965,2024-08,free,organic,2025-03
1966,2024-07,starter,organic,2024-07
1966,2024-07,starter,organic,2024-08
1967,2024-04,free,referral,2024-04
1967,2024-04,free,referral,2024-05
1967,2024-04,free,referral,2024-06
1968,2024-05,free,content,2024-05
1968,2024-05,free,content,2024-06
1969,2024-08,free,organic,2024-08
1970,2024-02,free,organic,2024-02
1971,2024-08,free,referral,2024-08
1971,2024-08,free,referral,2024-09
1971,2024-08,free,referral,2024-10
1971,2024-08,free,referral,2024-11
1971,2024-08,free,referral,2024-12
1972,2024-09,starter,organic,2024-09
1972,2024-09,starter,organic,2024-10
1972,2024-09,starter,organic,2024-11
1972,2024-09,starter,organic,2024-12
1972,2024-09,starter,organic,2025-01
1972,2024-09,starter,organic,2025-02
1972,2024-09,starter,organic,2025-03
1973,2024-07,starter,organic,2024-07
1973,2024-07,starter,organic,2024-08
1973,2024-07,starter,organic,2024-09
1973,2024-07,starter,organic,2024-10
1974,2024-04,starter,content,2024-04
1974,2024-04,starter,content,2024-05
1974,2024-04,starter,content,2024-06
1974,2024-04,starter,content,2024-07
1974,2024-04,starter,content,2024-08
1975,2024-06,free,referral,2024-06
1975,2024-06,free,referral,2024-07
1975,2024-06,free,referral,2024-08
1976,2024-01,starter,content,2024-01
1976,2024-01,starter,content,2024-02
1977,2024-09,starter,referral,2024-09
1977,2024-09,starter,referral,2024-10
1978,2024-04,free,organic,2024-04
1978,2024-04,free,organic,2024-05
1978,2024-04,free,organic,2024-06
1979,2024-01,starter,content,2024-01
1979,2024-01,starter,content,2024-02
1979,2024-01,starter,content,2024-03
1979,2024-01,starter,content,2024-04
1979,2024-01,starter,content,2024-05
1979,2024-01,starter,content,2024-06
1979,2024-01,starter,content,2024-07
1979,2024-01,starter,content,2024-08
1980,2024-08,free,organic,2024-08
1980,2024-08,free,organic,2024-09
1980,2024-08,free,organic,2024-10
1980,2024-08,free,organic,2024-11
1980,2024-08,free,organic,2024-12
1980,2024-08,free,organic,2025-01
1980,2024-08,free,organic,2025-02
1981,2024-06,free,organic,2024-06
1981,2024-06,free,organic,2024-07
1981,2024-06,free,organic,2024-08
1981,2024-06,free,organic,2024-09
1982,2024-06,free,content,2024-06
1982,2024-06,free,content,2024-07
1982,2024-06,free,content,2024-08
1983,2024-01,free,referral,2024-01
1983,2024-01,free,referral,2024-02
1983,2024-01,free,referral,2024-03
1983,2024-01,free,referral,2024-04
1983,2024-01,free,referral,2024-05
1984,2024-07,free,content,2024-07
1984,2024-07,free,content,2024-08
1985,2024-06,free,organic,2024-06
1986,2024-08,free,content,2024-08
1987,2024-08,enterprise,paid_search,2024-08
1988,2024-02,free,referral,2024-02
1989,2024-02,free,content,2024-02
1989,2024-02,free,content,2024-03
1989,2024-02,free,content,2024-04
1990,2024-09,free,paid_search,2024-09
1990,2024-09,free,paid_search,2024-10
1990,2024-09,free,paid_search,2024-11
1991,2024-05,pro,referral,2024-05
1992,2024-04,free,paid_search,2024-04
1993,2024-03,pro,referral,2024-03
1993,2024-03,pro,referral,2024-04
1993,2024-03,pro,referral,2024-05
1993,2024-03,pro,referral,2024-06
1994,2024-06,free,content,2024-06
1994,2024-06,free,content,2024-07
1994,2024-06,free,content,2024-08
1995,2024-07,free,referral,2024-07
1995,2024-07,free,referral,2024-08
1995,2024-07,free,referral,2024-09
1995,2024-07,free,referral,2024-10
1995,2024-07,free,referral,2024-11
1995,2024-07,free,referral,2024-12
1996,2024-01,free,organic,2024-01
1996,2024-01,free,organic,2024-02
1997,2024-05,free,organic,2024-05
1997,2024-05,free,organic,2024-06
1997,2024-05,free,organic,2024-07
1997,2024-05,free,organic,2024-08
1998,2024-09,starter,content,2024-09
1999,2024-03,pro,content,2024-03
1999,2024-03,pro,content,2024-04
2000,2024-03,free,content,2024-03
2000,2024-03,free,content,2024-04
2000,2024-03,free,content,2024-05
2001,2024-08,enterprise,organic,2024-08
2001,2024-08,enterprise,organic,2024-09
2001,2024-08,enterprise,organic,2024-10
2001,2024-08,enterprise,organic,2024-11
2001,2024-08,enterprise,organic,2024-12
2001,2024-08,enterprise,organic,2025-01
2001,2024-08,enterprise,organic,2025-02
2001,2024-08,enterprise,organic,2025-03
2002,2024-01,free,paid_search,2024-01
2003,2024-04,free,referral,2024-04
2003,2024-04,free,referral,2024-05
2003,2024-04,free,referral,2024-06
2003,2024-04,free,referral,2024-07
2003,2024-04,free,referral,2024-08
2003,2024-04,free,referral,2024-09
2004,2024-05,free,referral,2024-05
2004,2024-05,free,referral,2024-06
2004,2024-05,free,referral,2024-07
2004,2024-05,free,referral,2024-08
2004,2024-05,free,referral,2024-09
2004,2024-05,free,referral,2024-10
2004,2024-05,free,referral,2024-11
2004,2024-05,free,referral,2024-12
2004,2024-05,free,referral,2025-01
2004,2024-05,free,referral,2025-02
2004,2024-05,free,referral,2025-03
2005,2024-08,free,organic,2024-08
2005,2024-08,free,organic,2024-09
2006,2024-02,starter,paid_search,2024-02
2007,2024-04,free,organic,2024-04
2007,2024-04,free,organic,2024-05
2007,2024-04,free,organic,2024-06
2007,2024-04,free,organic,2024-07
2008,2024-02,free,paid_search,2024-02
2008,2024-02,free,paid_search,2024-03
2008,2024-02,free,paid_search,2024-04
2008,2024-02,free,paid_search,2024-05
2008,2024-02,free,paid_search,2024-06
2009,2024-08,free,organic,2024-08
2009,2024-08,free,organic,2024-09
2010,2024-06,free,organic,2024-06
2011,2024-05,free,organic,2024-05
2012,2024-04,starter,content,2024-04
2012,2024-04,starter,content,2024-05
2013,2024-02,free,referral,2024-02
2014,2024-09,free,content,2024-09
2015,2024-06,free,paid_search,2024-06
2016,2024-03,free,paid_search,2024-03
2016,2024-03,free,paid_search,2024-04
2017,2024-04,free,paid_search,2024-04
2018,2024-07,starter,paid_search,2024-07
2018,2024-07,starter,paid_search,2024-08
2018,2024-07,starter,paid_search,2024-09
2018,2024-07,starter,paid_search,2024-10
2018,2024-07,starter,paid_search,2024-11
2018,2024-07,starter,paid_search,2024-12
2019,2024-07,enterprise,paid_search,2024-07
2019,2024-07,enterprise,paid_search,2024-08
2019,2024-07,enterprise,paid_search,2024-09
2019,2024-07,enterprise,paid_search,2024-10
2019,2024-07,enterprise,paid_search,2024-11
2019,2024-07,enterprise,paid_search,2024-12
2019,2024-07,enterprise,paid_search,2025-01
2019,2024-07,enterprise,paid_search,2025-02
2020,2024-05,free,referral,2024-05
2021,2024-03,enterprise,referral,2024-03
2021,2024-03,enterprise,referral,2024-04
2021,2024-03,enterprise,referral,2024-05
2021,2024-03,enterprise,referral,2024-06
2021,2024-03,enterprise,referral,2024-07
2021,2024-03,enterprise,referral,2024-08
2021,2024-03,enterprise,referral,2024-09
2021,2024-03,enterprise,referral,2024-10
2021,2024-03,enterprise,referral,2024-11
2021,2024-03,enterprise,referral,2024-12
2021,2024-03,enterprise,referral,2025-01
2021,2024-03,enterprise,referral,2025-02
2021,2024-03,enterprise,referral,2025-03
2022,2024-06,free,content,2024-06
2023,2024-06,starter,organic,2024-06
2023,2024-06,starter,organic,2024-07
2023,2024-06,starter,organic,2024-08
2024,2024-06,starter,paid_search,2024-06
2024,2024-06,starter,paid_search,2024-07
2024,2024-06,starter,paid_search,2024-08
2024,2024-06,starter,paid_search,2024-09
2024,2024-06,starter,paid_search,2024-10
2025,2024-01,starter,organic,2024-01
2025,2024-01,starter,organic,2024-02
2026,2024-05,starter,organic,2024-05
2026,2024-05,starter,organic,2024-06
2026,2024-05,starter,organic,2024-07
2026,2024-05,starter,organic,2024-08
2026,2024-05,starter,organic,2024-09
2026,2024-05,starter,organic,2024-10
2026,2024-05,starter,organic,2024-11
2026,2024-05,starter,organic,2024-12
2027,2024-06,free,referral,2024-06
2027,2024-06,free,referral,2024-07
2027,2024-06,free,referral,2024-08
2027,2024-06,free,referral,2024-09
2027,2024-06,free,referral,2024-10
2027,2024-06,free,referral,2024-11
2028,2024-09,free,paid_search,2024-09
2028,2024-09,free,paid_search,2024-10
2028,2024-09,free,paid_search,2024-11
2028,2024-09,free,paid_search,2024-12
2028,2024-09,free,paid_search,2025-01
2028,2024-09,free,paid_search,2025-02
2028,2024-09,free,paid_search,2025-03
2029,2024-05,free,referral,2024-05
2029,2024-05,free,referral,2024-06
2029,2024-05,free,referral,2024-07
2030,2024-04,free,organic,2024-04
2030,2024-04,free,organic,2024-05
2030,2024-04,free,organic,2024-06
2030,2024-04,free,organic,2024-07
2030,2024-04,free,organic,2024-08
2030,2024-04,free,organic,2024-09
2030,2024-04,free,organic,2024-10
2030,2024-04,free,organic,2024-11
2030,2024-04,free,organic,2024-12
2030,2024-04,free,organic,2025-01
2031,2024-06,starter,content,2024-06
2032,2024-02,free,content,2024-02
2033,2024-01,free,paid_search,2024-01
2033,2024-01,free,paid_search,2024-02
2034,2024-07,free,content,2024-07
2034,2024-07,free,content,2024-08
2034,2024-07,free,content,2024-09
2035,2024-09,free,organic,2024-09
2036,2024-08,starter,referral,2024-08
2036,2024-08,starter,referral,2024-09
2037,2024-06,starter,content,2024-06
2037,2024-06,starter,content,2024-07
2037,2024-06,starter,content,2024-08
2037,2024-06,starter,content,2024-09
2037,2024-06,starter,content,2024-10
2038,2024-01,free,referral,2024-01
2038,2024-01,free,referral,2024-02
2038,2024-01,free,referral,2024-03
2039,2024-09,free,referral,2024-09
2040,2024-05,free,paid_search,2024-05
2041,2024-03,free,referral,2024-03
2042,2024-09,starter,referral,2024-09
2043,2024-07,free,organic,2024-07
2043,2024-07,free,organic,2024-08
2043,2024-07,free,organic,2024-09
2044,2024-07,free,organic,2024-07
2044,2024-07,free,organic,2024-08
2044,2024-07,free,organic,2024-09
2044,2024-07,free,organic,2024-10
2044,2024-07,free,organic,2024-11
2044,2024-07,free,organic,2024-12
2045,2024-03,free,referral,2024-03
2045,2024-03,free,referral,2024-04
2045,2024-03,free,referral,2024-05
2045,2024-03,free,referral,2024-06
2045,2024-03,free,referral,2024-07
2045,2024-03,free,referral,2024-08
2045,2024-03,free,referral,2024-09
2045,2024-03,free,referral,2024-10
2045,2024-03,free,referral,2024-11
2045,2024-03,free,referral,2024-12
2045,2024-03,free,referral,2025-01
2045,2024-03,free,referral,2025-02
2045,2024-03,free,referral,2025-03
2046,2024-09,enterprise,paid_search,2024-09
2046,2024-09,enterprise,paid_search,2024-10
2046,2024-09,enterprise,paid_search,2024-11
2047,2024-05,starter,paid_search,2024-05
2048,2024-05,free,content,2024-05
2048,2024-05,free,content,2024-06
2048,2024-05,free,content,2024-07
2048,2024-05,free,content,2024-08
2048,2024-05,free,content,2024-09
2049,2024-07,free,referral,2024-07
2049,2024-07,free,referral,2024-08
2049,2024-07,free,referral,2024-09
2050,2024-06,free,paid_search,2024-06
2051,2024-02,pro,paid_search,2024-02
2052,2024-03,free,paid_search,2024-03
2053,2024-04,free,referral,2024-04
2053,2024-04,free,referral,2024-05
2053,2024-04,free,referral,2024-06
2053,2024-04,free,referral,2024-07
2053,2024-04,free,referral,2024-08
2053,2024-04,free,referral,2024-09
2053,2024-04,free,referral,2024-10
2053,2024-04,free,referral,2024-11
2054,2024-09,enterprise,paid_search,2024-09
2054,2024-09,enterprise,paid_search,2024-10
2054,2024-09,enterprise,paid_search,2024-11
2055,2024-07,starter,paid_search,2024-07
2055,2024-07,starter,paid_search,2024-08
2055,2024-07,starter,paid_search,2024-09
2055,2024-07,starter,paid_search,2024-10
2056,2024-04,free,referral,2024-04
2056,2024-04,free,referral,2024-05
2056,2024-04,free,referral,2024-06
2057,2024-07,free,referral,2024-07
2057,2024-07,free,referral,2024-08
2057,2024-07,free,referral,2024-09
2057,2024-07,free,referral,2024-10
2057,2024-07,free,referral,2024-11
2057,2024-07,free,referral,2024-12
2057,2024-07,free,referral,2025-01
2057,2024-07,free,referral,2025-02
2057,2024-07,free,referral,2025-03
2058,2024-07,free,referral,2024-07
2059,2024-04,free,organic,2024-04
2060,2024-04,free,referral,2024-04
2060,2024-04,free,referral,2024-05
2061,2024-09,pro,paid_search,2024-09
2061,2024-09,pro,paid_search,2024-10
2061,2024-09,pro,paid_search,2024-11
2061,2024-09,pro,paid_search,2024-12
2061,2024-09,pro,paid_search,2025-01
2061,2024-09,pro,paid_search,2025-02
2061,2024-09,pro,paid_search,2025-03
2062,2024-06,pro,organic,2024-06
2062,2024-06,pro,organic,2024-07
2062,2024-06,pro,organic,2024-08
2062,2024-06,pro,organic,2024-09
2062,2024-06,pro,organic,2024-10
2062,2024-06,pro,organic,2024-11
2062,2024-06,pro,organic,2024-12
2062,2024-06,pro,organic,2025-01
2062,2024-06,pro,organic,2025-02
2062,2024-06,pro,organic,2025-03
2063,2024-02,free,referral,2024-02
2064,2024-07,starter,referral,2024-07
2064,2024-07,starter,referral,2024-08
2064,2024-07,starter,referral,2024-09
2064,2024-07,starter,referral,2024-10
2064,2024-07,starter,referral,2024-11
2064,2024-07,starter,referral,2024-12
2064,2024-07,starter,referral,2025-01
2064,2024-07,starter,referral,2025-02
2064,2024-07,starter,referral,2025-03
2065,2024-06,free,paid_search,2024-06
2066,2024-05,free,referral,2024-05
2067,2024-07,starter,organic,2024-07
2067,2024-07,starter,organic,2024-08
2067,2024-07,starter,organic,2024-09
2067,2024-07,starter,organic,2024-10
2067,2024-07,starter,organic,2024-11
2067,2024-07,starter,organic,2024-12
2067,2024-07,starter,organic,2025-01
2067,2024-07,starter,organic,2025-02
2068,2024-09,free,organic,2024-09
2068,2024-09,free,organic,2024-10
2068,2024-09,free,organic,2024-11
2068,2024-09,free,organic,2024-12
2068,2024-09,free,organic,2025-01
2068,2024-09,free,organic,2025-02
2069,2024-03,free,paid_search,2024-03
2069,2024-03,free,paid_search,2024-04
2070,2024-04,free,paid_search,2024-04
2070,2024-04,free,paid_search,2024-05
2070,2024-04,free,paid_search,2024-06
2071,2024-02,free,referral,2024-02
2071,2024-02,free,referral,2024-03
2072,2024-06,free,referral,2024-06
2072,2024-06,free,referral,2024-07
2072,2024-06,free,referral,2024-08
2072,2024-06,free,referral,2024-09
2072,2024-06,free,referral,2024-10
2073,2024-04,starter,referral,2024-04
2073,2024-04,starter,referral,2024-05
2073,2024-04,starter,referral,2024-06
2073,2024-04,starter,referral,2024-07
2073,2024-04,starter,referral,2024-08
2073,2024-04,starter,referral,2024-09
2073,2024-04,starter,referral,2024-10
2073,2024-04,starter,referral,2024-11
2073,2024-04,starter,referral,2024-12
2074,2024-04,starter,organic,2024-04
2074,2024-04,starter,organic,2024-05
2074,2024-04,starter,organic,2024-06
2075,2024-07,starter,paid_search,2024-07
2075,2024-07,starter,paid_search,2024-08
2076,2024-04,pro,organic,2024-04
2076,2024-04,pro,organic,2024-05
2076,2024-04,pro,organic,2024-06
2076,2024-04,pro,organic,2024-07
2076,2024-04,pro,organic,2024-08
2076,2024-04,pro,organic,2024-09
2076,2024-04,pro,organic,2024-10
2076,2024-04,pro,organic,2024-11
2077,2024-05,free,referral,2024-05
2078,2024-04,pro,organic,2024-04
2079,2024-03,free,paid_search,2024-03
2079,2024-03,free,paid_search,2024-04
2079,2024-03,free,paid_search,2024-05
2079,2024-03,free,paid_search,2024-06
2079,2024-03,free,paid_search,2024-07
2079,2024-03,free,paid_search,2024-08
2079,2024-03,free,paid_search,2024-09
2079,2024-03,free,paid_search,2024-10
2080,2024-02,free,referral,2024-02
2080,2024-02,free,referral,2024-03
2080,2024-02,free,referral,2024-04
2080,2024-02,free,referral,2024-05
2081,2024-08,pro,referral,2024-08
2082,2024-01,free,organic,2024-01
2082,2024-01,free,organic,2024-02
2083,2024-03,free,organic,2024-03
2084,2024-07,free,referral,2024-07
2084,2024-07,free,referral,2024-08
2084,2024-07,free,referral,2024-09
2084,2024-07,free,referral,2024-10
2084,2024-07,free,referral,2024-11
2084,2024-07,free,referral,2024-12
2084,2024-07,free,referral,2025-01
2085,2024-02,free,paid_search,2024-02
2085,2024-02,free,paid_search,2024-03
2085,2024-02,free,paid_search,2024-04
2086,2024-06,free,organic,2024-06
2087,2024-07,free,content,2024-07
2088,2024-06,pro,paid_search,2024-06
2088,2024-06,pro,paid_search,2024-07
2089,2024-03,free,paid_search,2024-03
2089,2024-03,free,paid_search,2024-04
2090,2024-01,free,organic,2024-01
2090,2024-01,free,organic,2024-02
2090,2024-01,free,organic,2024-03
2090,2024-01,free,organic,2024-04
2090,2024-01,free,organic,2024-05
2090,2024-01,free,organic,2024-06
2090,2024-01,free,organic,2024-07
2090,2024-01,free,organic,2024-08
2090,2024-01,free,organic,2024-09
2090,2024-01,free,organic,2024-10
2091,2024-08,free,paid_search,2024-08
2091,2024-08,free,paid_search,2024-09
2092,2024-03,pro,organic,2024-03
2092,2024-03,pro,organic,2024-04
2092,2024-03,pro,organic,2024-05
2092,2024-03,pro,organic,2024-06
2092,2024-03,pro,organic,2024-07
2092,2024-03,pro,organic,2024-08
2093,2024-08,free,organic,2024-08
2094,2024-02,free,paid_search,2024-02
2095,2024-02,free,paid_search,2024-02
2096,2024-08,starter,content,2024-08
2096,2024-08,starter,content,2024-09
2096,2024-08,starter,content,2024-10
2096,2024-08,starter,content,2024-11
2096,2024-08,starter,content,2024-12
2097,2024-09,starter,content,2024-09
2098,2024-08,free,organic,2024-08
2098,2024-08,free,organic,2024-09
2098,2024-08,free,organic,2024-10
2098,2024-08,free,organic,2024-11
2098,2024-08,free,organic,2024-12
2098,2024-08,free,organic,2025-01
2098,2024-08,free,organic,2025-02
2098,2024-08,free,organic,2025-03
2099,2024-07,starter,organic,2024-07
2099,2024-07,starter,organic,2024-08
2099,2024-07,starter,organic,2024-09
2099,2024-07,starter,organic,2024-10
2099,2024-07,starter,organic,2024-11
2099,2024-07,starter,organic,2024-12
2099,2024-07,starter,organic,2025-01
2099,2024-07,starter,organic,2025-02
2099,2024-07,starter,organic,2025-03
2100,2024-03,free,referral,2024-03
2100,2024-03,free,referral,2024-04
2100,2024-03,free,referral,2024-05
2100,2024-03,free,referral,2024-06
2100,2024-03,free,referral,2024-07
2101,2024-09,free,content,2024-09
2102,2024-07,free,content,2024-07
2103,2024-02,free,organic,2024-02
2104,2024-02,free,organic,2024-02
2104,2024-02,free,organic,2024-03
2104,2024-02,free,organic,2024-04
2104,2024-02,free,organic,2024-05
2104,2024-02,free,organic,2024-06
2104,2024-02,free,organic,2024-07
2105,2024-08,free,organic,2024-08
2106,2024-03,free,referral,2024-03
2107,2024-07,free,paid_search,2024-07
2107,2024-07,free,paid_search,2024-08
2108,2024-02,free,paid_search,2024-02
2109,2024-03,starter,paid_search,2024-03
2110,2024-03,starter,organic,2024-03
2110,2024-03,starter,organic,2024-04
2110,2024-03,starter,organic,2024-05
2110,2024-03,starter,organic,2024-06
2111,2024-03,free,paid_search,2024-03
2111,2024-03,free,paid_search,2024-04
2111,2024-03,free,paid_search,2024-05
2111,2024-03,free,paid_search,2024-06
2111,2024-03,free,paid_search,2024-07
2112,2024-07,free,organic,2024-07
2112,2024-07,free,organic,2024-08
2112,2024-07,free,organic,2024-09
2112,2024-07,free,organic,2024-10
2112,2024-07,free,organic,2024-11
2112,2024-07,free,organic,2024-12
2112,2024-07,free,organic,2025-01
2112,2024-07,free,organic,2025-02
2113,2024-09,free,paid_search,2024-09
2114,2024-09,free,referral,2024-09
2115,2024-07,free,referral,2024-07
2115,2024-07,free,referral,2024-08
2116,2024-02,free,organic,2024-02
2116,2024-02,free,organic,2024-03
2116,2024-02,free,organic,2024-04
2116,2024-02,free,organic,2024-05
2116,2024-02,free,organic,2024-06
2116,2024-02,free,organic,2024-07
2117,2024-09,starter,referral,2024-09
2117,2024-09,starter,referral,2024-10
2117,2024-09,starter,referral,2024-11
2117,2024-09,starter,referral,2024-12
2117,2024-09,starter,referral,2025-01
2117,2024-09,starter,referral,2025-02
2117,2024-09,starter,referral,2025-03
2118,2024-05,starter,referral,2024-05
2119,2024-05,free,organic,2024-05
2120,2024-07,free,organic,2024-07
2121,2024-07,pro,paid_search,2024-07
2121,2024-07,pro,paid_search,2024-08
2121,2024-07,pro,paid_search,2024-09
2121,2024-07,pro,paid_search,2024-10
2122,2024-09,free,organic,2024-09
2122,2024-09,free,organic,2024-10
2123,2024-06,pro,organic,2024-06
2123,2024-06,pro,organic,2024-07
2123,2024-06,pro,organic,2024-08
2123,2024-06,pro,organic,2024-09
2123,2024-06,pro,organic,2024-10
2123,2024-06,pro,organic,2024-11
2123,2024-06,pro,organic,2024-12
2123,2024-06,pro,organic,2025-01
2123,2024-06,pro,organic,2025-02
2124,2024-06,free,organic,2024-06
2124,2024-06,free,organic,2024-07
2124,2024-06,free,organic,2024-08
2124,2024-06,free,organic,2024-09
2124,2024-06,free,organic,2024-10
2124,2024-06,free,organic,2024-11
2125,2024-07,free,organic,2024-07
2125,2024-07,free,organic,2024-08
2125,2024-07,free,organic,2024-09
2125,2024-07,free,organic,2024-10
2125,2024-07,free,organic,2024-11
2126,2024-03,free,paid_search,2024-03
2126,2024-03,free,paid_search,2024-04
2126,2024-03,free,paid_search,2024-05
2126,2024-03,free,paid_search,2024-06
2126,2024-03,free,paid_search,2024-07
2126,2024-03,free,paid_search,2024-08
2126,2024-03,free,paid_search,2024-09
2127,2024-03,free,paid_search,2024-03
2127,2024-03,free,paid_search,2024-04
2127,2024-03,free,paid_search,2024-05
2128,2024-06,pro,organic,2024-06
2128,2024-06,pro,organic,2024-07
2128,2024-06,pro,organic,2024-08
2128,2024-06,pro,organic,2024-09
2128,2024-06,pro,organic,2024-10
2129,2024-01,free,referral,2024-01
2129,2024-01,free,referral,2024-02
2129,2024-01,free,referral,2024-03
2130,2024-03,enterprise,organic,2024-03
2130,2024-03,enterprise,organic,2024-04
2130,2024-03,enterprise,organic,2024-05
2130,2024-03,enterprise,organic,2024-06
2130,2024-03,enterprise,organic,2024-07
2130,2024-03,enterprise,organic,2024-08
2130,2024-03,enterprise,organic,2024-09
2130,2024-03,enterprise,organic,2024-10
2130,2024-03,enterprise,organic,2024-11
2130,2024-03,enterprise,organic,2024-12
2130,2024-03,enterprise,organic,2025-01
2130,2024-03,enterprise,organic,2025-02
2130,2024-03,enterprise,organic,2025-03
2131,2024-07,free,organic,2024-07
2131,2024-07,free,organic,2024-08
2131,2024-07,free,organic,2024-09
2132,2024-09,pro,organic,2024-09
2132,2024-09,pro,organic,2024-10
2132,2024-09,pro,organic,2024-11
2132,2024-09,pro,organic,2024-12
2132,2024-09,pro,organic,2025-01
2132,2024-09,pro,organic,2025-02
2132,2024-09,pro,organic,2025-03
2133,2024-05,pro,referral,2024-05
2133,2024-05,pro,referral,2024-06
2133,2024-05,pro,referral,2024-07
2133,2024-05,pro,referral,2024-08
2133,2024-05,pro,referral,2024-09
2133,2024-05,pro,referral,2024-10
2133,2024-05,pro,referral,2024-11
2133,2024-05,pro,referral,2024-12
2133,2024-05,pro,referral,2025-01
2133,2024-05,pro,referral,2025-02
2133,2024-05,pro,referral,2025-03
2134,2024-04,free,content,2024-04
2135,2024-04,free,paid_search,2024-04
2135,2024-04,free,paid_search,2024-05
2135,2024-04,free,paid_search,2024-06
2136,2024-07,starter,organic,2024-07
2136,2024-07,starter,organic,2024-08
2136,2024-07,starter,organic,2024-09
2136,2024-07,starter,organic,2024-10
2136,2024-07,starter,organic,2024-11
2136,2024-07,starter,organic,2024-12
2136,2024-07,starter,organic,2025-01
2136,2024-07,starter,organic,2025-02
2137,2024-05,free,organic,2024-05
2138,2024-01,pro,organic,2024-01
2138,2024-01,pro,organic,2024-02
2138,2024-01,pro,organic,2024-03
2138,2024-01,pro,organic,2024-04
2138,2024-01,pro,organic,2024-05
2138,2024-01,pro,organic,2024-06
2138,2024-01,pro,organic,2024-07
2138,2024-01,pro,organic,2024-08
2138,2024-01,pro,organic,2024-09
2138,2024-01,pro,organic,2024-10
2138,2024-01,pro,organic,2024-11
2138,2024-01,pro,organic,2024-12
2138,2024-01,pro,organic,2025-01
2138,2024-01,pro,organic,2025-02
2138,2024-01,pro,organic,2025-03
2139,2024-05,free,referral,2024-05
2140,2024-04,free,organic,2024-04
2141,2024-07,free,content,2024-07
2141,2024-07,free,content,2024-08
2141,2024-07,free,content,2024-09
2142,2024-08,starter,paid_search,2024-08
2143,2024-09,enterprise,paid_search,2024-09
2143,2024-09,enterprise,paid_search,2024-10
2143,2024-09,enterprise,paid_search,2024-11
2143,2024-09,enterprise,paid_search,2024-12
2144,2024-06,free,referral,2024-06
2145,2024-04,starter,organic,2024-04
2145,2024-04,starter,organic,2024-05
2145,2024-04,starter,organic,2024-06
2146,2024-04,pro,referral,2024-04
2146,2024-04,pro,referral,2024-05
2146,2024-04,pro,referral,2024-06
2146,2024-04,pro,referral,2024-07
2146,2024-04,pro,referral,2024-08
2146,2024-04,pro,referral,2024-09
2146,2024-04,pro,referral,2024-10
2146,2024-04,pro,referral,2024-11
2146,2024-04,pro,referral,2024-12
2146,2024-04,pro,referral,2025-01
2146,2024-04,pro,referral,2025-02
2146,2024-04,pro,referral,2025-03
2147,2024-02,free,organic,2024-02
2147,2024-02,free,organic,2024-03
2147,2024-02,free,organic,2024-04
2147,2024-02,free,organic,2024-05
2147,2024-02,free,organic,2024-06
2147,2024-02,free,organic,2024-07
2148,2024-09,free,referral,2024-09
2148,2024-09,free,referral,2024-10
2149,2024-08,starter,paid_search,2024-08
2149,2024-08,starter,paid_search,2024-09
2150,2024-08,starter,organic,2024-08
2150,2024-08,starter,organic,2024-09
2150,2024-08,starter,organic,2024-10
2150,2024-08,starter,organic,2024-11
2150,2024-08,starter,organic,2024-12
2150,2024-08,starter,organic,2025-01
2150,2024-08,starter,organic,2025-02
2150,2024-08,starter,organic,2025-03
2151,2024-03,free,referral,2024-03
2152,2024-03,pro,organic,2024-03
2152,2024-03,pro,organic,2024-04
2152,2024-03,pro,organic,2024-05
2152,2024-03,pro,organic,2024-06
2152,2024-03,pro,organic,2024-07
2152,2024-03,pro,organic,2024-08
2152,2024-03,pro,organic,2024-09
2152,2024-03,pro,organic,2024-10
2152,2024-03,pro,organic,2024-11
2152,2024-03,pro,organic,2024-12
2152,2024-03,pro,organic,2025-01
2152,2024-03,pro,organic,2025-02
2152,2024-03,pro,organic,2025-03
2153,2024-08,free,organic,2024-08
2153,2024-08,free,organic,2024-09
2153,2024-08,free,organic,2024-10
2153,2024-08,free,organic,2024-11
2153,2024-08,free,organic,2024-12
2153,2024-08,free,organic,2025-01
2153,2024-08,free,organic,2025-02
2154,2024-05,pro,referral,2024-05
2155,2024-07,pro,paid_search,2024-07
2155,2024-07,pro,paid_search,2024-08
2155,2024-07,pro,paid_search,2024-09
2155,2024-07,pro,paid_search,2024-10
2156,2024-05,starter,content,2024-05
2156,2024-05,starter,content,2024-06
2157,2024-04,free,paid_search,2024-04
2157,2024-04,free,paid_search,2024-05
2157,2024-04,free,paid_search,2024-06
2157,2024-04,free,paid_search,2024-07
2158,2024-06,free,paid_search,2024-06
2159,2024-08,free,organic,2024-08
2159,2024-08,free,organic,2024-09
2159,2024-08,free,organic,2024-10
2159,2024-08,free,organic,2024-11
2159,2024-08,free,organic,2024-12
2159,2024-08,free,organic,2025-01
2160,2024-04,free,organic,2024-04
2160,2024-04,free,organic,2024-05
2161,2024-08,starter,content,2024-08
2162,2024-03,free,organic,2024-03
2162,2024-03,free,organic,2024-04
2162,2024-03,free,organic,2024-05
2163,2024-04,free,paid_search,2024-04
2163,2024-04,free,paid_search,2024-05
2163,2024-04,free,paid_search,2024-06
2164,2024-09,free,organic,2024-09
2164,2024-09,free,organic,2024-10
2165,2024-09,free,organic,2024-09
2165,2024-09,free,organic,2024-10
2165,2024-09,free,organic,2024-11
2165,2024-09,free,organic,2024-12
2165,2024-09,free,organic,2025-01
2165,2024-09,free,organic,2025-02
2165,2024-09,free,organic,2025-03
2166,2024-09,free,paid_search,2024-09
2166,2024-09,free,paid_search,2024-10
2166,2024-09,free,paid_search,2024-11
2166,2024-09,free,paid_search,2024-12
2166,2024-09,free,paid_search,2025-01
2166,2024-09,free,paid_search,2025-02
2166,2024-09,free,paid_search,2025-03
2167,2024-03,starter,referral,2024-03
2167,2024-03,starter,referral,2024-04
2167,2024-03,starter,referral,2024-05
2167,2024-03,starter,referral,2024-06
2167,2024-03,starter,referral,2024-07
2167,2024-03,starter,referral,2024-08
2167,2024-03,starter,referral,2024-09
2167,2024-03,starter,referral,2024-10
2167,2024-03,starter,referral,2024-11
2167,2024-03,starter,referral,2024-12
2167,2024-03,starter,referral,2025-01
2167,2024-03,starter,referral,2025-02
2167,2024-03,starter,referral,2025-03
2168,2024-08,starter,referral,2024-08
2168,2024-08,starter,referral,2024-09
2168,2024-08,starter,referral,2024-10
2168,2024-08,starter,referral,2024-11
2168,2024-08,starter,referral,2024-12
2168,2024-08,starter,referral,2025-01
2168,2024-08,starter,referral,2025-02
2168,2024-08,starter,referral,2025-03
2169,2024-09,free,content,2024-09
2169,2024-09,free,content,2024-10
2169,2024-09,free,content,2024-11
2169,2024-09,free,content,2024-12
2169,2024-09,free,content,2025-01
2169,2024-09,free,content,2025-02
2170,2024-09,pro,organic,2024-09
2170,2024-09,pro,organic,2024-10
2170,2024-09,pro,organic,2024-11
2170,2024-09,pro,organic,2024-12
2170,2024-09,pro,organic,2025-01
2171,2024-01,pro,paid_search,2024-01
2171,2024-01,pro,paid_search,2024-02
2171,2024-01,pro,paid_search,2024-03
2171,2024-01,pro,paid_search,2024-04
2171,2024-01,pro,paid_search,2024-05
2171,2024-01,pro,paid_search,2024-06
2171,2024-01,pro,paid_search,2024-07
2171,2024-01,pro,paid_search,2024-08
2172,2024-07,free,organic,2024-07
2172,2024-07,free,organic,2024-08
2172,2024-07,free,organic,2024-09
2173,2024-09,starter,referral,2024-09
2173,2024-09,starter,referral,2024-10
2173,2024-09,starter,referral,2024-11
2174,2024-07,free,organic,2024-07
2174,2024-07,free,organic,2024-08
2174,2024-07,free,organic,2024-09
2175,2024-03,free,paid_search,2024-03
2175,2024-03,free,paid_search,2024-04
2176,2024-07,free,organic,2024-07
2176,2024-07,free,organic,2024-08
2176,2024-07,free,organic,2024-09
2176,2024-07,free,organic,2024-10
2176,2024-07,free,organic,2024-11
2177,2024-01,free,referral,2024-01
2177,2024-01,free,referral,2024-02
2177,2024-01,free,referral,2024-03
2177,2024-01,free,referral,2024-04
2177,2024-01,free,referral,2024-05
2177,2024-01,free,referral,2024-06
2177,2024-01,free,referral,2024-07
2177,2024-01,free,referral,2024-08
2177,2024-01,free,referral,2024-09
2177,2024-01,free,referral,2024-10
2177,2024-01,free,referral,2024-11
2177,2024-01,free,referral,2024-12
2177,2024-01,free,referral,2025-01
2177,2024-01,free,referral,2025-02
2177,2024-01,free,referral,2025-03
2178,2024-05,pro,referral,2024-05
2178,2024-05,pro,referral,2024-06
2178,2024-05,pro,referral,2024-07
2178,2024-05,pro,referral,2024-08
2178,2024-05,pro,referral,2024-09
2178,2024-05,pro,referral,2024-10
2178,2024-05,pro,referral,2024-11
2178,2024-05,pro,referral,2024-12
2178,2024-05,pro,referral,2025-01
2178,2024-05,pro,referral,2025-02
2178,2024-05,pro,referral,2025-03
2179,2024-06,pro,content,2024-06
2179,2024-06,pro,content,2024-07
2179,2024-06,pro,content,2024-08
2179,2024-06,pro,content,2024-09
2179,2024-06,pro,content,2024-10
2179,2024-06,pro,content,2024-11
2179,2024-06,pro,content,2024-12
2179,2024-06,pro,content,2025-01
2179,2024-06,pro,content,2025-02
2179,2024-06,pro,content,2025-03
2180,2024-05,pro,organic,2024-05
2181,2024-07,free,content,2024-07
2181,2024-07,free,content,2024-08
2181,2024-07,free,content,2024-09
2181,2024-07,free,content,2024-10
2182,2024-03,free,organic,2024-03
2182,2024-03,free,organic,2024-04
2182,2024-03,free,organic,2024-05
2183,2024-06,enterprise,organic,2024-06
2183,2024-06,enterprise,organic,2024-07
2183,2024-06,enterprise,organic,2024-08
2183,2024-06,enterprise,organic,2024-09
2183,2024-06,enterprise,organic,2024-10
2183,2024-06,enterprise,organic,2024-11
2183,2024-06,enterprise,organic,2024-12
2183,2024-06,enterprise,organic,2025-01
2183,2024-06,enterprise,organic,2025-02
2183,2024-06,enterprise,organic,2025-03
2184,2024-06,free,organic,2024-06
2184,2024-06,free,organic,2024-07
2184,2024-06,free,organic,2024-08
2184,2024-06,free,organic,2024-09
2185,2024-06,free,organic,2024-06
2185,2024-06,free,organic,2024-07
2185,2024-06,free,organic,2024-08
2185,2024-06,free,organic,2024-09
2186,2024-03,free,paid_search,2024-03
2186,2024-03,free,paid_search,2024-04
2186,2024-03,free,paid_search,2024-05
2186,2024-03,free,paid_search,2024-06
2186,2024-03,free,paid_search,2024-07
2187,2024-03,free,organic,2024-03
2187,2024-03,free,organic,2024-04
2188,2024-03,free,paid_search,2024-03
2189,2024-05,free,referral,2024-05
2190,2024-06,free,referral,2024-06
2191,2024-04,free,referral,2024-04
2192,2024-04,free,paid_search,2024-04
2193,2024-03,free,organic,2024-03
2193,2024-03,free,organic,2024-04
2193,2024-03,free,organic,2024-05
2194,2024-02,free,referral,2024-02
2194,2024-02,free,referral,2024-03
2194,2024-02,free,referral,2024-04
2194,2024-02,free,referral,2024-05
2194,2024-02,free,referral,2024-06
2195,2024-06,pro,organic,2024-06
2195,2024-06,pro,organic,2024-07
2195,2024-06,pro,organic,2024-08
2195,2024-06,pro,organic,2024-09
2196,2024-08,free,organic,2024-08
2196,2024-08,free,organic,2024-09
2197,2024-03,starter,organic,2024-03
2197,2024-03,starter,organic,2024-04
2198,2024-08,starter,referral,2024-08
2198,2024-08,starter,referral,2024-09
2198,2024-08,starter,referral,2024-10
2198,2024-08,starter,referral,2024-11
2199,2024-06,free,paid_search,2024-06
2199,2024-06,free,paid_search,2024-07
2199,2024-06,free,paid_search,2024-08
2199,2024-06,free,paid_search,2024-09
2200,2024-02,pro,referral,2024-02
2200,2024-02,pro,referral,2024-03
2200,2024-02,pro,referral,2024-04
2200,2024-02,pro,referral,2024-05
2200,2024-02,pro,referral,2024-06
2200,2024-02,pro,referral,2024-07
2200,2024-02,pro,referral,2024-08
2200,2024-02,pro,referral,2024-09
2200,2024-02,pro,referral,2024-10
2200,2024-02,pro,referral,2024-11
2200,2024-02,pro,referral,2024-12
2200,2024-02,pro,referral,2025-01
2200,2024-02,pro,referral,2025-02
2201,2024-04,starter,organic,2024-04
2201,2024-04,starter,organic,2024-05
2201,2024-04,starter,organic,2024-06
2201,2024-04,starter,organic,2024-07
2201,2024-04,starter,organic,2024-08
2201,2024-04,starter,organic,2024-09
2201,2024-04,starter,organic,2024-10
2201,2024-04,starter,organic,2024-11
2202,2024-01,free,paid_search,2024-01
2202,2024-01,free,paid_search,2024-02
2203,2024-01,free,paid_search,2024-01
2203,2024-01,free,paid_search,2024-02
2203,2024-01,free,paid_search,2024-03
2204,2024-04,free,organic,2024-04
2205,2024-05,enterprise,paid_search,2024-05
2206,2024-08,starter,paid_search,2024-08
2206,2024-08,starter,paid_search,2024-09
2207,2024-02,pro,paid_search,2024-02
2207,2024-02,pro,paid_search,2024-03
2207,2024-02,pro,paid_search,2024-04
2207,2024-02,pro,paid_search,2024-05
2207,2024-02,pro,paid_search,2024-06
2207,2024-02,pro,paid_search,2024-07
2208,2024-08,pro,organic,2024-08
2208,2024-08,pro,organic,2024-09
2208,2024-08,pro,organic,2024-10
2208,2024-08,pro,organic,2024-11
2208,2024-08,pro,organic,2024-12
2208,2024-08,pro,organic,2025-01
2208,2024-08,pro,organic,2025-02
2208,2024-08,pro,organic,2025-03
2209,2024-03,free,referral,2024-03
2209,2024-03,free,referral,2024-04
2210,2024-02,starter,organic,2024-02
2210,2024-02,starter,organic,2024-03
2210,2024-02,starter,organic,2024-04
2210,2024-02,starter,organic,2024-05
2210,2024-02,starter,organic,2024-06
2210,2024-02,starter,organic,2024-07
2211,2024-07,free,organic,2024-07
2211,2024-07,free,organic,2024-08
2211,2024-07,free,organic,2024-09
2211,2024-07,free,organic,2024-10
2212,2024-07,starter,organic,2024-07
2212,2024-07,starter,organic,2024-08
2212,2024-07,starter,organic,2024-09
2212,2024-07,starter,organic,2024-10
2212,2024-07,starter,organic,2024-11
2213,2024-06,free,paid_search,2024-06
2214,2024-02,free,organic,2024-02
2215,2024-02,starter,referral,2024-02
2215,2024-02,starter,referral,2024-03
2215,2024-02,starter,referral,2024-04
2215,2024-02,starter,referral,2024-05
2215,2024-02,starter,referral,2024-06
2216,2024-04,starter,organic,2024-04
2216,2024-04,starter,organic,2024-05
2216,2024-04,starter,organic,2024-06
2216,2024-04,starter,organic,2024-07
2216,2024-04,starter,organic,2024-08
2216,2024-04,starter,organic,2024-09
2216,2024-04,starter,organic,2024-10
2216,2024-04,starter,organic,2024-11
2216,2024-04,starter,organic,2024-12
2216,2024-04,starter,organic,2025-01
2217,2024-05,starter,referral,2024-05
2217,2024-05,starter,referral,2024-06
2217,2024-05,starter,referral,2024-07
2217,2024-05,starter,referral,2024-08
2217,2024-05,starter,referral,2024-09
2217,2024-05,starter,referral,2024-10
2217,2024-05,starter,referral,2024-11
2217,2024-05,starter,referral,2024-12
2217,2024-05,starter,referral,2025-01
2217,2024-05,starter,referral,2025-02
2217,2024-05,starter,referral,2025-03
2218,2024-09,free,organic,2024-09
2218,2024-09,free,organic,2024-10
2219,2024-03,free,paid_search,2024-03
2219,2024-03,free,paid_search,2024-04
2220,2024-02,enterprise,referral,2024-02
2220,2024-02,enterprise,referral,2024-03
2220,2024-02,enterprise,referral,2024-04
2220,2024-02,enterprise,referral,2024-05
2220,2024-02,enterprise,referral,2024-06
2220,2024-02,enterprise,referral,2024-07
2220,2024-02,enterprise,referral,2024-08
2220,2024-02,enterprise,referral,2024-09
2220,2024-02,enterprise,referral,2024-10
2220,2024-02,enterprise,referral,2024-11
2220,2024-02,enterprise,referral,2024-12
2220,2024-02,enterprise,referral,2025-01
2220,2024-02,enterprise,referral,2025-02
2220,2024-02,enterprise,referral,2025-03
2221,2024-09,free,paid_search,2024-09
2221,2024-09,free,paid_search,2024-10
2221,2024-09,free,paid_search,2024-11
2221,2024-09,free,paid_search,2024-12
2222,2024-02,free,organic,2024-02
2222,2024-02,free,organic,2024-03
2222,2024-02,free,organic,2024-04
2222,2024-02,free,organic,2024-05
2222,2024-02,free,organic,2024-06
2222,2024-02,free,organic,2024-07
2222,2024-02,free,organic,2024-08
2223,2024-01,free,paid_search,2024-01
2223,2024-01,free,paid_search,2024-02
2223,2024-01,free,paid_search,2024-03
2224,2024-04,free,content,2024-04
2225,2024-04,free,content,2024-04
2225,2024-04,free,content,2024-05
2225,2024-04,free,content,2024-06
2225,2024-04,free,content,2024-07
2226,2024-06,free,organic,2024-06
2226,2024-06,free,organic,2024-07
2226,2024-06,free,organic,2024-08
2226,2024-06,free,organic,2024-09
2226,2024-06,free,organic,2024-10
2226,2024-06,free,organic,2024-11
2227,2024-08,pro,referral,2024-08
2227,2024-08,pro,referral,2024-09
2227,2024-08,pro,referral,2024-10
2227,2024-08,pro,referral,2024-11
2227,2024-08,pro,referral,2024-12
2227,2024-08,pro,referral,2025-01
2227,2024-08,pro,referral,2025-02
2227,2024-08,pro,referral,2025-03
2228,2024-09,pro,organic,2024-09
2228,2024-09,pro,organic,2024-10
2228,2024-09,pro,organic,2024-11
2228,2024-09,pro,organic,2024-12
2228,2024-09,pro,organic,2025-01
2228,2024-09,pro,organic,2025-02
2228,2024-09,pro,organic,2025-03
2229,2024-03,pro,organic,2024-03
2229,2024-03,pro,organic,2024-04
2229,2024-03,pro,organic,2024-05
2229,2024-03,pro,organic,2024-06
2229,2024-03,pro,organic,2024-07
2230,2024-09,free,referral,2024-09
2230,2024-09,free,referral,2024-10
2230,2024-09,free,referral,2024-11
2230,2024-09,free,referral,2024-12
2230,2024-09,free,referral,2025-01
2231,2024-06,free,paid_search,2024-06
2232,2024-01,starter,paid_search,2024-01
2232,2024-01,starter,paid_search,2024-02
2233,2024-09,pro,referral,2024-09
2233,2024-09,pro,referral,2024-10
2234,2024-02,free,organic,2024-02
2235,2024-06,starter,referral,2024-06
2235,2024-06,starter,referral,2024-07
2235,2024-06,starter,referral,2024-08
2235,2024-06,starter,referral,2024-09
2235,2024-06,starter,referral,2024-10
2235,2024-06,starter,referral,2024-11
2235,2024-06,starter,referral,2024-12
2235,2024-06,starter,referral,2025-01
2235,2024-06,starter,referral,2025-02
2235,2024-06,starter,referral,2025-03
2236,2024-08,starter,paid_search,2024-08
2236,2024-08,starter,paid_search,2024-09
2236,2024-08,starter,paid_search,2024-10
2236,2024-08,starter,paid_search,2024-11
2236,2024-08,starter,paid_search,2024-12
2236,2024-08,starter,paid_search,2025-01
2237,2024-03,starter,organic,2024-03
2237,2024-03,starter,organic,2024-04
2237,2024-03,starter,organic,2024-05
2237,2024-03,starter,organic,2024-06
2237,2024-03,starter,organic,2024-07
2237,2024-03,starter,organic,2024-08
2237,2024-03,starter,organic,2024-09
2237,2024-03,starter,organic,2024-10
2238,2024-03,starter,paid_search,2024-03
2238,2024-03,starter,paid_search,2024-04
2238,2024-03,starter,paid_search,2024-05
2238,2024-03,starter,paid_search,2024-06
2238,2024-03,starter,paid_search,2024-07
2238,2024-03,starter,paid_search,2024-08
2239,2024-05,free,content,2024-05
2240,2024-08,free,paid_search,2024-08
2240,2024-08,free,paid_search,2024-09
2241,2024-03,free,organic,2024-03
2241,2024-03,free,organic,2024-04
2241,2024-03,free,organic,2024-05
2242,2024-06,free,referral,2024-06
2242,2024-06,free,referral,2024-07
2242,2024-06,free,referral,2024-08
2242,2024-06,free,referral,2024-09
2242,2024-06,free,referral,2024-10
2242,2024-06,free,referral,2024-11
2242,2024-06,free,referral,2024-12
2242,2024-06,free,referral,2025-01
2242,2024-06,free,referral,2025-02
2243,2024-05,pro,content,2024-05
2243,2024-05,pro,content,2024-06
2243,2024-05,pro,content,2024-07
2243,2024-05,pro,content,2024-08
2243,2024-05,pro,content,2024-09
2243,2024-05,pro,content,2024-10
2243,2024-05,pro,content,2024-11
2243,2024-05,pro,content,2024-12
2243,2024-05,pro,content,2025-01
2243,2024-05,pro,content,2025-02
2243,2024-05,pro,content,2025-03
2244,2024-02,starter,content,2024-02
2245,2024-07,free,paid_search,2024-07
2245,2024-07,free,paid_search,2024-08
2246,2024-08,starter,paid_search,2024-08
2246,2024-08,starter,paid_search,2024-09
2246,2024-08,starter,paid_search,2024-10
2246,2024-08,starter,paid_search,2024-11
2246,2024-08,starter,paid_search,2024-12
2246,2024-08,starter,paid_search,2025-01
2246,2024-08,starter,paid_search,2025-02
2246,2024-08,starter,paid_search,2025-03
2247,2024-06,starter,paid_search,2024-06
2248,2024-02,starter,referral,2024-02
2248,2024-02,starter,referral,2024-03
2248,2024-02,starter,referral,2024-04
2248,2024-02,starter,referral,2024-05
2248,2024-02,starter,referral,2024-06
2248,2024-02,starter,referral,2024-07
2248,2024-02,starter,referral,2024-08
2248,2024-02,starter,referral,2024-09
2248,2024-02,starter,referral,2024-10
2248,2024-02,starter,referral,2024-11
2248,2024-02,starter,referral,2024-12
2248,2024-02,starter,referral,2025-01
2248,2024-02,starter,referral,2025-02
2248,2024-02,starter,referral,2025-03
2249,2024-02,free,content,2024-02
2250,2024-04,pro,referral,2024-04
2250,2024-04,pro,referral,2024-05
2250,2024-04,pro,referral,2024-06
2250,2024-04,pro,referral,2024-07
2250,2024-04,pro,referral,2024-08
2250,2024-04,pro,referral,2024-09
2250,2024-04,pro,referral,2024-10
2250,2024-04,pro,referral,2024-11
2250,2024-04,pro,referral,2024-12
2250,2024-04,pro,referral,2025-01
2250,2024-04,pro,referral,2025-02
2250,2024-04,pro,referral,2025-03
2251,2024-05,free,paid_search,2024-05
2252,2024-05,free,organic,2024-05
2253,2024-03,free,paid_search,2024-03
2254,2024-05,starter,organic,2024-05
2255,2024-03,starter,organic,2024-03
2255,2024-03,starter,organic,2024-04
2255,2024-03,starter,organic,2024-05
2255,2024-03,starter,organic,2024-06
2255,2024-03,starter,organic,2024-07
2255,2024-03,starter,organic,2024-08
2256,2024-07,free,paid_search,2024-07
2256,2024-07,free,paid_search,2024-08
2256,2024-07,free,paid_search,2024-09
2256,2024-07,free,paid_search,2024-10
2257,2024-08,free,referral,2024-08
2257,2024-08,free,referral,2024-09
2257,2024-08,free,referral,2024-10
2257,2024-08,free,referral,2024-11
2257,2024-08,free,referral,2024-12
2258,2024-06,starter,content,2024-06
2258,2024-06,starter,content,2024-07
2258,2024-06,starter,content,2024-08
2258,2024-06,starter,content,2024-09
2258,2024-06,starter,content,2024-10
2258,2024-06,starter,content,2024-11
2258,2024-06,starter,content,2024-12
2258,2024-06,starter,content,2025-01
2258,2024-06,starter,content,2025-02
2258,2024-06,starter,content,2025-03
2259,2024-01,starter,referral,2024-01
2259,2024-01,starter,referral,2024-02
2259,2024-01,starter,referral,2024-03
2259,2024-01,starter,referral,2024-04
2259,2024-01,starter,referral,2024-05
2259,2024-01,starter,referral,2024-06
2259,2024-01,starter,referral,2024-07
2259,2024-01,starter,referral,2024-08
2259,2024-01,starter,referral,2024-09
2260,2024-09,free,content,2024-09
2261,2024-01,enterprise,referral,2024-01
2261,2024-01,enterprise,referral,2024-02
2261,2024-01,enterprise,referral,2024-03
2261,2024-01,enterprise,referral,2024-04
2261,2024-01,enterprise,referral,2024-05
2261,2024-01,enterprise,referral,2024-06
2261,2024-01,enterprise,referral,2024-07
2261,2024-01,enterprise,referral,2024-08
2261,2024-01,enterprise,referral,2024-09
2261,2024-01,enterprise,referral,2024-10
2261,2024-01,enterprise,referral,2024-11
2261,2024-01,enterprise,referral,2024-12
2261,2024-01,enterprise,referral,2025-01
2261,2024-01,enterprise,referral,2025-02
2261,2024-01,enterprise,referral,2025-03
2262,2024-09,starter,referral,2024-09
2262,2024-09,starter,referral,2024-10
2262,2024-09,starter,referral,2024-11
2262,2024-09,starter,referral,2024-12
2262,2024-09,starter,referral,2025-01
2263,2024-01,enterprise,organic,2024-01
2263,2024-01,enterprise,organic,2024-02
2263,2024-01,enterprise,organic,2024-03
2263,2024-01,enterprise,organic,2024-04
2263,2024-01,enterprise,organic,2024-05
2263,2024-01,enterprise,organic,2024-06
2263,2024-01,enterprise,organic,2024-07
2263,2024-01,enterprise,organic,2024-08
2263,2024-01,enterprise,organic,2024-09
2263,2024-01,enterprise,organic,2024-10
2263,2024-01,enterprise,organic,2024-11
2263,2024-01,enterprise,organic,2024-12
2263,2024-01,enterprise,organic,2025-01
2263,2024-01,enterprise,organic,2025-02
2263,2024-01,enterprise,organic,2025-03
2264,2024-05,enterprise,paid_search,2024-05
2265,2024-01,pro,organic,2024-01
2265,2024-01,pro,organic,2024-02
2265,2024-01,pro,organic,2024-03
2265,2024-01,pro,organic,2024-04
2265,2024-01,pro,organic,2024-05
2265,2024-01,pro,organic,2024-06
2265,2024-01,pro,organic,2024-07
2265,2024-01,pro,organic,2024-08
2265,2024-01,pro,organic,2024-09
2265,2024-01,pro,organic,2024-10
2266,2024-01,starter,organic,2024-01
2266,2024-01,starter,organic,2024-02
2266,2024-01,starter,organic,2024-03
2266,2024-01,starter,organic,2024-04
2266,2024-01,starter,organic,2024-05
2266,2024-01,starter,organic,2024-06
2266,2024-01,starter,organic,2024-07
2266,2024-01,starter,organic,2024-08
2266,2024-01,starter,organic,2024-09
2266,2024-01,starter,organic,2024-10
2266,2024-01,starter,organic,2024-11
2266,2024-01,starter,organic,2024-12
2266,2024-01,starter,organic,2025-01
2266,2024-01,starter,organic,2025-02
2267,2024-07,starter,organic,2024-07
2267,2024-07,starter,organic,2024-08
2267,2024-07,starter,organic,2024-09
2268,2024-07,free,referral,2024-07
2268,2024-07,free,referral,2024-08
2268,2024-07,free,referral,2024-09
2268,2024-07,free,referral,2024-10
2269,2024-02,free,referral,2024-02
2269,2024-02,free,referral,2024-03
2269,2024-02,free,referral,2024-04
2269,2024-02,free,referral,2024-05
2269,2024-02,free,referral,2024-06
2269,2024-02,free,referral,2024-07
2269,2024-02,free,referral,2024-08
2270,2024-09,starter,content,2024-09
2270,2024-09,starter,content,2024-10
2270,2024-09,starter,content,2024-11
2270,2024-09,starter,content,2024-12
2270,2024-09,starter,content,2025-01
2270,2024-09,starter,content,2025-02
2270,2024-09,starter,content,2025-03
2271,2024-03,free,content,2024-03
2271,2024-03,free,content,2024-04
2272,2024-03,pro,content,2024-03
2272,2024-03,pro,content,2024-04
2272,2024-03,pro,content,2024-05
2273,2024-03,free,organic,2024-03
2273,2024-03,free,organic,2024-04
2274,2024-05,free,content,2024-05
2275,2024-02,free,referral,2024-02
2275,2024-02,free,referral,2024-03
2275,2024-02,free,referral,2024-04
2275,2024-02,free,referral,2024-05
2276,2024-04,free,content,2024-04
2276,2024-04,free,content,2024-05
2277,2024-02,free,organic,2024-02
2277,2024-02,free,organic,2024-03
2278,2024-01,free,organic,2024-01
2278,2024-01,free,organic,2024-02
2279,2024-04,pro,content,2024-04
2279,2024-04,pro,content,2024-05
2279,2024-04,pro,content,2024-06
2279,2024-04,pro,content,2024-07
2279,2024-04,pro,content,2024-08
2279,2024-04,pro,content,2024-09
2280,2024-07,free,organic,2024-07
2281,2024-07,free,paid_search,2024-07
2281,2024-07,free,paid_search,2024-08
2281,2024-07,free,paid_search,2024-09
2281,2024-07,free,paid_search,2024-10
2281,2024-07,free,paid_search,2024-11
2281,2024-07,free,paid_search,2024-12
2281,2024-07,free,paid_search,2025-01
2281,2024-07,free,paid_search,2025-02
2281,2024-07,free,paid_search,2025-03
2282,2024-04,free,paid_search,2024-04
2283,2024-03,free,organic,2024-03
2283,2024-03,free,organic,2024-04
2283,2024-03,free,organic,2024-05
2284,2024-08,free,organic,2024-08
2285,2024-07,starter,content,2024-07
2285,2024-07,starter,content,2024-08
2286,2024-08,starter,content,2024-08
2286,2024-08,starter,content,2024-09
2286,2024-08,starter,content,2024-10
2286,2024-08,starter,content,2024-11
2286,2024-08,starter,content,2024-12
2286,2024-08,starter,content,2025-01
2286,2024-08,starter,content,2025-02
2287,2024-09,free,content,2024-09
2287,2024-09,free,content,2024-10
2287,2024-09,free,content,2024-11
2287,2024-09,free,content,2024-12
2287,2024-09,free,content,2025-01
2288,2024-08,free,organic,2024-08
2288,2024-08,free,organic,2024-09
2289,2024-09,free,organic,2024-09
2290,2024-04,free,paid_search,2024-04
2290,2024-04,free,paid_search,2024-05
2290,2024-04,free,paid_search,2024-06
2290,2024-04,free,paid_search,2024-07
2291,2024-04,pro,paid_search,2024-04
2291,2024-04,pro,paid_search,2024-05
2291,2024-04,pro,paid_search,2024-06
2291,2024-04,pro,paid_search,2024-07
2291,2024-04,pro,paid_search,2024-08
2291,2024-04,pro,paid_search,2024-09
2291,2024-04,pro,paid_search,2024-10
2291,2024-04,pro,paid_search,2024-11
2291,2024-04,pro,paid_search,2024-12
2292,2024-03,free,organic,2024-03
2293,2024-03,pro,referral,2024-03
2293,2024-03,pro,referral,2024-04
2293,2024-03,pro,referral,2024-05
2293,2024-03,pro,referral,2024-06
2293,2024-03,pro,referral,2024-07
2293,2024-03,pro,referral,2024-08
2293,2024-03,pro,referral,2024-09
2293,2024-03,pro,referral,2024-10
2293,2024-03,pro,referral,2024-11
2293,2024-03,pro,referral,2024-12
2293,2024-03,pro,referral,2025-01
2294,2024-07,free,content,2024-07
2294,2024-07,free,content,2024-08
2294,2024-07,free,content,2024-09
2295,2024-07,free,paid_search,2024-07
2296,2024-08,free,paid_search,2024-08
2296,2024-08,free,paid_search,2024-09
2297,2024-02,free,paid_search,2024-02
2297,2024-02,free,paid_search,2024-03
2297,2024-02,free,paid_search,2024-04
2297,2024-02,free,paid_search,2024-05
2298,2024-05,enterprise,organic,2024-05
2298,2024-05,enterprise,organic,2024-06
2298,2024-05,enterprise,organic,2024-07
2298,2024-05,enterprise,organic,2024-08
2298,2024-05,enterprise,organic,2024-09
2298,2024-05,enterprise,organic,2024-10
2298,2024-05,enterprise,organic,2024-11
2298,2024-05,enterprise,organic,2024-12
2298,2024-05,enterprise,organic,2025-01
2298,2024-05,enterprise,organic,2025-02
2298,2024-05,enterprise,organic,2025-03
2299,2024-02,free,organic,2024-02
2299,2024-02,free,organic,2024-03
2299,2024-02,free,organic,2024-04
2299,2024-02,free,organic,2024-05
2300,2024-09,pro,paid_search,2024-09
2300,2024-09,pro,paid_search,2024-10
2301,2024-03,pro,paid_search,2024-03
2301,2024-03,pro,paid_search,2024-04
2302,2024-02,free,paid_search,2024-02
2302,2024-02,free,paid_search,2024-03
2302,2024-02,free,paid_search,2024-04
2302,2024-02,free,paid_search,2024-05
2302,2024-02,free,paid_search,2024-06
2302,2024-02,free,paid_search,2024-07
2303,2024-06,free,referral,2024-06
2304,2024-08,free,organic,2024-08
2304,2024-08,free,organic,2024-09
2304,2024-08,free,organic,2024-10
2304,2024-08,free,organic,2024-11
2305,2024-09,free,organic,2024-09
2305,2024-09,free,organic,2024-10
2305,2024-09,free,organic,2024-11
2305,2024-09,free,organic,2024-12
2305,2024-09,free,organic,2025-01
2305,2024-09,free,organic,2025-02
2305,2024-09,free,organic,2025-03
2306,2024-01,starter,organic,2024-01
2306,2024-01,starter,organic,2024-02
2306,2024-01,starter,organic,2024-03
2306,2024-01,starter,organic,2024-04
2306,2024-01,starter,organic,2024-05
2306,2024-01,starter,organic,2024-06
2307,2024-03,free,organic,2024-03
2307,2024-03,free,organic,2024-04
2307,2024-03,free,organic,2024-05
2308,2024-02,pro,paid_search,2024-02
2308,2024-02,pro,paid_search,2024-03
2308,2024-02,pro,paid_search,2024-04
2308,2024-02,pro,paid_search,2024-05
2308,2024-02,pro,paid_search,2024-06
2308,2024-02,pro,paid_search,2024-07
2308,2024-02,pro,paid_search,2024-08
2308,2024-02,pro,paid_search,2024-09
2308,2024-02,pro,paid_search,2024-10
2309,2024-03,starter,referral,2024-03
2309,2024-03,starter,referral,2024-04
2310,2024-05,free,content,2024-05
2310,2024-05,free,content,2024-06
2311,2024-03,starter,paid_search,2024-03
2312,2024-01,free,paid_search,2024-01
2313,2024-05,pro,organic,2024-05
2313,2024-05,pro,organic,2024-06
2313,2024-05,pro,organic,2024-07
2313,2024-05,pro,organic,2024-08
2313,2024-05,pro,organic,2024-09
2314,2024-01,free,paid_search,2024-01
2314,2024-01,free,paid_search,2024-02
2314,2024-01,free,paid_search,2024-03
2314,2024-01,free,paid_search,2024-04
2314,2024-01,free,paid_search,2024-05
2314,2024-01,free,paid_search,2024-06
2314,2024-01,free,paid_search,2024-07
2315,2024-03,enterprise,organic,2024-03
2315,2024-03,enterprise,organic,2024-04
2315,2024-03,enterprise,organic,2024-05
2315,2024-03,enterprise,organic,2024-06
2315,2024-03,enterprise,organic,2024-07
2315,2024-03,enterprise,organic,2024-08
2315,2024-03,enterprise,organic,2024-09
2315,2024-03,enterprise,organic,2024-10
2315,2024-03,enterprise,organic,2024-11
2315,2024-03,enterprise,organic,2024-12
2315,2024-03,enterprise,organic,2025-01
2316,2024-01,starter,content,2024-01
2317,2024-01,pro,paid_search,2024-01
2317,2024-01,pro,paid_search,2024-02
2318,2024-04,free,organic,2024-04
2319,2024-08,pro,organic,2024-08
2319,2024-08,pro,organic,2024-09
2319,2024-08,pro,organic,2024-10
2319,2024-08,pro,organic,2024-11
2319,2024-08,pro,organic,2024-12
2320,2024-07,free,organic,2024-07
2320,2024-07,free,organic,2024-08
2320,2024-07,free,organic,2024-09
2320,2024-07,free,organic,2024-10
2320,2024-07,free,organic,2024-11
2321,2024-01,starter,content,2024-01
2321,2024-01,starter,content,2024-02
2321,2024-01,starter,content,2024-03
2321,2024-01,starter,content,2024-04
2321,2024-01,starter,content,2024-05
2321,2024-01,starter,content,2024-06
2321,2024-01,starter,content,2024-07
2321,2024-01,starter,content,2024-08
2321,2024-01,starter,content,2024-09
2321,2024-01,starter,content,2024-10
2321,2024-01,starter,content,2024-11
2321,2024-01,starter,content,2024-12
2322,2024-01,free,organic,2024-01
2322,2024-01,free,organic,2024-02
2322,2024-01,free,organic,2024-03
2323,2024-04,free,organic,2024-04
2323,2024-04,free,organic,2024-05
2324,2024-06,free,organic,2024-06
2324,2024-06,free,organic,2024-07
2325,2024-07,free,referral,2024-07
2325,2024-07,free,referral,2024-08
2326,2024-08,free,paid_search,2024-08
2327,2024-04,pro,paid_search,2024-04
2327,2024-04,pro,paid_search,2024-05
2327,2024-04,pro,paid_search,2024-06
2327,2024-04,pro,paid_search,2024-07
2327,2024-04,pro,paid_search,2024-08
2328,2024-02,free,paid_search,2024-02
2328,2024-02,free,paid_search,2024-03
2329,2024-01,starter,organic,2024-01
2329,2024-01,starter,organic,2024-02
2329,2024-01,starter,organic,2024-03
2330,2024-02,free,content,2024-02
2330,2024-02,free,content,2024-03
2330,2024-02,free,content,2024-04
2330,2024-02,free,content,2024-05
2330,2024-02,free,content,2024-06
2330,2024-02,free,content,2024-07
2330,2024-02,free,content,2024-08
2330,2024-02,free,content,2024-09
2331,2024-01,starter,organic,2024-01
2331,2024-01,starter,organic,2024-02
2331,2024-01,starter,organic,2024-03
2331,2024-01,starter,organic,2024-04
2331,2024-01,starter,organic,2024-05
2331,2024-01,starter,organic,2024-06
2331,2024-01,starter,organic,2024-07
2331,2024-01,starter,organic,2024-08
2331,2024-01,starter,organic,2024-09
2331,2024-01,starter,organic,2024-10
2331,2024-01,starter,organic,2024-11
2331,2024-01,starter,organic,2024-12
2331,2024-01,starter,organic,2025-01
2331,2024-01,starter,organic,2025-02
2331,2024-01,starter,organic,2025-03
2332,2024-08,starter,organic,2024-08
2332,2024-08,starter,organic,2024-09
2332,2024-08,starter,organic,2024-10
2332,2024-08,starter,organic,2024-11
2332,2024-08,starter,organic,2024-12
2332,2024-08,starter,organic,2025-01
2332,2024-08,starter,organic,2025-02
2332,2024-08,starter,organic,2025-03
2333,2024-03,free,paid_search,2024-03
2333,2024-03,free,paid_search,2024-04
2333,2024-03,free,paid_search,2024-05
2333,2024-03,free,paid_search,2024-06
2333,2024-03,free,paid_search,2024-07
2333,2024-03,free,paid_search,2024-08
2333,2024-03,free,paid_search,2024-09
2333,2024-03,free,paid_search,2024-10
2333,2024-03,free,paid_search,2024-11
2334,2024-08,starter,organic,2024-08
2334,2024-08,starter,organic,2024-09
2335,2024-05,pro,organic,2024-05
2335,2024-05,pro,organic,2024-06
2335,2024-05,pro,organic,2024-07
2335,2024-05,pro,organic,2024-08
2335,2024-05,pro,organic,2024-09
2335,2024-05,pro,organic,2024-10
2335,2024-05,pro,organic,2024-11
2335,2024-05,pro,organic,2024-12
2335,2024-05,pro,organic,2025-01
2335,2024-05,pro,organic,2025-02
2335,2024-05,pro,organic,2025-03
2336,2024-05,starter,referral,2024-05
2337,2024-05,free,paid_search,2024-05
2338,2024-08,free,organic,2024-08
2338,2024-08,free,organic,2024-09
2338,2024-08,free,organic,2024-10
2338,2024-08,free,organic,2024-11
2338,2024-08,free,organic,2024-12
2339,2024-01,starter,organic,2024-01
2339,2024-01,starter,organic,2024-02
2340,2024-01,free,referral,2024-01
2340,2024-01,free,referral,2024-02
2340,2024-01,free,referral,2024-03
2340,2024-01,free,referral,2024-04
2340,2024-01,free,referral,2024-05
2340,2024-01,free,referral,2024-06
2340,2024-01,free,referral,2024-07
2340,2024-01,free,referral,2024-08
2340,2024-01,free,referral,2024-09
2341,2024-04,starter,organic,2024-04
2341,2024-04,starter,organic,2024-05
2341,2024-04,starter,organic,2024-06
2341,2024-04,starter,organic,2024-07
2341,2024-04,starter,organic,2024-08
2341,2024-04,starter,organic,2024-09
2341,2024-04,starter,organic,2024-10
2341,2024-04,starter,organic,2024-11
2342,2024-04,free,organic,2024-04
2342,2024-04,free,organic,2024-05
2342,2024-04,free,organic,2024-06
2342,2024-04,free,organic,2024-07
2342,2024-04,free,organic,2024-08
2343,2024-05,starter,paid_search,2024-05
2344,2024-07,free,paid_search,2024-07
2345,2024-06,free,content,2024-06
2346,2024-03,enterprise,paid_search,2024-03
2346,2024-03,enterprise,paid_search,2024-04
2347,2024-03,pro,organic,2024-03
2347,2024-03,pro,organic,2024-04
2347,2024-03,pro,organic,2024-05
2347,2024-03,pro,organic,2024-06
2347,2024-03,pro,organic,2024-07
2348,2024-07,pro,paid_search,2024-07
2348,2024-07,pro,paid_search,2024-08
2348,2024-07,pro,paid_search,2024-09
2349,2024-02,enterprise,paid_search,2024-02
2349,2024-02,enterprise,paid_search,2024-03
2349,2024-02,enterprise,paid_search,2024-04
2349,2024-02,enterprise,paid_search,2024-05
2349,2024-02,enterprise,paid_search,2024-06
2349,2024-02,enterprise,paid_search,2024-07
2350,2024-05,free,organic,2024-05
2350,2024-05,free,organic,2024-06
2351,2024-05,free,paid_search,2024-05
2352,2024-07,free,organic,2024-07
2352,2024-07,free,organic,2024-08
2352,2024-07,free,organic,2024-09
2352,2024-07,free,organic,2024-10
2353,2024-07,free,referral,2024-07
2353,2024-07,free,referral,2024-08
2353,2024-07,free,referral,2024-09
2354,2024-05,free,referral,2024-05
2354,2024-05,free,referral,2024-06
2354,2024-05,free,referral,2024-07
2355,2024-03,pro,paid_search,2024-03
2355,2024-03,pro,paid_search,2024-04
2355,2024-03,pro,paid_search,2024-05
2355,2024-03,pro,paid_search,2024-06
2355,2024-03,pro,paid_search,2024-07
2356,2024-04,free,content,2024-04
2357,2024-04,free,content,2024-04
2358,2024-02,free,organic,2024-02
2358,2024-02,free,organic,2024-03
2358,2024-02,free,organic,2024-04
2358,2024-02,free,organic,2024-05
2359,2024-06,free,paid_search,2024-06
2360,2024-02,free,paid_search,2024-02
2360,2024-02,free,paid_search,2024-03
2361,2024-06,starter,organic,2024-06
2361,2024-06,starter,organic,2024-07
2361,2024-06,starter,organic,2024-08
2361,2024-06,starter,organic,2024-09
2362,2024-07,free,paid_search,2024-07
2362,2024-07,free,paid_search,2024-08
2362,2024-07,free,paid_search,2024-09
2363,2024-09,starter,organic,2024-09
2363,2024-09,starter,organic,2024-10
2363,2024-09,starter,organic,2024-11
2363,2024-09,starter,organic,2024-12
2363,2024-09,starter,organic,2025-01
2363,2024-09,starter,organic,2025-02
2363,2024-09,starter,organic,2025-03
2364,2024-02,pro,content,2024-02
2364,2024-02,pro,content,2024-03
2364,2024-02,pro,content,2024-04
2364,2024-02,pro,content,2024-05
2364,2024-02,pro,content,2024-06
2364,2024-02,pro,content,2024-07
2364,2024-02,pro,content,2024-08
2364,2024-02,pro,content,2024-09
2365,2024-07,starter,paid_search,2024-07
2365,2024-07,starter,paid_search,2024-08
2365,2024-07,starter,paid_search,2024-09
2365,2024-07,starter,paid_search,2024-10
2366,2024-01,starter,referral,2024-01
2367,2024-04,free,paid_search,2024-04
2367,2024-04,free,paid_search,2024-05
2367,2024-04,free,paid_search,2024-06
2367,2024-04,free,paid_search,2024-07
2368,2024-02,free,organic,2024-02
2369,2024-02,free,content,2024-02
2370,2024-02,enterprise,organic,2024-02
2370,2024-02,enterprise,organic,2024-03
2371,2024-01,starter,organic,2024-01
2371,2024-01,starter,organic,2024-02
2371,2024-01,starter,organic,2024-03
2371,2024-01,starter,organic,2024-04
2371,2024-01,starter,organic,2024-05
2371,2024-01,starter,organic,2024-06
2371,2024-01,starter,organic,2024-07
2371,2024-01,starter,organic,2024-08
2371,2024-01,starter,organic,2024-09
2371,2024-01,starter,organic,2024-10
2371,2024-01,starter,organic,2024-11
2371,2024-01,starter,organic,2024-12
2371,2024-01,starter,organic,2025-01
2371,2024-01,starter,organic,2025-02
2371,2024-01,starter,organic,2025-03
2372,2024-08,free,paid_search,2024-08
2372,2024-08,free,paid_search,2024-09
2372,2024-08,free,paid_search,2024-10
2372,2024-08,free,paid_search,2024-11
2372,2024-08,free,paid_search,2024-12
2372,2024-08,free,paid_search,2025-01
2372,2024-08,free,paid_search,2025-02
2373,2024-01,free,referral,2024-01
2373,2024-01,free,referral,2024-02
2373,2024-01,free,referral,2024-03
2374,2024-04,pro,organic,2024-04
2374,2024-04,pro,organic,2024-05
2374,2024-04,pro,organic,2024-06
2374,2024-04,pro,organic,2024-07
2374,2024-04,pro,organic,2024-08
2374,2024-04,pro,organic,2024-09
2374,2024-04,pro,organic,2024-10
2374,2024-04,pro,organic,2024-11
2374,2024-04,pro,organic,2024-12
2375,2024-07,starter,organic,2024-07
2375,2024-07,starter,organic,2024-08
2375,2024-07,starter,organic,2024-09
2375,2024-07,starter,organic,2024-10
2375,2024-07,starter,organic,2024-11
2375,2024-07,starter,organic,2024-12
2375,2024-07,starter,organic,2025-01
2376,2024-09,free,organic,2024-09
2376,2024-09,free,organic,2024-10
2376,2024-09,free,organic,2024-11
2376,2024-09,free,organic,2024-12
2376,2024-09,free,organic,2025-01
2376,2024-09,free,organic,2025-02
2376,2024-09,free,organic,2025-03
2377,2024-08,pro,organic,2024-08
2377,2024-08,pro,organic,2024-09
2377,2024-08,pro,organic,2024-10
2378,2024-02,starter,organic,2024-02
2378,2024-02,starter,organic,2024-03
2378,2024-02,starter,organic,2024-04
2378,2024-02,starter,organic,2024-05
2378,2024-02,starter,organic,2024-06
2379,2024-09,starter,paid_search,2024-09
2380,2024-06,free,organic,2024-06
2380,2024-06,free,organic,2024-07
2380,2024-06,free,organic,2024-08
2380,2024-06,free,organic,2024-09
2380,2024-06,free,organic,2024-10
2380,2024-06,free,organic,2024-11
2380,2024-06,free,organic,2024-12
2381,2024-02,free,organic,2024-02
2381,2024-02,free,organic,2024-03
2381,2024-02,free,organic,2024-04
2381,2024-02,free,organic,2024-05
2382,2024-05,enterprise,paid_search,2024-05
2383,2024-09,free,referral,2024-09
2384,2024-04,free,organic,2024-04
2385,2024-02,free,organic,2024-02
2385,2024-02,free,organic,2024-03
2385,2024-02,free,organic,2024-04
2385,2024-02,free,organic,2024-05
2385,2024-02,free,organic,2024-06
2385,2024-02,free,organic,2024-07
2385,2024-02,free,organic,2024-08
2386,2024-08,free,organic,2024-08
2386,2024-08,free,organic,2024-09
2387,2024-09,pro,content,2024-09
2387,2024-09,pro,content,2024-10
2387,2024-09,pro,content,2024-11
2387,2024-09,pro,content,2024-12
2387,2024-09,pro,content,2025-01
2387,2024-09,pro,content,2025-02
2387,2024-09,pro,content,2025-03
2388,2024-09,free,organic,2024-09
2388,2024-09,free,organic,2024-10
2388,2024-09,free,organic,2024-11
2388,2024-09,free,organic,2024-12
2388,2024-09,free,organic,2025-01
2388,2024-09,free,organic,2025-02
2389,2024-09,starter,organic,2024-09
2389,2024-09,starter,organic,2024-10
2389,2024-09,starter,organic,2024-11
2389,2024-09,starter,organic,2024-12
2389,2024-09,starter,organic,2025-01
2390,2024-08,free,paid_search,2024-08
2390,2024-08,free,paid_search,2024-09
2390,2024-08,free,paid_search,2024-10
2391,2024-05,free,organic,2024-05
2391,2024-05,free,organic,2024-06
2392,2024-02,free,organic,2024-02
2393,2024-06,starter,organic,2024-06
2393,2024-06,starter,organic,2024-07
2393,2024-06,starter,organic,2024-08
2393,2024-06,starter,organic,2024-09
2393,2024-06,starter,organic,2024-10
2393,2024-06,starter,organic,2024-11
2394,2024-02,free,paid_search,2024-02
2394,2024-02,free,paid_search,2024-03
2394,2024-02,free,paid_search,2024-04
2394,2024-02,free,paid_search,2024-05
2395,2024-05,free,paid_search,2024-05
2396,2024-06,starter,referral,2024-06
2396,2024-06,starter,referral,2024-07
2396,2024-06,starter,referral,2024-08
2396,2024-06,starter,referral,2024-09
2396,2024-06,starter,referral,2024-10
2397,2024-09,free,referral,2024-09
2398,2024-03,free,organic,2024-03
2399,2024-03,free,content,2024-03
2399,2024-03,free,content,2024-04
2399,2024-03,free,content,2024-05
2400,2024-07,pro,referral,2024-07
2400,2024-07,pro,referral,2024-08
2400,2024-07,pro,referral,2024-09
2400,2024-07,pro,referral,2024-10
2401,2024-01,free,referral,2024-01
2401,2024-01,free,referral,2024-02
2401,2024-01,free,referral,2024-03
2401,2024-01,free,referral,2024-04
2401,2024-01,free,referral,2024-05
2401,2024-01,free,referral,2024-06
2402,2024-06,free,referral,2024-06
2402,2024-06,free,referral,2024-07
2403,2024-07,free,paid_search,2024-07
2403,2024-07,free,paid_search,2024-08
2404,2024-05,free,organic,2024-05
2405,2024-04,free,paid_search,2024-04
2406,2024-08,free,organic,2024-08
2407,2024-04,free,paid_search,2024-04
2408,2024-07,free,organic,2024-07
2408,2024-07,free,organic,2024-08
2409,2024-05,pro,organic,2024-05
2409,2024-05,pro,organic,2024-06
2409,2024-05,pro,organic,2024-07
2409,2024-05,pro,organic,2024-08
2409,2024-05,pro,organic,2024-09
2409,2024-05,pro,organic,2024-10
2409,2024-05,pro,organic,2024-11
2410,2024-01,free,content,2024-01
2410,2024-01,free,content,2024-02
2411,2024-05,free,referral,2024-05
2411,2024-05,free,referral,2024-06
2411,2024-05,free,referral,2024-07
2411,2024-05,free,referral,2024-08
2411,2024-05,free,referral,2024-09
2411,2024-05,free,referral,2024-10
2412,2024-01,pro,paid_search,2024-01
2413,2024-09,pro,organic,2024-09
2413,2024-09,pro,organic,2024-10
2413,2024-09,pro,organic,2024-11
2413,2024-09,pro,organic,2024-12
2413,2024-09,pro,organic,2025-01
2413,2024-09,pro,organic,2025-02
2413,2024-09,pro,organic,2025-03
2414,2024-06,starter,paid_search,2024-06
2415,2024-04,free,content,2024-04
2416,2024-05,free,referral,2024-05
2417,2024-06,free,paid_search,2024-06
2417,2024-06,free,paid_search,2024-07
2417,2024-06,free,paid_search,2024-08
2417,2024-06,free,paid_search,2024-09
2417,2024-06,free,paid_search,2024-10
2417,2024-06,free,paid_search,2024-11
2418,2024-03,free,paid_search,2024-03
2418,2024-03,free,paid_search,2024-04
2418,2024-03,free,paid_search,2024-05
2418,2024-03,free,paid_search,2024-06
2419,2024-03,free,organic,2024-03
2419,2024-03,free,organic,2024-04
2420,2024-04,free,referral,2024-04
2420,2024-04,free,referral,2024-05
2420,2024-04,free,referral,2024-06
2421,2024-03,free,content,2024-03
2421,2024-03,free,content,2024-04
2422,2024-07,starter,paid_search,2024-07
2422,2024-07,starter,paid_search,2024-08
2422,2024-07,starter,paid_search,2024-09
2422,2024-07,starter,paid_search,2024-10
2423,2024-01,free,paid_search,2024-01
2424,2024-08,free,paid_search,2024-08
2425,2024-04,starter,paid_search,2024-04
2425,2024-04,starter,paid_search,2024-05
2425,2024-04,starter,paid_search,2024-06
2425,2024-04,starter,paid_search,2024-07
2425,2024-04,starter,paid_search,2024-08
2425,2024-04,starter,paid_search,2024-09
2426,2024-06,pro,content,2024-06
2426,2024-06,pro,content,2024-07
2426,2024-06,pro,content,2024-08
2427,2024-02,free,referral,2024-02
2427,2024-02,free,referral,2024-03
2427,2024-02,free,referral,2024-04
2427,2024-02,free,referral,2024-05
2427,2024-02,free,referral,2024-06
2427,2024-02,free,referral,2024-07
2427,2024-02,free,referral,2024-08
2427,2024-02,free,referral,2024-09
2427,2024-02,free,referral,2024-10
2427,2024-02,free,referral,2024-11
2427,2024-02,free,referral,2024-12
2427,2024-02,free,referral,2025-01
2427,2024-02,free,referral,2025-02
2428,2024-04,free,paid_search,2024-04
2428,2024-04,free,paid_search,2024-05
2428,2024-04,free,paid_search,2024-06
2428,2024-04,free,paid_search,2024-07
2428,2024-04,free,paid_search,2024-08
2428,2024-04,free,paid_search,2024-09
2429,2024-07,free,paid_search,2024-07
2430,2024-03,free,paid_search,2024-03
2431,2024-02,starter,organic,2024-02
2431,2024-02,starter,organic,2024-03
2431,2024-02,starter,organic,2024-04
2431,2024-02,starter,organic,2024-05
2431,2024-02,starter,organic,2024-06
2431,2024-02,starter,organic,2024-07
2432,2024-05,free,paid_search,2024-05
2433,2024-02,free,referral,2024-02
2434,2024-03,free,referral,2024-03
2434,2024-03,free,referral,2024-04
2434,2024-03,free,referral,2024-05
2434,2024-03,free,referral,2024-06
2434,2024-03,free,referral,2024-07
2434,2024-03,free,referral,2024-08
2434,2024-03,free,referral,2024-09
2434,2024-03,free,referral,2024-10
2434,2024-03,free,referral,2024-11
2434,2024-03,free,referral,2024-12
2434,2024-03,free,referral,2025-01
2434,2024-03,free,referral,2025-02
2435,2024-05,free,organic,2024-05
2435,2024-05,free,organic,2024-06
2436,2024-06,free,referral,2024-06
2436,2024-06,free,referral,2024-07
2436,2024-06,free,referral,2024-08
2436,2024-06,free,referral,2024-09
2436,2024-06,free,referral,2024-10
2436,2024-06,free,referral,2024-11
2436,2024-06,free,referral,2024-12
2436,2024-06,free,referral,2025-01
2436,2024-06,free,referral,2025-02
2436,2024-06,free,referral,2025-03
2437,2024-06,free,referral,2024-06
2437,2024-06,free,referral,2024-07
2437,2024-06,free,referral,2024-08
2438,2024-07,enterprise,organic,2024-07
2438,2024-07,enterprise,organic,2024-08
2438,2024-07,enterprise,organic,2024-09
2438,2024-07,enterprise,organic,2024-10
2438,2024-07,enterprise,organic,2024-11
2439,2024-08,starter,paid_search,2024-08
2439,2024-08,starter,paid_search,2024-09
2439,2024-08,starter,paid_search,2024-10
2439,2024-08,starter,paid_search,2024-11
2439,2024-08,starter,paid_search,2024-12
2439,2024-08,starter,paid_search,2025-01
2439,2024-08,starter,paid_search,2025-02
2439,2024-08,starter,paid_search,2025-03
2440,2024-01,free,paid_search,2024-01
2440,2024-01,free,paid_search,2024-02
2441,2024-04,free,referral,2024-04
2442,2024-01,starter,organic,2024-01
2442,2024-01,starter,organic,2024-02
2442,2024-01,starter,organic,2024-03
2442,2024-01,starter,organic,2024-04
2442,2024-01,starter,organic,2024-05
2442,2024-01,starter,organic,2024-06
2442,2024-01,starter,organic,2024-07
2442,2024-01,starter,organic,2024-08
2442,2024-01,starter,organic,2024-09
2442,2024-01,starter,organic,2024-10
2442,2024-01,starter,organic,2024-11
2442,2024-01,starter,organic,2024-12
2442,2024-01,starter,organic,2025-01
2443,2024-01,free,organic,2024-01
2443,2024-01,free,organic,2024-02
2444,2024-02,free,paid_search,2024-02
2445,2024-06,starter,organic,2024-06
2445,2024-06,starter,organic,2024-07
2446,2024-09,free,paid_search,2024-09
2447,2024-07,free,referral,2024-07
2448,2024-06,free,organic,2024-06
2449,2024-08,free,paid_search,2024-08
2449,2024-08,free,paid_search,2024-09
2449,2024-08,free,paid_search,2024-10
2450,2024-02,free,content,2024-02
2451,2024-08,pro,paid_search,2024-08
2451,2024-08,pro,paid_search,2024-09
2451,2024-08,pro,paid_search,2024-10
2451,2024-08,pro,paid_search,2024-11
2452,2024-09,free,paid_search,2024-09
2452,2024-09,free,paid_search,2024-10
2452,2024-09,free,paid_search,2024-11
2452,2024-09,free,paid_search,2024-12
2452,2024-09,free,paid_search,2025-01
2453,2024-01,free,paid_search,2024-01
2453,2024-01,free,paid_search,2024-02
2453,2024-01,free,paid_search,2024-03
2453,2024-01,free,paid_search,2024-04
2454,2024-05,starter,organic,2024-05
2455,2024-08,free,organic,2024-08
2455,2024-08,free,organic,2024-09
2455,2024-08,free,organic,2024-10
2456,2024-05,free,referral,2024-05
2457,2024-08,free,paid_search,2024-08
2458,2024-09,starter,organic,2024-09
2458,2024-09,starter,organic,2024-10
2459,2024-05,free,organic,2024-05
2460,2024-01,starter,referral,2024-01
2460,2024-01,starter,referral,2024-02
2461,2024-04,pro,organic,2024-04
2461,2024-04,pro,organic,2024-05
2461,2024-04,pro,organic,2024-06
2461,2024-04,pro,organic,2024-07
2461,2024-04,pro,organic,2024-08
2461,2024-04,pro,organic,2024-09
2461,2024-04,pro,organic,2024-10
2461,2024-04,pro,organic,2024-11
2461,2024-04,pro,organic,2024-12
2461,2024-04,pro,organic,2025-01
2462,2024-02,starter,referral,2024-02
2462,2024-02,starter,referral,2024-03
2462,2024-02,starter,referral,2024-04
2462,2024-02,starter,referral,2024-05
2462,2024-02,starter,referral,2024-06
2462,2024-02,starter,referral,2024-07
2462,2024-02,starter,referral,2024-08
2462,2024-02,starter,referral,2024-09
2462,2024-02,starter,referral,2024-10
2462,2024-02,starter,referral,2024-11
2462,2024-02,starter,referral,2024-12
2462,2024-02,starter,referral,2025-01
2462,2024-02,starter,referral,2025-02
2462,2024-02,starter,referral,2025-03
2463,2024-05,enterprise,paid_search,2024-05
2463,2024-05,enterprise,paid_search,2024-06
2463,2024-05,enterprise,paid_search,2024-07
2463,2024-05,enterprise,paid_search,2024-08
2463,2024-05,enterprise,paid_search,2024-09
2464,2024-06,starter,paid_search,2024-06
2464,2024-06,starter,paid_search,2024-07
2464,2024-06,starter,paid_search,2024-08
2464,2024-06,starter,paid_search,2024-09
2464,2024-06,starter,paid_search,2024-10
2464,2024-06,starter,paid_search,2024-11
2464,2024-06,starter,paid_search,2024-12
2464,2024-06,starter,paid_search,2025-01
2465,2024-05,pro,organic,2024-05
2465,2024-05,pro,organic,2024-06
2465,2024-05,pro,organic,2024-07
2466,2024-02,pro,organic,2024-02
2466,2024-02,pro,organic,2024-03
2466,2024-02,pro,organic,2024-04
2466,2024-02,pro,organic,2024-05
2466,2024-02,pro,organic,2024-06
2467,2024-03,starter,paid_search,2024-03
2467,2024-03,starter,paid_search,2024-04
2467,2024-03,starter,paid_search,2024-05
2467,2024-03,starter,paid_search,2024-06
2467,2024-03,starter,paid_search,2024-07
2467,2024-03,starter,paid_search,2024-08
2467,2024-03,starter,paid_search,2024-09
2467,2024-03,starter,paid_search,2024-10
2468,2024-07,starter,referral,2024-07
2468,2024-07,starter,referral,2024-08
2469,2024-01,pro,organic,2024-01
2469,2024-01,pro,organic,2024-02
2469,2024-01,pro,organic,2024-03
2469,2024-01,pro,organic,2024-04
2470,2024-02,free,paid_search,2024-02
2470,2024-02,free,paid_search,2024-03
2470,2024-02,free,paid_search,2024-04
2470,2024-02,free,paid_search,2024-05
2471,2024-09,starter,paid_search,2024-09
2472,2024-01,free,organic,2024-01
2473,2024-04,pro,paid_search,2024-04
2473,2024-04,pro,paid_search,2024-05
2474,2024-02,free,organic,2024-02
2474,2024-02,free,organic,2024-03
2474,2024-02,free,organic,2024-04
2474,2024-02,free,organic,2024-05
2475,2024-01,starter,paid_search,2024-01
2476,2024-04,starter,organic,2024-04
2476,2024-04,starter,organic,2024-05
2476,2024-04,starter,organic,2024-06
2476,2024-04,starter,organic,2024-07
2476,2024-04,starter,organic,2024-08
2477,2024-05,enterprise,paid_search,2024-05
2477,2024-05,enterprise,paid_search,2024-06
2477,2024-05,enterprise,paid_search,2024-07
2477,2024-05,enterprise,paid_search,2024-08
2477,2024-05,enterprise,paid_search,2024-09
2478,2024-02,free,organic,2024-02
2478,2024-02,free,organic,2024-03
2478,2024-02,free,organic,2024-04
2479,2024-01,starter,paid_search,2024-01
2479,2024-01,starter,paid_search,2024-02
2479,2024-01,starter,paid_search,2024-03
2479,2024-01,starter,paid_search,2024-04
2480,2024-02,starter,paid_search,2024-02
2480,2024-02,starter,paid_search,2024-03
2480,2024-02,starter,paid_search,2024-04
2480,2024-02,starter,paid_search,2024-05
2480,2024-02,starter,paid_search,2024-06
2480,2024-02,starter,paid_search,2024-07
2480,2024-02,starter,paid_search,2024-08
2480,2024-02,starter,paid_search,2024-09
2480,2024-02,starter,paid_search,2024-10
2480,2024-02,starter,paid_search,2024-11
2480,2024-02,starter,paid_search,2024-12
2480,2024-02,starter,paid_search,2025-01
2481,2024-06,pro,content,2024-06
2481,2024-06,pro,content,2024-07
2482,2024-08,pro,paid_search,2024-08
2483,2024-02,free,referral,2024-02
2484,2024-03,free,organic,2024-03
2484,2024-03,free,organic,2024-04
2484,2024-03,free,organic,2024-05
2484,2024-03,free,organic,2024-06
2484,2024-03,free,organic,2024-07
2484,2024-03,free,organic,2024-08
2484,2024-03,free,organic,2024-09
2484,2024-03,free,organic,2024-10
2485,2024-04,free,paid_search,2024-04
2485,2024-04,free,paid_search,2024-05
2486,2024-04,enterprise,organic,2024-04
2486,2024-04,enterprise,organic,2024-05
2486,2024-04,enterprise,organic,2024-06
2486,2024-04,enterprise,organic,2024-07
2486,2024-04,enterprise,organic,2024-08
2486,2024-04,enterprise,organic,2024-09
2486,2024-04,enterprise,organic,2024-10
2486,2024-04,enterprise,organic,2024-11
2486,2024-04,enterprise,organic,2024-12
2486,2024-04,enterprise,organic,2025-01
2486,2024-04,enterprise,organic,2025-02
2486,2024-04,enterprise,organic,2025-03
2487,2024-03,free,paid_search,2024-03
2488,2024-01,starter,referral,2024-01
2488,2024-01,starter,referral,2024-02
2488,2024-01,starter,referral,2024-03
2488,2024-01,starter,referral,2024-04
2488,2024-01,starter,referral,2024-05
2488,2024-01,starter,referral,2024-06
2488,2024-01,starter,referral,2024-07
2489,2024-05,starter,referral,2024-05
2489,2024-05,starter,referral,2024-06
2489,2024-05,starter,referral,2024-07
2489,2024-05,starter,referral,2024-08
2490,2024-04,free,paid_search,2024-04
2491,2024-04,free,paid_search,2024-04
2491,2024-04,free,paid_search,2024-05
2491,2024-04,free,paid_search,2024-06
2491,2024-04,free,paid_search,2024-07
2491,2024-04,free,paid_search,2024-08
2491,2024-04,free,paid_search,2024-09
2491,2024-04,free,paid_search,2024-10
2491,2024-04,free,paid_search,2024-11
2492,2024-03,free,organic,2024-03
2492,2024-03,free,organic,2024-04
2493,2024-09,pro,organic,2024-09
2493,2024-09,pro,organic,2024-10
2493,2024-09,pro,organic,2024-11
2494,2024-06,free,referral,2024-06
2494,2024-06,free,referral,2024-07
2494,2024-06,free,referral,2024-08
2494,2024-06,free,referral,2024-09
2494,2024-06,free,referral,2024-10
2494,2024-06,free,referral,2024-11
2494,2024-06,free,referral,2024-12
2494,2024-06,free,referral,2025-01
2494,2024-06,free,referral,2025-02
2494,2024-06,free,referral,2025-03
2495,2024-04,free,organic,2024-04
2495,2024-04,free,organic,2024-05
2495,2024-04,free,organic,2024-06
2495,2024-04,free,organic,2024-07
2495,2024-04,free,organic,2024-08
2495,2024-04,free,organic,2024-09
2495,2024-04,free,organic,2024-10
2495,2024-04,free,organic,2024-11
2496,2024-02,starter,organic,2024-02
2496,2024-02,starter,organic,2024-03
2496,2024-02,starter,organic,2024-04
2497,2024-08,free,content,2024-08
2498,2024-08,pro,content,2024-08
2498,2024-08,pro,content,2024-09
2499,2024-01,free,paid_search,2024-01
2499,2024-01,free,paid_search,2024-02
2500,2024-09,free,paid_search,2024-09
2500,2024-09,free,paid_search,2024-10
2500,2024-09,free,paid_search,2024-11
