구,동,단지명,전용면적(㎡),계약년월,계약일,거래금액(만원),층,건축년도
강남구,역삼동,개나리래미안,129.8,202201,3,325000,14,2006
강남구,역삼동,강남역우정에쉐르,17.13,202201,5,20500,11,2004
강남구,도곡동,아카데미스위트1,122.07,202201,6,220000,22,2004
강남구,역삼동,역삼I'PARK,28.246,202201,7,85400,5,2006
강남구,대치동,동부센트레빌,145.83,202201,7,425000,21,2005
강남구,역삼동,우정에쉐르멤버스,36.19,202201,7,58000,9,2004
강남구,논현동,그랑디오스,132.96,202201,8,159140,5,2004
강남구,논현동,그랑디오스,132.96,202201,8,159140,5,2004
강남구,도곡동,타워팰리스2,154.35,202201,12,410000,42,2003
강남구,대치동,대우아이빌멤버스(891-26),51.026,202201,12,54500,10,2003
강남구,도곡동,현대비젼21,35.48,202201,14,50000,20,1999
강남구,개포동,래미안블레스티지,84.943,202201,15,300000,7,2019
강남구,논현동,거평프리젠,32.835,202201,15,40000,6,1996
강남구,자곡동,엘에이치강남힐스테이트,51.96,202201,17,118000,11,2015
강남구,청담동,신동아,84.94,202201,19,220000,2,1997
강남구,도곡동,한신(개포),83.86,202201,23,281000,5,1985
강남구,개포동,성원대치2단지아파트,33.18,202201,25,120000,8,1992
강남구,일원동,디에이치자이개포,84.94,202201,26,208273,29,2021
강남구,도곡동,타워팰리스3,163.567,202201,27,420000,42,2004
강남구,논현동,마일스디오빌,36.29,202201,27,42000,14,2004
강남구,역삼동,한화진넥스빌,43.58,202201,27,46500,20,2001
강남구,역삼동,브라운스톤역삼,59.96,202201,27,109000,7,2004
강남구,역삼동,테헤란아이파크,70.8333,202201,31,220000,2,2014
강남구,대치동,테헤란로대우아이빌(891-6),33.11,202202,4,43600,23,2004
강남구,도곡동,현대비젼21,33.1,202202,4,42000,20,1999
강남구,도곡동,대우디오빌,25.89,202202,5,24000,7,2004
강남구,압구정동,"현대7차(73~77,82,85동)",144.2,202202,9,500000,14,1979
강남구,개포동,그린빌리지,197.91,202202,11,180000,4,1996
강남구,자곡동,엘에이치강남힐스테이트,59.93,202202,12,116000,7,2015
강남구,역삼동,금호어울림,132.88,202202,14,208000,14,2003
강남구,청담동,연세힐하우스1,187.73,202202,14,300000,1,2003
강남구,논현동,벨러스빌,86.51,202202,14,65000,5,2004
강남구,삼성동,현대타워(13층-27층),149.99,202202,15,225000,26,1998
강남구,도곡동,타워팰리스1,164.95,202202,19,435000,10,2002
강남구,논현동,마일스디오빌,36.29,202202,19,39000,9,2004
강남구,압구정동,"현대6차(78~81,83,84,86,87동)",144.7,202202,19,490000,8,1978
강남구,도곡동,타워팰리스2,160.56,202202,21,380000,4,2003
강남구,대치동,은마,84.43,202202,22,255000,4,1979
강남구,삼성동,LG선릉에클라트(B),36.35,202202,22,40200,11,2004
강남구,도곡동,래미안도곡카운티,59.98,202202,23,225000,20,2016
강남구,논현동,아크로힐스논현,84.208,202202,24,210000,4,2014
강남구,청담동,청담신원아침도시마인,49.4473,202202,25,82500,8,2013
강남구,청담동,라테라스청담,18.55,202202,28,34000,4,2018
강남구,청담동,휴먼스타빌,35.905,202202,28,80000,14,2005
강남구,일원동,수서,39.98,202203,1,107000,15,1992
강남구,대치동,테헤란로대우아이빌(891-6),35.51,202203,10,42200,23,2004
강남구,청담동,청담스위트,13.425,202203,11,22750,5,2015
강남구,삼성동,삼성동헤렌하우스2(82-1),217.86,202203,11,500000,6,2010
강남구,도곡동,도곡1차아이파크,130.259,202203,12,283000,27,2007
강남구,압구정동,신현대11차,183.41,202203,17,595000,4,1983
강남구,도곡동,대우디오빌,25.89,202203,17,23800,8,2004
강남구,신사동,신사아크존2,135.72,202203,17,228000,2,2005
강남구,도곡동,상지리츠빌카일룸,210.5,202203,17,610000,2,2018
강남구,청담동,청담로얄카운티,244.95,202203,18,445000,3,1999
강남구,논현동,동양파라곤,160.33,202203,21,333000,14,2004
강남구,신사동,압구정대원칸타빌아파트,97.08,202203,21,188000,3,2001
강남구,수서동,강남 더샵 포레스트,146.6888,202203,24,348000,6,2016
강남구,대치동,개포우성1,127.61,202203,24,375000,1,1983
강남구,삼성동,삼성동힐스테이트 1단지,114.463,202203,25,250000,16,2008
강남구,개포동,성원대치2단지아파트,33.18,202203,27,120000,12,1992
강남구,대치동,테헤란로대우아이빌(891-6),33.11,202203,28,34000,3,2004
강남구,대치동,대치아이파크,119.58,202203,29,400000,20,2008
강남구,도곡동,타워팰리스2,124.11,202203,29,335000,40,2003
강남구,대치동,개포우성1,127.61,202203,30,409000,11,1983
강남구,논현동,마일스디오빌,36.29,202203,30,40900,14,2004
강남구,압구정동,한양4,101.09,202203,30,330000,8,1978
강남구,도곡동,타워팰리스3,244.224,202203,30,554000,63,2004
강남구,일원동,한솔마을,63.76,202203,31,178000,2,1994
강남구,개포동,개포래미안포레스트,102.32,202204,1,369000,13,2020
강남구,도곡동,럭키(963),124.1,202204,2,270000,2,1995
강남구,삼성동,LG선릉에클라트(B),36.35,202204,2,38200,12,2004
강남구,역삼동,역삼래미안,80.87,202204,8,274000,5,2005
강남구,개포동,디에이치아너힐즈,76.1709,202204,8,305000,23,2019
강남구,대치동,동부센트레빌,145.83,202204,9,470000,19,2005
강남구,대치동,선경1차(1동-7동),84.35,202204,11,320000,13,1983
강남구,압구정동,"현대5차(71,72동)",82.23,202204,12,410000,10,1977
강남구,개포동,개포6차우성아파트1동~8동,79.97,202204,12,220000,4,1987
강남구,일원동,샘터마을,134.438,202204,13,275000,11,1994
강남구,자곡동,래미안강남힐즈,91.96,202204,13,201000,7,2014
강남구,논현동,펜트힐루논현,43.392,202204,15,110000,7,2021
강남구,논현동,두산위브2단지,106.829,202204,16,206000,9,2004
강남구,청담동,연세리버빌3,243.21,202204,16,526000,2,1999
강남구,개포동,성원대치2단지아파트,33.18,202204,18,110000,9,1992
강남구,압구정동,미성2차,74.4,202204,19,321000,16,1987
강남구,수서동,강남데시앙포레,101.73,202204,20,216500,15,2014
강남구,논현동,동양파라곤,180.07,202204,21,245000,5,2004
강남구,개포동,현대2,131.83,202204,21,291500,3,1986
강남구,대치동,한보미도맨션1,128.01,202204,22,390000,13,1983
강남구,논현동,신동아(22),35.73,202204,23,98000,11,1997
강남구,논현동,동현아파트1~6,119.67,202204,23,290000,11,1985
강남구,압구정동,"현대1차(12,13,21,22,31,32,33동)",131.48,202204,25,470000,5,1976
강남구,도곡동,도곡1차아이파크,130.259,202204,27,303000,27,2007
강남구,청담동,청담스위트,12.449,202204,27,23300,5,2015
강남구,청담동,PH129,273.96,202204,28,1450000,16,2020
강남구,삼성동,이안애빌,106.89,202205,2,177000,5,2004
강남구,신사동,RudenHouse,84.44,202205,2,103000,1,2007
강남구,청담동,진흥아파트,109.31,202205,2,243500,7,1984
강남구,대치동,대우아이빌명문가(891-23),33.06,202205,4,34000,11,2004
강남구,도곡동,도곡쌍용예가,107.53,202205,5,224000,3,1978
강남구,도곡동,럭키(963),84.97,202205,6,235500,7,1995
강남구,대치동,한보미도맨션2,190.47,202205,9,507500,8,1985
강남구,청담동,청담스위트,13.425,202205,11,23500,4,2015
강남구,역삼동,은하수,67.14,202205,11,180000,4,1992
강남구,도곡동,타워팰리스1,301.47,202205,12,870000,56,2002
강남구,도곡동,현대그린1,84.93,202205,12,187000,6,2006
강남구,역삼동,역삼래미안,59.4,202205,14,198000,2,2005
강남구,청담동,청담건영,84.595,202205,16,288000,8,1994
강남구,도곡동,우성사원5,70.89,202205,17,230000,9,1986
강남구,도곡동,래미안도곡카운티,106.78,202205,18,360000,17,2016
강남구,논현동,우민,74.758,202205,19,123000,2,2002
강남구,대치동,은마,84.43,202205,20,270000,13,1979
강남구,대치동,대치동우정에쉐르1,59.75,202205,20,80000,5,2004
강남구,청담동,대우리츠카운티,211.72,202205,20,386000,2,2001
강남구,역삼동,한화진넥스빌,39.2,202205,23,39000,8,2001
강남구,도곡동,타워팰리스2,115.63,202205,24,310000,23,2003
강남구,역삼동,역삼I'PARK,131.38,202205,26,360000,16,2006
강남구,개포동,개포래미안포레스트,59.92,202205,26,210000,6,2020
강남구,논현동,논현동한화꿈에그린,67.671,202205,26,85600,2,2005
강남구,도곡동,우성캐릭터199,164.97,202205,26,256000,16,1998
강남구,대치동,테헤란로대우아이빌(891-6),59.83,202205,28,91500,15,2004
강남구,청담동,삼환(101동),114.97,202205,30,150000,8,1999
강남구,논현동,거평프리젠,30.215,202205,30,40000,11,1996
강남구,대치동,은마,76.79,202205,31,254000,8,1979
강남구,역삼동,테헤란아이파크,92.6232,202206,4,280000,4,2014
강남구,삼성동,LG선릉에클라트(B),36.35,202206,7,32000,12,2004
강남구,역삼동,대우디오빌플러스,34.41,202206,7,31900,5,2004
강남구,압구정동,"현대7차(73~77,82,85동)",157.36,202206,9,550000,5,1979
강남구,개포동,래미안블레스티지,99.991,202206,10,360000,32,2019
강남구,대치동,대치현대,85,202206,10,246000,9,1999
강남구,수서동,까치마을,49.5,202206,11,135000,1,1993
강남구,역삼동,개나리래미안,114.65,202206,14,335000,5,2006
강남구,논현동,신동아(22),35.73,202206,17,99500,5,1997
강남구,논현동,한양수자인어반게이트,16.2,202206,17,20500,7,2013
강남구,개포동,개포래미안포레스트,59.92,202206,17,195000,10,2020
강남구,역삼동,역삼I'PARK,131.38,202206,18,360000,4,2006
강남구,논현동,경남논현,83.72,202206,21,131000,5,1996
강남구,대치동,한보미도맨션1,128.01,202206,24,387000,4,1983
강남구,대치동,한보미도맨션2,126.33,202206,24,380000,10,1985
강남구,청담동,청담디에브스아파트,91.68,202206,27,117562,3,2017
강남구,삼성동,상지리츠빌카일룸(65-4),237.74,202206,27,545000,6,2012
강남구,논현동,마일스디오빌,36.29,202206,28,40500,13,2004
강남구,도곡동,도곡렉슬,84.9984,202207,1,315000,15,2006
강남구,역삼동,역삼I'PARK,28.246,202207,2,84900,5,2006
강남구,도곡동,PLUMHILLS,206.1,202207,4,210000,1,2003
강남구,역삼동,우림루미아트1,23.9,202207,5,20500,7,2003
강남구,역삼동,한스빌(836),48.21,202207,5,42000,2,1996
강남구,도곡동,현대비젼21,32.65,202207,5,47000,18,1999
강남구,도곡동,타워팰리스1,164.97,202207,7,480000,42,2002
강남구,청담동,청담대우멤버스카운티11차,164.99,202207,7,315000,3,2004
강남구,논현동,펜트힐루논현,43.392,202207,8,110000,4,2021
강남구,개포동,래미안블레스티지,59.888,202207,11,210000,7,2019
강남구,삼성동,삼성동중앙하이츠빌리지,59.98,202207,19,218000,3,2004
강남구,청담동,청담동마크노빌,270.25,202207,27,450000,1,2008
강남구,개포동,개포자이,170.32,202207,27,303000,11,2004
강남구,청담동,연세청담파크빌,242.34,202207,29,290000,5,1999
강남구,자곡동,엘에이치강남힐스테이트,59.93,202208,5,110000,7,2015
강남구,청담동,청담우방아파트,59.97,202208,5,160000,9,1999
강남구,도곡동,대림아크로빌,130.545,202208,8,216597,8,1999
강남구,자곡동,엘에이치강남힐스테이트,84.39,202208,11,112000,13,2015
강남구,역삼동,역삼I'PARK,28.246,202208,11,84000,8,2006
강남구,논현동,마일스디오빌,36.29,202208,12,38500,15,2004
강남구,논현동,마일스디오빌,36.29,202208,12,38500,15,2004
강남구,수서동,신동아,39.53,202208,16,100000,13,1992
강남구,대치동,대치아이파크,59.96,202208,18,210000,11,2008
강남구,청담동,청담신원아침도시마인,27.0875,202208,19,36000,6,2013
강남구,일원동,디에이치자이개포,84.72,202208,25,150000,23,2021
강남구,도곡동,도곡렉슬,84.9231,202208,28,280000,17,2006
강남구,역삼동,래미안펜타빌,157.37,202208,29,360000,10,2007
강남구,신사동,현대썬앤빌,23.72,202208,30,33500,7,2015
강남구,신사동,현대썬앤빌,15.42,202208,30,24000,8,2015
강남구,신사동,현대썬앤빌,16.4,202208,30,25000,9,2015
강남구,신사동,현대썬앤빌,16.4,202208,30,24900,8,2015
강남구,신사동,현대썬앤빌,15.42,202208,30,24200,9,2015
강남구,신사동,현대썬앤빌,16.4,202208,30,25000,9,2015
강남구,신사동,현대썬앤빌,16.4,202208,30,24600,7,2015
강남구,신사동,현대썬앤빌,16.4,202208,30,24900,8,2015
강남구,신사동,현대썬앤빌,15.42,202208,30,24200,9,2015
강남구,신사동,현대썬앤빌,16.4,202208,30,24600,7,2015
강남구,신사동,현대썬앤빌,16.4,202208,30,24600,6,2015
강남구,신사동,현대썬앤빌,15.42,202208,30,23600,8,2015
강남구,신사동,현대썬앤빌,15.42,202208,30,23600,5,2015
강남구,신사동,현대썬앤빌,15.42,202208,30,24000,8,2015
강남구,신사동,현대썬앤빌,16.4,202208,30,24900,8,2015
강남구,역삼동,진넥스빌2,23.85,202208,30,22400,6,2003
강남구,신사동,현대썬앤빌,15.42,202208,30,23400,6,2015
강남구,신사동,현대썬앤빌,15.42,202208,30,23700,9,2015
강남구,일원동,목련타운,99.79,202208,31,245000,8,1993
강남구,청담동,청담자이,89.115,202209,8,365000,15,2011
강남구,역삼동,이스턴오피스텔,14.78,202209,15,19500,12,2014
강남구,삼성동,진흥아파트,170.01,202209,15,380000,6,1984
강남구,대치동,청암빌라트,163.8,202209,17,270000,1,1991
강남구,역삼동,래미안그레이튼(진달래2차),59.91,202209,18,190000,11,2010
강남구,역삼동,강남센트럴아이파크,84.915,202210,6,300000,8,2022
강남구,자곡동,래미안강남힐즈,101.94,202210,11,180000,14,2014
강남구,대치동,래미안대치팰리스,114.15,202210,11,485000,22,2015
강남구,역삼동,한화진넥스빌,41.68,202210,11,41000,9,2001
강남구,일원동,푸른마을아파트101동~111동,84.93,202210,12,165000,9,1994
강남구,삼성동,삼성동힐스테이트 1단지,114.463,202210,12,352000,1,2008
강남구,일원동,푸른마을아파트101동~111동,59.76,202210,12,138000,11,1994
강남구,역삼동,대우디오빌,30.03,202210,14,34000,14,2002
강남구,청담동,청담현대3차아파트,109.53,202210,17,294000,5,1999
강남구,수서동,신동아,33.18,202210,18,113000,7,1992
강남구,삼성동,채널리저브,84.94,202210,25,129000,12,2007
강남구,일원동,푸른마을아파트101동~111동,84.93,202211,2,154000,2,1994
강남구,대치동,은마,76.79,202211,5,191500,10,1979
강남구,일원동,상록수,74.54,202211,9,160000,1,1993
강남구,개포동,성원대치2단지아파트,39.53,202211,15,102500,3,1992
강남구,대치동,은마,84.43,202211,16,220000,4,1979
강남구,역삼동,리츠빌아파트,93.22,202211,16,85000,4,2003
강남구,대치동,은마,84.43,202211,21,215000,5,1979
강남구,대치동,"대치우성아파트1동,2동,3동,5동,6동,7동",115.59,202211,22,260000,4,1984
강남구,개포동,디에이치아너힐즈,84.3558,202211,26,250000,19,2019
강남구,자곡동,강남한양수자인(4단지),114.32,202212,2,175000,10,2014
강남구,대치동,은마,76.79,202212,5,189500,6,1979
강남구,도곡동,대림아크로빌,177.255,202212,9,260000,22,1999
강남구,일원동,목련타운,134.71,202212,9,210000,14,1993
강남구,일원동,목련타운,134.71,202212,12,227000,6,1993
강남구,삼성동,삼성동센트럴아이파크,59.96,202212,13,208000,20,2018
강남구,도곡동,대림아크로빌,172.467,202212,15,260000,31,1999
강남구,도곡동,대명비발디,77.61,202212,17,96500,6,2003
강남구,역삼동,역삼우정에쉐르2,49.38,202212,17,74000,9,2004
강남구,대치동,은마,76.79,202212,22,190000,12,1979
강남구,대치동,은마,76.79,202212,23,182500,14,1979
강남구,개포동,성원대치2단지아파트,49.86,202212,23,104000,4,1992
강남구,개포동,성원대치2단지아파트,49.86,202212,23,104000,4,1992
강남구,대치동,은마,84.43,202212,24,220000,10,1979
강남구,청담동,휴먼스타빌,35.905,202212,27,90000,22,2005
강남구,대치동,은마,76.79,202212,30,184500,2,1979
강남구,삼성동,현대힐스테이트2단지,84.236,202212,30,235000,3,2008
강남구,대치동,포스코더샵,139.54,202212,30,290000,11,2004
강남구,압구정동,"현대6차(78~81,83,84,86,87동)",144.2,202212,30,430000,8,1978
강동구,길동,강동와이시티,13.97,202201,6,11400,17,2014
강동구,길동,에이치비골드빌(103동),78.13,202201,6,75000,11,2004
강동구,길동,다성이즈빌(주상복합),36.35,202201,7,34500,13,2015
강동구,둔촌동,둔촌하이츠,59.79,202201,7,95000,12,1998
강동구,상일동,고덕아르테온,84.97,202201,9,180000,13,2020
강동구,상일동,고덕자이,74.3069,202201,10,150000,23,2021
강동구,강일동,강일리버파크1단지,84.83,202201,12,113000,11,2009
강동구,천호동,래미안강동팰리스,59.98,202201,12,142000,18,2017
강동구,상일동,고덕아르테온,84.93,202201,15,195000,17,2020
강동구,길동,강동렘브란트,15.86,202201,19,10000,13,2014
강동구,길동,길동우성,40.36,202201,21,71000,1,1994
강동구,성내동,에스아이팰리스센트럴성내,14.04,202201,21,23700,13,2021
강동구,길동,강동큐브,12.49,202201,26,15700,16,2013
강동구,천호동,강변그대가리버뷰,84.99,202201,28,148500,15,2007
강동구,암사동,선사현대아파트,82.94,202201,28,138000,26,2000
강동구,성내동,한솔파로스,81.5,202201,28,64510,7,2010
강동구,암사동,롯데캐슬퍼스트,59.99,202201,29,118000,6,2008
강동구,암사동,롯데캐슬퍼스트,59.99,202201,29,125000,8,2008
강동구,성내동,다성이즈빌,25.92,202202,5,18000,5,2014
강동구,성내동,성내1차e-편한세상,84.49,202202,5,104000,11,2003
강동구,고덕동,고덕그라시움,59.052,202202,6,139300,11,2019
강동구,길동,강동와이시티,13.97,202202,10,9400,13,2014
강동구,천호동,강변그대가갤럭시,84.96,202202,12,125000,10,2009
강동구,강일동,강일리버파크6단지,84.53,202202,15,110000,12,2009
강동구,상일동,중앙하이츠,59.94,202202,18,88500,6,1992
강동구,암사동,선사현대아파트,72.85,202202,18,115000,4,2000
강동구,천호동,대우한강베네시티,130.13,202203,6,110000,12,2007
강동구,길동,경지Arium,14.12,202203,11,21500,3,2019
강동구,성내동,하나플러스,59.86,202203,13,66000,3,2003
강동구,길동,현대웰하임(201동),14.468,202203,16,10000,1,2012
강동구,암사동,선사현대아파트,59.64,202203,17,112000,11,2000
강동구,천호동,엘림스퀘어II,17.58,202203,18,18000,10,2019
강동구,명일동,명일우성,84.93,202203,22,151800,8,1986
강동구,천호동,천호동삼성아파트,59.86,202203,23,87400,7,1997
강동구,고덕동,래미안힐스테이트고덕,59.23,202203,26,137500,18,2016
강동구,길동,강동LG자이,84.88,202203,28,134000,8,2003
강동구,명일동,래미안솔베뉴,49.62,202203,31,108500,17,2019
강동구,천호동,두산위브센티움,31.37,202203,31,16000,6,2004
강동구,길동,다성이즈빌,20.85,202204,1,22500,9,2018
강동구,성내동,파크프라자,77.41,202204,2,69000,4,2003
강동구,고덕동,고덕그라시움,59.052,202204,3,147000,26,2019
강동구,길동,현대웰하임(101동),16.959,202204,4,13750,9,2012
강동구,고덕동,배재현대,84.9,202204,7,143700,21,1995
강동구,길동,경지Arium,14.12,202204,7,22200,16,2019
강동구,천호동,광남벨라스2차아파트,84.67,202204,9,71000,7,2004
강동구,명일동,명일진로,118.44,202204,9,108000,11,1994
강동구,길동,삼익세라믹,84.85,202204,9,96000,8,1992
강동구,길동,현대1,84.87,202204,13,115000,11,1996
강동구,암사동,선사현대아파트,59.64,202204,14,106900,19,2000
강동구,성내동,에스케이허브진,33.71,202204,14,36500,7,2004
강동구,천호동,천호태영아파트,59.63,202204,16,105000,13,1999
강동구,상일동,고덕센트럴IPARK,74.88,202204,16,150000,16,2019
강동구,길동,강동큐브,12.49,202204,20,10800,18,2013
강동구,암사동,현대홈타운,84.98,202204,20,137500,18,2004
강동구,암사동,프라이어팰리스,84.988,202204,22,143500,13,2007
강동구,명일동,고덕주공9,83.21,202204,23,141000,7,1985
강동구,성내동,성내동삼성아파트,59.88,202204,25,106700,14,1999
강동구,암사동,프라이어팰리스,84.988,202204,26,141000,9,2007
강동구,성내동,에스케이허브진,33.71,202205,4,37700,11,2004
강동구,천호동,현대아파트,60.76,202205,7,90000,1,1990
강동구,고덕동,고덕그라시움,59.785,202205,10,135000,17,2019
강동구,암사동,내일쎄닛빌,111.4,202205,11,72000,9,2007
강동구,상일동,동아,84.94,202205,11,81000,4,1997
강동구,성내동,동남드림빌,77.02,202205,13,59000,11,2006
강동구,둔촌동,현대1차아파트,84.36,202205,13,140000,12,1984
강동구,둔촌동,성원,59.22,202205,14,72500,8,1995
강동구,둔촌동,신성둔촌미소지움1,59.78,202205,15,96000,13,1998
강동구,성내동,새한올림픽,82.22,202205,15,79500,1,2001
강동구,암사동,선사현대아파트,59.64,202205,16,103500,4,2000
강동구,상일동,고덕숲아이파크,84.85,202205,16,158000,20,2018
강동구,명일동,현대(명일),57.09,202205,16,79500,13,1988
강동구,길동,강동큐브(2차),15.12,202205,16,10350,8,2013
강동구,명일동,우성101동,84.97,202205,18,89500,9,2004
강동구,천호동,현진리버파크,14.9,202205,19,21000,10,2017
강동구,상일동,고덕아르테온,84.97,202205,22,164000,3,2020
강동구,고덕동,래미안힐스테이트고덕,84.83,202205,24,160000,21,2016
강동구,고덕동,고덕그라시움,84.244,202205,25,148000,19,2019
강동구,길동,강동역에스케이허브,84.94,202205,25,85500,15,2006
강동구,길동,현대웰하임(201동),14.468,202205,26,11000,4,2012
강동구,길동,강동와이시티,13.97,202205,27,11900,18,2014
강동구,고덕동,고덕그라시움,84.24,202205,27,175000,17,2019
강동구,상일동,고덕자이,84.7398,202205,30,151000,3,2021
강동구,천호동,엘림스퀘어II,17.58,202205,30,17300,3,2019
강동구,길동,강동큐브,12.49,202205,31,12500,17,2013
강동구,길동,에이치비골드빌(103동),42.3,202206,1,43300,9,2004
강동구,상일동,고덕센트럴IPARK,59.97,202206,4,121000,1,2019
강동구,길동,강동와이시티,13.97,202206,7,10900,16,2014
강동구,암사동,선사현대아파트,82.94,202206,8,149000,6,2000
강동구,성내동,한양립스,12.33,202206,9,12800,5,2014
강동구,천호동,강변그대가갤럭시,84.99,202206,10,100000,11,2009
강동구,길동,현대웰하임(201동),14.468,202206,13,9500,3,2012
강동구,명일동,래미안솔베뉴,59.11,202206,23,140000,31,2019
강동구,암사동,롯데캐슬퍼스트,133.97,202207,8,200000,21,2008
강동구,천호동,현대아파트,72.04,202207,11,100000,4,1990
강동구,성내동,한양립스,12.33,202207,13,10200,10,2014
강동구,둔촌동,현대2,79.79,202207,15,123000,12,1988
강동구,천호동,아스하임,12.88,202207,21,20500,10,2021
강동구,명일동,래미안솔베뉴,59.11,202207,23,122000,21,2019
강동구,길동,청원파크빌2,84.95,202207,25,68000,5,2004
강동구,길동,다성이즈빌(주상복합),36.35,202207,25,33150,16,2015
강동구,천호동,골드하임(101동),84.97,202207,28,64000,3,2005
강동구,고덕동,고덕그라시움,84.244,202208,6,163000,5,2019
강동구,천호동,두산위브센티움,31.37,202208,11,16100,5,2004
강동구,길동,현대웰하임(201동),14.468,202208,11,8900,4,2012
강동구,암사동,삼성광나루,84.79,202208,20,98000,6,2002
강동구,고덕동,고덕그라시움,59.785,202208,27,128000,16,2019
강동구,천호동,두산위브센티움,31.37,202208,29,16000,8,2004
강동구,상일동,고덕롯데캐슬베네루체,59.981,202208,31,102800,9,2019
강동구,둔촌동,현대3,79.99,202209,8,92700,11,1988
강동구,상일동,고덕아르테온,59.98,202209,26,102000,3,2020
강동구,천호동,금호아파트,27.61,202209,28,35000,6,1987
강동구,고덕동,고덕그라시움,59.052,202209,28,106000,13,2019
강동구,강일동,강일리버파크4단지,84.83,202209,30,108000,15,2009
강동구,상일동,고덕아르테온,59.98,202210,6,134000,14,2020
강동구,고덕동,고덕그라시움,84.046,202210,8,165000,6,2019
강동구,상일동,고덕롯데캐슬베네루체,59.981,202210,8,95000,9,2019
강동구,천호동,천호네스빌,39.15,202210,10,25400,3,2003
강동구,길동,라인,59.94,202210,13,62000,8,1998
강동구,천호동,한신아파트,57.84,202210,15,49700,11,1991
강동구,상일동,고덕센트럴IPARK,84.97,202210,18,127500,15,2019
강동구,상일동,고덕자이,59.9398,202210,24,98000,22,2021
강동구,성내동,한양립스,12.33,202210,24,13000,7,2014
강동구,고덕동,고덕그라시움,59.785,202210,24,107000,6,2019
강동구,길동,광남캐스빌(389-9),68.46,202210,25,65000,10,2005
강동구,고덕동,고덕센트럴푸르지오,59.14,202210,27,95000,26,2020
강동구,고덕동,고덕센트럴푸르지오,59.14,202210,29,88000,16,2020
강동구,암사동,선사현대아파트,59.64,202210,29,77000,21,2000
강동구,명일동,명일지에스아파트,84.96,202210,29,85000,5,1999
강동구,상일동,동아,59.25,202211,1,64500,17,1997
강동구,길동,다성이즈빌,84.76,202211,1,65000,1,2003
강동구,상일동,고덕롯데캐슬베네루체,84.146,202211,8,108500,28,2019
강동구,천호동,현진리버파크,23.26,202211,10,29500,4,2017
강동구,성내동,성내동삼성아파트,59.88,202211,15,85000,11,1999
강동구,둔촌동,둔촌푸르지오,59.98,202211,16,85000,16,2010
강동구,고덕동,고덕그라시움,59.052,202211,20,112000,15,2019
강동구,상일동,고덕롯데캐슬베네루체,84.923,202211,24,109500,10,2019
강동구,암사동,선사현대아파트,59.64,202211,24,69000,6,2000
강동구,암사동,선사현대아파트,59.64,202211,29,77000,7,2000
강동구,상일동,고덕자이,59.9398,202212,2,96000,23,2021
강동구,고덕동,고덕그라시움,59.052,202212,3,99000,3,2019
강동구,상일동,고덕리엔파크3단지,84.98,202212,3,91800,8,2011
강동구,암사동,중앙하이츠,59.52,202212,3,53000,8,1998
강동구,상일동,고덕아르테온,84.95,202212,6,129500,15,2020
강동구,고덕동,고덕그라시움,133.152,202212,9,240000,30,2019
강동구,고덕동,고덕그라시움,84.244,202212,21,144500,19,2019
강동구,암사동,롯데캐슬퍼스트,59.99,202212,21,95000,18,2008
강동구,천호동,강동역신동아파밀리에,101.25,202212,24,95000,28,2015
강동구,명일동,고덕주공9,83.93,202212,24,96000,15,1985
강동구,길동,청광플러스원큐브2차,14.495,202212,26,10800,18,2013
강동구,명일동,명일지에스아파트,84.9,202212,28,73500,2,1999
강동구,상일동,고덕리엔파크3단지,84.98,202212,29,85000,8,2011
강동구,고덕동,래미안힐스테이트고덕,59.23,202212,29,95500,13,2016
강동구,암사동,롯데캐슬퍼스트,59.99,202212,30,86500,17,2008
강북구,수유동,래미안수유,84.993,202201,10,84500,14,2001
강북구,수유동,수유역하이씨티,12.01,202201,11,10700,11,2014
강북구,번동,수유역두산위브1,84.9909,202201,14,82500,5,2009
강북구,미아동,래미안트리베라1단지,84.97,202201,19,104700,10,2010
강북구,수유동,수유프리미어엠,15.13,202201,20,10100,7,2016
강북구,수유동,성덕,62.91,202201,22,37000,6,2003
강북구,미아동,푸르지오시티,18.6479,202201,27,12000,20,2014
강북구,미아동,경남아너스빌(1356-0),114.922,202201,30,89000,12,2003
강북구,수유동,예도팔라티움,13.47,202202,11,17800,8,2020
강북구,미아동,삼각산아이원,84.705,202202,26,78500,1,2003
강북구,수유동,극동,84.99,202203,2,62500,11,1992
강북구,미아동,에스케이북한산시티,59.98,202203,7,68300,4,2004
강북구,번동,번동솔그린,59.82,202203,9,59800,16,1999
강북구,미아동,에스케이북한산시티,84.71,202203,31,76000,3,2004
강북구,미아동,에스케이북한산시티,84.76,202204,5,80000,5,2004
강북구,수유동,우암센스뷰,84.83,202204,8,55000,4,2005
강북구,미아동,삼성래미안트리베라2단지,84.29,202204,22,118000,8,2010
강북구,우이동,대우,59.94,202204,26,62900,4,2000
강북구,번동,주공1단지,49.94,202204,30,72000,8,1991
강북구,번동,번동솔그린,84.6,202205,2,74000,19,1999
강북구,번동,번동솔그린,84.6,202205,7,64000,6,1999
강북구,미아동,에스케이북한산시티,59.98,202205,11,67000,24,2004
강북구,미아동,경남아너스빌(1356-0),84.873,202205,14,85000,8,2003
강북구,미아동,푸르지오시티,18.6479,202205,16,13800,18,2014
강북구,미아동,두산위브트레지움,59.82,202205,19,83000,21,2011
강북구,미아동,에스케이북한산시티,84.71,202205,24,76000,10,2004
강북구,미아동,삼성래미안트리베라2단지,113.89,202205,26,90000,24,2010
강북구,수유동,수유벽산1차,122.58,202205,28,88000,6,1993
강북구,우이동,북한산굿모닝,77.71,202206,1,42700,5,2003
강북구,미아동,에스케이북한산시티,84.86,202206,2,83000,20,2004
강북구,수유동,수유벽산1차,122.58,202206,13,89500,11,1993
강북구,미아동,꿈의숲해링턴플레이스,84.36,202206,18,100000,5,2019
강북구,미아동,삼성래미안트리베라2단지,59.33,202206,22,82000,5,2010
강북구,수유동,극동,84.99,202206,28,55000,7,1992
강북구,미아동,벽산라이브파크,60,202207,7,64000,12,2004
강북구,수유동,수유역하이씨티,12.33,202207,15,10500,5,2014
강북구,수유동,수유역하이씨티,12.19,202207,18,10700,5,2014
강북구,번동,현대(148-494),59.97,202207,21,51000,13,1997
강북구,미아동,에스케이북한산시티,59.98,202207,24,63000,25,2004
강북구,미아동,에스케이북한산시티,84.76,202207,26,71000,17,2004
강북구,수유동,수유프리미어엠,18.28,202207,31,11000,3,2016
강북구,미아동,푸르지오시티,18.6479,202208,4,13200,9,2014
강북구,미아동,푸르지오시티,18.6479,202208,4,13300,7,2014
강북구,수유동,칸타빌수유팰리스,20.665,202208,6,20800,3,2022
강북구,번동,번동솔그린,84.6,202208,8,66000,8,1999
강북구,미아동,에스케이북한산시티,59.98,202208,18,62000,15,2004
강북구,미아동,푸르지오시티,18.6479,202208,19,13400,5,2014
강북구,수유동,삼성타운,84.97,202208,26,45500,2,2008
강북구,미아동,삼성래미안트리베라2단지,58.99,202208,29,72000,4,2010
강북구,수유동,래미안수유,59.88,202209,1,50000,15,2001
강북구,미아동,미아1차래미안,59.9,202209,16,68000,7,2006
강북구,미아동,꿈의숲롯데캐슬,104.53,202209,20,117000,11,2017
강북구,수유동,경남아너스빌,84.59,202209,26,67500,10,2005
강북구,미아동,삼각산아이원,84.705,202210,18,70000,5,2003
강북구,수유동,극동,84.99,202210,19,56000,5,1992
강북구,수유동,태솔에버빌,60.7,202211,4,25000,1,2008
강북구,번동,주공4단지,84.79,202211,24,60000,1,1991
강북구,미아동,에스케이북한산시티,59.98,202212,3,53800,16,2004
강북구,미아동,삼각산아이원,84.705,202212,6,62700,5,2003
강북구,미아동,에스케이북한산시티,59.98,202212,14,56000,11,2004
강북구,미아동,에스케이북한산시티,59.98,202212,15,57000,20,2004
강북구,미아동,벽산라이브파크,60,202212,17,50000,10,2004
강북구,수유동,칸타빌수유팰리스,19.9815,202212,21,21200,2,2022
강북구,수유동,칸타빌수유팰리스,19.9815,202212,21,21800,2,2022
강북구,수유동,칸타빌수유팰리스,24.335,202212,21,26250,2,2022
강북구,수유동,칸타빌수유팰리스,19.9815,202212,21,21800,2,2022
강북구,수유동,칸타빌수유팰리스,20.774,202212,21,22100,2,2022
강북구,수유동,칸타빌수유팰리스,24.335,202212,21,25600,2,2022
강북구,수유동,칸타빌수유팰리스,19.9815,202212,21,22100,3,2022
강북구,수유동,칸타빌수유팰리스,19.9815,202212,21,21550,3,2022
강북구,수유동,칸타빌수유팰리스,19.9815,202212,21,21800,2,2022
강북구,수유동,칸타빌수유팰리스,20.774,202212,21,22100,2,2022
강북구,수유동,칸타빌수유팰리스,19.9815,202212,21,22100,3,2022
강북구,수유동,칸타빌수유팰리스,19.9815,202212,21,21200,2,2022
강북구,수유동,칸타빌수유팰리스,19.9815,202212,21,21550,3,2022
강북구,수유동,칸타빌수유팰리스,20.774,202212,21,22400,3,2022
강북구,미아동,꿈의숲해링턴플레이스,84.67,202212,24,81000,8,2019
강서구,화곡동,한양아이클래스,13.79,202201,6,8000,8,2013
강서구,마곡동,마곡13단지힐스테이트마스터,84.9881,202201,6,156000,12,2017
강서구,화곡동,동훈타마르(921-18),59.79,202201,7,39000,13,2011
강서구,화곡동,제이월드,60.6683,202201,8,39000,1,2001
강서구,염창동,노블레스2(267-4),83.29,202201,15,65500,7,2007
강서구,방화동,마곡노블리안,68.4838,202201,17,73000,7,2021
강서구,방화동,마곡노블리안,68.8475,202201,17,71900,6,2021
강서구,방화동,마곡노블리안,69.2556,202201,17,70100,3,2021
강서구,방화동,마곡노블리안,64.6995,202201,17,70400,7,2021
강서구,방화동,마곡노블리안,68.8475,202201,17,71900,7,2021
강서구,방화동,마곡노블리안,64.6995,202201,17,67650,3,2021
강서구,방화동,마곡노블리안,68.8475,202201,17,68600,2,2021
강서구,방화동,마곡노블리안,69.2556,202201,17,69400,2,2021
강서구,방화동,마곡노블리안,64.6995,202201,17,70400,5,2021
강서구,방화동,마곡노블리안,68.1975,202201,17,67600,1,2021
강서구,방화동,마곡노블리안,64.6995,202201,17,66250,1,2021
강서구,방화동,마곡노블리안,68.4838,202201,17,73000,6,2021
강서구,방화동,마곡노블리안,69.2556,202201,17,73000,5,2021
강서구,방화동,마곡노블리안,68.1975,202201,17,71600,7,2021
강서구,방화동,마곡노블리안,68.8475,202201,17,69350,3,2021
강서구,방화동,마곡노블리안,68.8475,202201,17,71900,5,2021
강서구,방화동,마곡노블리안,68.4838,202201,17,71200,4,2021
강서구,방화동,마곡노블리안,64.6995,202201,17,68650,4,2021
강서구,방화동,마곡노블리안,64.6995,202201,17,66950,2,2021
강서구,화곡동,길성그랑프리텔,83.03,202201,18,57000,9,2005
강서구,화곡동,우장산롯데캐슬,134.99,202201,20,154700,4,2003
강서구,화곡동,강서동도센트리움,14.677,202201,20,9500,6,2012
강서구,화곡동,남광아파트,43.85,202201,22,30000,6,2017
강서구,화곡동,승윤노블리안,78.46,202201,26,49500,12,2012
강서구,화곡동,태영방송인,114.81,202201,27,58000,2,2000
강서구,마곡동,마곡힐스테이트,84.98,202201,27,150000,6,2017
강서구,화곡동,SPACE(920-5),19.75,202202,5,15000,15,2014
강서구,화곡동,SPACE(920-5),19.75,202202,7,14700,15,2014
강서구,화곡동,위하우스아파트,30.18,202202,8,30000,7,2016
강서구,화곡동,대호스카이빌,68.68,202202,8,24500,5,2001
강서구,화곡동,스위트드림아파트,50.38,202202,10,46500,2,2019
강서구,화곡동,루체비스타,29.47,202202,11,23000,5,2017
강서구,화곡동,동훈타마르(921-18),58.55,202202,11,32000,9,2011
강서구,등촌동,지엠벨리,25.61,202202,14,38500,15,2019
강서구,화곡동,세교예지안2차,18.83,202202,15,13000,7,2013
강서구,화곡동,프라임하우스(342-44),48.21,202202,18,25500,6,2012
강서구,염창동,태진한솔,58.87,202202,19,71000,1,1994
강서구,화곡동,벨라팰리스,24.93,202202,21,23000,8,2015
강서구,화곡동,화곡푸르지오,84.914,202202,21,109500,7,2002
강서구,화곡동,"우장산아이파크,이편한세상",114.98,202202,23,148000,2,2008
강서구,내발산동,강성레스빌,84.762,202202,26,69800,4,2005
강서구,화곡동,강서동도센트리움,14.677,202202,28,9600,6,2012
강서구,등촌동,두보아파트,59.49,202202,28,47000,6,1991
강서구,염창동,동아,59.97,202203,1,82000,12,1998
강서구,방화동,방화메이빌,44.8323,202203,5,47500,6,2017
강서구,화곡동,산내들,27.77,202203,5,19400,7,2012
강서구,염창동,동아,59.97,202203,5,86000,14,1998
강서구,화곡동,한울에이치밸리움B동,22.81,202203,7,27600,4,2019
강서구,화곡동,우장산롯데캐슬,85,202203,7,126000,8,2003
강서구,내발산동,청솔숲속마을102동,61.68,202203,7,74000,9,2007
강서구,화곡동,강서힐스테이트,152.1,202203,16,175000,12,2015
강서구,방화동,청성(877-0),67.876,202203,17,58000,12,2004
강서구,방화동,대림e-편한세상,67.68,202203,22,74000,2,2003
강서구,등촌동,보람,107.22,202203,25,64000,1,1999
강서구,내발산동,우장산태승훼미리,76.87,202203,25,56000,3,2002
강서구,염창동,삼정그린코아,84.358,202203,26,118000,11,2001
강서구,방화동,방화5,33.18,202203,26,56000,4,1994
강서구,방화동,방화그린,39.76,202203,26,62300,6,1993
강서구,방화동,청솔,59.04,202203,29,73000,6,1994
강서구,화곡동,강서동도센트리움,14.677,202203,29,9999,3,2012
강서구,내발산동,우장산힐스테이트,84.98,202203,29,138000,21,2005
강서구,염창동,동아3,59.83,202203,29,105000,19,1999
강서구,화곡동,프라임주택,49.75,202203,30,34800,7,2016
강서구,등촌동,주공5,58.14,202203,30,85000,12,1995
강서구,등촌동,"등촌7,8단지주공아파트",41.85,202204,1,66500,4,1994
강서구,방화동,방화그린,33.6,202204,2,56500,12,1993
강서구,내발산동,그린씨티,84.577,202204,2,66000,3,2004
강서구,가양동,가양2단지(성지),49.56,202204,6,90000,11,1992
강서구,방화동,동부강서센트레빌3차(893-0),84.4,202204,6,98000,6,2009
강서구,방화동,방화4단지,134.61,202204,8,100000,1,1994
강서구,방화동,방화5,39.6,202204,9,65000,7,1994
강서구,화곡동,한양아이클래스,13.79,202204,14,8500,11,2013
강서구,염창동,동아3,59.7,202204,18,85500,6,1999
강서구,화곡동,로얄홈타운(102동),40.06,202204,18,30000,8,2012
강서구,화곡동,경동엠파이어스테이트,14.315,202204,18,10500,7,2012
강서구,마곡동,벽산,59.98,202204,18,79000,13,1999
강서구,가양동,가양6단지,58.65,202204,20,97200,7,1992
강서구,등촌동,"등촌7,8단지주공아파트",41.85,202204,21,66000,12,1994
강서구,화곡동,꿈동산(355-22),59.32,202204,22,26000,6,2001
강서구,방화동,개화,133.98,202204,22,120000,6,1994
강서구,화곡동,일성스카이빌,76.32,202204,23,48500,6,2001
강서구,등촌동,등촌퀸즈포디엄삼익,32.37,202204,23,32800,2,2020
강서구,방화동,AirPalace(619-7),14.5,202204,26,10300,5,2013
강서구,방화동,방화5,39.6,202204,27,59990,12,1994
강서구,화곡동,일성스카이빌,59.96,202204,28,35900,8,2001
강서구,화곡동,세림,21.64,202204,29,20050,9,2015
강서구,방화동,동성,64.65,202204,30,75500,13,1993
강서구,등촌동,한사랑2삼성,84.96,202205,3,94400,4,1999
강서구,가양동,가양2단지(성지),34.44,202205,5,63000,8,1992
강서구,화곡동,강서동도센트리움,14.677,202205,6,9900,5,2012
강서구,화곡동,"우장산아이파크,이편한세상",84.97,202205,6,125000,6,2008
강서구,방화동,한미(286-1),40.02,202205,7,53700,2,1988
강서구,방화동,현대,84.99,202205,9,98000,7,1993
강서구,등촌동,코오롱하늘채,59.95,202205,10,72000,2,2003
강서구,화곡동,유림노르웨이숲(919-1),76.23,202205,13,67000,11,2004
강서구,방화동,방화5,33.18,202205,14,58000,8,1994
강서구,화곡동,한양아이클래스,13.79,202205,16,8500,12,2013
강서구,방화동,치현마을동일스위트리버,84.9588,202205,16,80000,12,2004
강서구,등촌동,등촌파밀리에더클래식101동,48.39,202205,17,68000,2,2020
강서구,화곡동,성재센트리움아파트,23.54,202205,17,22500,9,2016
강서구,방화동,마곡중앙하이츠아파트,39.58,202205,17,59300,12,1994
강서구,화곡동,"우장산아이파크,이편한세상",59.98,202205,23,107900,2,2008
강서구,가양동,보광드림타운,84.22,202205,24,58000,1,2003
강서구,화곡동,우성(343-75),89.85,202205,25,60000,2,2000
강서구,마곡동,신안,59.98,202205,27,67000,8,1993
강서구,내발산동,롯데1차,55.363,202205,28,69800,13,2002
강서구,방화동,AirPalace(619-7),14.5,202205,30,11200,4,2013
강서구,내발산동,마곡수명산파크7단지,84.82,202205,31,99000,11,2008
강서구,화곡동,루체비스타,24.67,202205,31,22000,9,2017
강서구,화곡동,푸른숲2차(474-18),72.323,202205,31,44850,7,2007
강서구,화곡동,강서힐스테이트,84.99,202206,2,140000,5,2015
강서구,화곡동,보람,84.98,202206,6,66000,5,2004
강서구,화곡동,세림,21.64,202206,8,19000,13,2015
강서구,등촌동,"등촌7,8단지주공아파트",41.85,202206,10,67000,8,1994
강서구,방화동,대림e-편한세상,67.68,202206,22,74500,4,2003
강서구,화곡동,스위트드림아파트,49.36,202206,25,45000,5,2019
강서구,화곡동,오케이B,41.41,202206,25,12300,1,2002
강서구,화곡동,유림노르웨이숲(919-1),76.23,202206,29,67000,11,2004
강서구,화곡동,푸른숲,59.97,202206,29,54000,6,2007
강서구,방화동,마곡우촌아파트,59.31,202207,4,45000,3,2022
강서구,등촌동,월드메르디앙,59.79,202207,4,77000,9,2002
강서구,방화동,마곡우촌아파트,59.31,202207,8,45000,5,2022
강서구,방화동,마곡우촌아파트,59.31,202207,8,45000,4,2022
강서구,방화동,마곡우촌아파트,59.31,202207,8,45000,6,2022
강서구,화곡동,강서힐스테이트,128.81,202207,12,163000,12,2015
강서구,화곡동,성재센트리움,28.39,202207,13,22800,10,2016
강서구,화곡동,우장산롯데캐슬,177.86,202207,19,161000,14,2003
강서구,화곡동,계명아파트다동,78.26,202207,31,48000,5,2002
강서구,가양동,강변,39.6,202208,5,64000,13,1992
강서구,방화동,AirPalace(619-7),14.1,202208,5,9400,6,2013
강서구,화곡동,한양아이클래스,13.79,202208,8,8500,6,2013
강서구,등촌동,주공3,58.14,202208,8,78500,6,1995
강서구,화곡동,꿈동산(355-22),59.32,202208,8,26000,6,2001
강서구,등촌동,심미에셈빌,83.32,202208,9,60800,4,2003
강서구,화곡동,강서동도센트리움,14.677,202208,11,10500,5,2012
강서구,마곡동,마곡13단지힐스테이트마스터,59.9825,202208,11,98000,15,2017
강서구,가양동,강변,34.44,202208,15,52000,3,1992
강서구,화곡동,한양아이클래스,13.79,202208,16,8500,9,2013
강서구,화곡동,강서동도센트리움,14.677,202208,16,10500,5,2012
강서구,염창동,지오빌,84.95,202208,22,56500,2,2006
강서구,염창동,동아,84.95,202208,29,95000,7,1998
강서구,화곡동,남광아파트(1131-11),64.18,202208,31,29500,6,2003
강서구,내발산동,우장산힐스테이트,59.98,202209,3,105000,9,2005
강서구,방화동,신안네트빌1단지,84.0164,202209,4,66000,8,2002
강서구,화곡동,신원1차(24-124),66.18,202209,5,27800,4,2001
강서구,내발산동,마곡수명산파크7단지,84.82,202209,7,70000,9,2008
강서구,화곡동,서부인터빌아파트,83.4225,202209,8,62500,9,2002
강서구,화곡동,임탑-A,48.79,202209,17,29700,8,2009
강서구,화곡동,강서크라운팰리스,20.11,202209,21,25500,14,2019
강서구,가양동,강변,49.5,202209,29,80000,10,1992
강서구,화곡동,풍원팰리스,43.8,202210,5,32000,8,2012
강서구,방화동,경동팰리스힐,12.22,202210,14,9200,6,2014
강서구,마곡동,한솔솔파크,84.87,202210,16,107300,3,2005
강서구,내발산동,신세계(697-5),84.7,202210,16,56500,4,2001
강서구,마곡동,마곡힐스테이트,84.92,202210,18,132000,6,2017
강서구,가양동,한보구암마을,84.39,202210,22,85000,3,1999
강서구,화곡동,강서힐스테이트,59.99,202210,23,82000,5,2015
강서구,화곡동,우장산롯데캐슬,85,202210,26,105000,18,2003
강서구,화곡동,세림,21.64,202211,1,19500,9,2015
강서구,가양동,동신대아,134.88,202211,1,138000,11,1993
강서구,염창동,동아,84.95,202211,2,95000,7,1998
강서구,등촌동,주공3,58.14,202211,8,59700,10,1995
강서구,등촌동,등촌동아이파크,84.7556,202211,13,82000,14,2004
강서구,화곡동,강동,58.86,202211,14,23000,2,2002
강서구,방화동,신세계아파트,64.46,202211,14,49000,4,2018
강서구,등촌동,코오롱오투빌2,59.95,202211,23,67000,5,2002
강서구,마곡동,마곡13단지힐스테이트마스터,84.9805,202212,2,115000,10,2017
강서구,화곡동,강서힐스테이트,84.99,202212,10,116000,9,2015
강서구,마곡동,마곡13단지힐스테이트마스터,84.9805,202212,12,113000,11,2017
강서구,마곡동,마곡힐스테이트,84.98,202212,13,116000,6,2017
강서구,등촌동,한사랑2삼성,59.73,202212,13,67000,14,1999
강서구,화곡동,혜성오피아파트,29.44,202212,16,25500,8,2018
강서구,마곡동,신안,84.97,202212,18,90000,4,1993
강서구,방화동,한미(286-1),40.02,202212,22,43000,3,1988
강서구,화곡동,강서힐스테이트,128.81,202212,22,136500,19,2015
강서구,방화동,삼성꽃마을,59.99,202212,23,49000,12,1997
강서구,화곡동,"우장산아이파크,이편한세상",59.98,202212,23,78000,1,2008
강서구,마곡동,마곡13단지힐스테이트마스터,84.9805,202212,27,114800,12,2017
강서구,가양동,가양강나루현대,59.76,202212,27,69800,8,1999
강서구,마곡동,마곡13단지힐스테이트마스터,84.9881,202212,28,110000,8,2017
강서구,화곡동,"우장산아이파크,이편한세상",84.97,202212,29,85000,20,2008
강서구,염창동,이너스내안에,53.79,202212,29,50000,8,2004
강서구,염창동,한강동아,114.78,202212,30,115000,17,1998
관악구,신림동,태흥,59.86,202201,3,58500,12,1995
관악구,봉천동,낙성대현대홈타운,84.923,202201,9,119200,15,2002
관악구,신림동,관악산휴먼시아1단지,59.99,202201,10,70500,12,2008
관악구,신림동,국제산장,84.15,202201,10,60000,15,1993
관악구,신림동,신림푸르지오,84.87,202201,11,102000,4,2005
관악구,신림동,건영1,60.27,202201,12,75000,10,1984
관악구,남현동,예성2차그린캐슬,84.17,202201,12,97500,5,2004
관악구,신림동,우정하이비전,84.58,202201,13,83000,17,2004
관악구,신림동,신림2차푸르지오,84.8098,202201,14,88000,13,2007
관악구,봉천동,관악캠퍼스타워,35.76,202201,15,22900,14,1998
관악구,신림동,프라비다트라움,14.05,202201,18,15000,5,2013
관악구,남현동,흥화브라운빌,84.95,202201,19,80000,11,2003
관악구,신림동,태영,49.92,202201,22,50000,20,1997
관악구,봉천동,관악푸르지오,59.58,202201,25,93250,13,2004
관악구,신림동,보라매해담채,12.89,202201,26,12500,10,2012
관악구,남현동,예촌그린,97.24,202201,27,62500,1,2004
관악구,봉천동,에메랄드103동,60.54,202201,28,63000,2,2012
관악구,신림동,G밸리마인드,14.96,202202,3,21050,15,2021
관악구,봉천동,관악푸르지오,59.58,202202,4,90500,7,2004
관악구,봉천동,신양,39.56,202202,8,21000,5,2004
관악구,남현동,우림루미아트,84.51,202202,9,99800,3,2004
관악구,봉천동,관악드림(삼성),84.96,202202,11,107500,19,2003
관악구,신림동,신림푸르지오,84.79,202202,14,65500,6,2005
관악구,신림동,우방,59.74,202202,15,63500,2,1999
관악구,봉천동,낙성대현대홈타운,114.919,202202,17,130000,20,2002
관악구,신림동,라이프,59.04,202202,19,58200,4,1996
관악구,봉천동,반석블레스빌,66.01,202202,24,49000,5,2001
관악구,신림동,우민조원,73.36,202202,27,74500,2,2003
관악구,신림동,신림스카이아파트,56.45,202202,28,59900,8,2021
관악구,신림동,코스모그린,12.21,202203,2,10600,11,2012
관악구,신림동,신림현대,105.36,202203,3,103000,11,1993
관악구,신림동,웰피아,60.05,202203,5,59000,6,2004
관악구,신림동,두영,84.87,202203,5,74000,7,2002
관악구,신림동,관악산휴먼시아2단지,59.99,202203,9,71000,16,2008
관악구,신림동,그대家,84.77,202203,17,74500,10,2003
관악구,봉천동,마에스트로캠퍼스타운,13.15,202203,17,13500,14,2012
관악구,신림동,관악산휴먼시아1단지,59.96,202203,19,68000,4,2008
관악구,봉천동,제창그로힐,81.892,202203,21,73500,4,2005
관악구,봉천동,프라비다M,30.12,202203,24,30000,3,2014
관악구,봉천동,프라비다2,20.45,202203,25,19000,7,2013
관악구,봉천동,관악위버폴리스,107.08,202203,31,112000,11,2010
관악구,봉천동,봉천우성,84.96,202204,2,101500,16,2000
관악구,신림동,신림스카이아파트,56.45,202204,2,59900,4,2021
관악구,봉천동,건영6,59.9,202204,2,82700,3,1999
관악구,봉천동,보라매삼성,84.84,202204,5,98500,15,1996
관악구,신림동,보라매해담채,13.23,202204,9,12900,7,2012
관악구,신림동,보라매해담채,13.23,202204,11,13200,3,2012
관악구,남현동,하이파크,75.03,202204,13,86000,3,2011
관악구,봉천동,서희스타힐스,59.92,202204,16,77500,3,2015
관악구,남현동,하이파크,84.93,202204,18,96400,4,2011
관악구,신림동,신림푸르지오,84.79,202204,20,109700,7,2005
관악구,신림동,아데나,18,202204,20,11500,4,2010
관악구,신림동,앰팰리스아파트,73.133,202204,22,74500,3,2020
관악구,봉천동,관악드림(동아),60,202204,23,92500,21,2003
관악구,봉천동,관악드림(동아),84.96,202204,23,103000,21,2003
관악구,남현동,다청림라인씨티,41.93,202204,28,56000,6,2016
관악구,신림동,삼성산주공(주공3단지),58.55,202204,28,60000,20,2000
관악구,봉천동,현대(관악),58.59,202204,29,78000,2,1992
관악구,봉천동,관악푸르지오,84.75,202204,29,85000,9,2004
관악구,신림동,동부,60.38,202205,4,78000,5,1993
관악구,신림동,신림스카이아파트,56.46,202205,4,59900,2,2021
관악구,신림동,신림스카이아파트,38.34,202205,4,45000,3,2021
관악구,신림동,신림스카이아파트,53.51,202205,8,56000,12,2021
관악구,봉천동,벽산타운II,79.28,202205,10,86500,9,2003
관악구,봉천동,프라비다1,13.97,202205,11,14000,14,2012
관악구,봉천동,벽산블루밍,59.99,202205,12,77000,21,2005
관악구,신림동,LIG대학마을(건영아파트3차),84.82,202205,13,87000,11,1996
관악구,봉천동,벽산블루밍,84.99,202205,13,98750,15,2005
관악구,신림동,G밸리마인드,20.06,202205,14,21000,11,2021
관악구,봉천동,반석푸른숲,84.12,202205,14,97000,11,2006
관악구,봉천동,동아타운,32.76,202205,17,37300,7,1999
관악구,남현동,삼원하이츠11차,75.25,202205,17,58800,3,2010
관악구,신림동,프라비다트라움,14.06,202205,19,12500,5,2013
관악구,봉천동,반석푸른숲,84.12,202205,21,89000,3,2006
관악구,남현동,다청림라인씨티,33.41,202205,22,50000,5,2016
관악구,신림동,초원,59.93,202205,23,49300,12,1999
관악구,신림동,관악산휴먼시아2단지,114.7,202205,23,98000,12,2008
관악구,봉천동,벽산블루밍,59.99,202205,24,76500,22,2005
관악구,신림동,아데나,18,202205,25,12000,7,2010
관악구,봉천동,코스모블루,14.25,202205,30,12000,6,2012
관악구,봉천동,봉천우성,84.96,202205,30,97500,11,2000
관악구,신림동,관악산휴먼시아2단지,114.7,202205,31,85000,2,2008
관악구,봉천동,마에스트로캠퍼스타운,13.15,202206,1,13900,15,2012
관악구,봉천동,마에스트로캠퍼스타운,14.49,202206,2,12700,6,2012
관악구,신림동,신림큐브,12.96,202206,2,16000,8,2015
관악구,신림동,G밸리마인드,14.96,202206,7,19500,13,2021
관악구,봉천동,마에스트로캠퍼스타운,13.15,202206,8,13200,8,2012
관악구,신림동,G밸리마인드,14.96,202206,10,21000,14,2021
관악구,봉천동,은천2단지아파트,59.93,202206,14,70000,3,2000
관악구,봉천동,관악드림(삼성),84.96,202206,16,105000,18,2003
관악구,봉천동,관악청광플러스원,82.04,202206,21,83000,5,2009
관악구,신림동,청암두산위브센티움,98.31,202206,25,90500,12,2005
관악구,신림동,윤정,59.82,202206,27,30000,6,1993
관악구,신림동,래디앙아파트,67.88,202206,29,62000,2,2016
관악구,봉천동,프라비다M,30.12,202206,30,30900,14,2014
관악구,신림동,관악,56.39,202207,16,49000,2,1983
관악구,남현동,우림루미아트,84.51,202207,16,97000,1,2004
관악구,신림동,관악산휴먼시아2단지,84.97,202208,1,81000,5,2008
관악구,신림동,지붕위애,19.58,202208,16,13900,10,2012
관악구,신림동,호등자이젠아파트(1665-9),104.07,202208,20,59000,5,2004
관악구,봉천동,은천2단지아파트,49.95,202208,21,60000,6,2000
관악구,신림동,아데나,17.94,202208,24,12300,8,2010
관악구,봉천동,서울대입구삼성,59.78,202208,27,75000,13,1999
관악구,봉천동,낙성대현대(296),84.97,202208,30,75000,3,1998
관악구,봉천동,봉천우성,114.78,202209,15,100000,8,2000
관악구,봉천동,두산,114.99,202209,17,107800,9,2000
관악구,봉천동,두산,114.99,202209,18,99000,23,2000
관악구,신림동,G밸리마인드,14.96,202209,21,20500,10,2021
관악구,봉천동,프라비다2,20.45,202210,8,17300,5,2013
관악구,봉천동,에메랄드104동,83.44,202210,13,69500,6,2012
관악구,봉천동,프라비다2,16.35,202210,25,14000,13,2013
관악구,봉천동,코스모블루,14.25,202210,28,12500,6,2012
관악구,봉천동,에메랄드104동,83.44,202211,7,47000,5,2012
관악구,남현동,흥화브라운빌,59.88,202211,15,67000,12,2003
관악구,봉천동,코스모블루,13.09,202211,20,12000,5,2012
관악구,봉천동,e편한세상서울대입구1단지,84.92,202212,7,108500,11,2019
관악구,봉천동,관악푸르지오,59.58,202212,26,61000,4,2004
광진구,구의동,구의현대2단지,84.88,202201,8,152200,27,1996
광진구,자양동,자양호반써밋,40.183,202201,11,60000,14,2021
광진구,자양동,광진하우스토리한강,141.54,202201,17,215000,16,2008
광진구,광장동,현대3,59.67,202201,20,127000,6,1990
광진구,자양동,한강우성,84.72,202201,21,151000,20,1993
광진구,화양동,아스하임(111-102),14.11,202201,22,19500,17,2018
광진구,광장동,현대3,59.67,202201,24,66000,8,1990
광진구,구의동,새한,84.91,202201,29,93000,3,2000
광진구,자양동,광진하우스토리한강,141.54,202202,16,162855,13,2008
광진구,구의동,현대프라임,59.82,202202,21,117000,4,1997
광진구,자양동,자양현대6,59.98,202202,23,108300,15,1999
광진구,자양동,대동,59.54,202202,27,106000,9,1999
광진구,구의동,구의현대2단지,84.91,202203,5,159500,6,1996
광진구,구의동,현대프라임,126.66,202203,7,201000,4,1997
광진구,광장동,광장현대9단지,59.97,202203,19,125500,20,1999
광진구,자양동,로얄동아,84.83,202203,23,152500,5,1999
광진구,구의동,현대프라임,59.82,202203,27,125000,20,1997
광진구,화양동,화양현대,59.99,202203,31,92000,13,1999
광진구,중곡동,진흥아르미,84.96,202204,2,61000,6,2005
광진구,구의동,현대프라임,59.82,202204,2,115000,5,1997
광진구,자양동,로얄동아,59.91,202204,10,101800,9,1999
광진구,화양동,광진코지웰,15.63,202204,12,15000,9,2014
광진구,자양동,자양동명진센트라임,32.2,202204,13,39250,12,2017
광진구,군자동,일성파크,59.96,202204,15,74000,13,1996
광진구,자양동,더샵스타시티,163.53,202204,22,172300,34,2007
광진구,자양동,우성2,51.57,202204,23,103750,12,1989
광진구,군자동,일성파크,84.96,202204,29,92500,17,1996
광진구,광장동,현대5,84.53,202204,30,175000,11,1989
광진구,광장동,광장현대9단지,59.97,202204,30,125000,17,1999
광진구,화양동,씨즈건대힐스,14.23,202205,3,15850,6,2017
광진구,구의동,현대프라임,59.82,202205,7,115000,28,1997
광진구,자양동,유림,80.36,202205,7,59000,1,2004
광진구,구의동,현대프라임,59.82,202205,10,115000,17,1997
광진구,화양동,캠퍼스프라자,72.69,202205,13,49000,6,1999
광진구,자양동,자양7차현대홈타운,109.91,202205,16,115000,15,2001
광진구,자양동,래미안프리미어팰리스,84.92,202205,16,165000,27,2017
광진구,자양동,자양7차현대홈타운,109.91,202205,16,115000,15,2001
광진구,자양동,자양동현대,84.55,202205,16,127000,8,1993
광진구,자양동,자양강변I-Park,84.95,202205,18,195000,11,2006
광진구,자양동,한양,137.45,202205,21,210000,6,1983
광진구,광장동,광장현대9단지,84.96,202205,21,157000,11,1999
광진구,구의동,현대프라임,59.82,202205,21,115500,5,1997
광진구,광장동,극동1,84.55,202205,28,184000,10,1985
광진구,군자동,일성파크,59.96,202205,28,82500,19,1996
광진구,광장동,현대리버빌,223.92,202205,31,297000,8,1997
광진구,군자동,광진We’vePark,131.96,202206,11,134500,10,2008
광진구,자양동,이튼타워리버5차,159.89,202206,11,305000,21,2009
광진구,자양동,더샵스타시티,119.41,202207,8,183000,16,2007
광진구,자양동,우성1,51.57,202208,9,70000,8,1988
광진구,자양동,테라팰리스건대2차,52.66,202208,28,82000,5,2018
광진구,자양동,더샵스타시티,163.53,202208,30,255000,15,2007
광진구,자양동,광진하나플러스,84.64,202208,30,90000,1,2005
광진구,중곡동,주성AURA,67.76,202208,30,62700,5,2009
광진구,화양동,화양타워,105.04,202209,14,74000,11,1999
광진구,화양동,광진코지웰,13.83,202209,23,15000,9,2014
광진구,자양동,청정(A),69.09,202210,17,80000,7,2003
광진구,자양동,우성3,72.34,202210,19,130000,1,1989
광진구,화양동,광진코지웰,14.73,202210,27,13000,8,2014
광진구,군자동,에피소드1,17.81,202211,10,16000,8,2014
광진구,화양동,씨즈건대힐스,14.23,202211,25,15000,7,2017
광진구,자양동,자양8차현대홈타운,108.43,202212,9,135000,19,2002
광진구,화양동,씨즈건대힐스,14.23,202212,22,17000,4,2017
광진구,자양동,더샵스타시티,100.32,202212,22,145000,43,2007
광진구,화양동,더메종건대,17.78,202212,23,25850,12,2022
광진구,화양동,더메종건대,16.21,202212,23,22950,9,2022
광진구,화양동,더메종건대,17.78,202212,23,25650,9,2022
광진구,화양동,더메종건대,14.63,202212,23,18700,6,2022
광진구,화양동,더메종건대,17.78,202212,23,22750,5,2022
광진구,화양동,더메종건대,16.21,202212,23,20450,6,2022
광진구,화양동,더메종건대,18.19,202212,23,26500,10,2022
광진구,화양동,더메종건대,14.63,202212,23,18750,7,2022
광진구,화양동,더메종건대,18.19,202212,23,26350,8,2022
광진구,화양동,더메종건대,17.78,202212,23,22900,6,2022
광진구,화양동,더메종건대,16.21,202212,23,20300,5,2022
광진구,화양동,더메종건대,18.19,202212,23,23700,7,2022
광진구,화양동,더메종건대,17.78,202212,23,22750,5,2022
광진구,화양동,더메종건대,17.78,202212,23,22600,4,2022
광진구,화양동,더메종건대,14.63,202212,23,20850,10,2022
광진구,화양동,더메종건대,14.63,202212,23,21000,9,2022
광진구,자양동,더샵스타시티,139.6,202212,26,181717,44,2007
구로구,구로동,한신휴플러스(1280-0),50.03,202201,3,67000,10,2007
구로구,구로동,한신휴플러스(1280-0),50.03,202201,3,67000,10,2007
구로구,구로동,종인아네스트,16.04,202201,5,11000,16,2012
구로구,구로동,종인아네스트,16.04,202201,5,10950,18,2012
구로구,개봉동,한마을,59.57,202201,10,79000,10,1999
구로구,구로동,대림역포스큐,14.579,202201,10,12000,18,2015
구로구,구로동,세명,30.76,202201,11,24800,3,2000
구로구,궁동,궁동에스하임,48.31,202201,13,37000,4,2021
구로구,궁동,궁동에스하임,56.78,202201,13,43250,5,2021
구로구,궁동,궁동에스하임,52.25,202201,13,39450,3,2021
구로구,궁동,궁동에스하임,57.37,202201,13,43750,5,2021
구로구,궁동,궁동에스하임,59.44,202201,13,44600,6,2021
구로구,궁동,궁동에스하임,59.95,202201,13,45500,5,2021
구로구,궁동,궁동에스하임,57.07,202201,13,43550,4,2021
구로구,궁동,궁동에스하임,51.69,202201,13,39050,6,2021
구로구,궁동,궁동에스하임,52.25,202201,13,39450,4,2021
구로구,궁동,궁동에스하임,59.44,202201,13,44600,3,2021
구로구,궁동,궁동에스하임,56.66,202201,13,43150,8,2021
구로구,궁동,궁동에스하임,59.95,202201,13,45000,2,2021
구로구,궁동,궁동에스하임,55.91,202201,13,42400,6,2021
구로구,궁동,궁동에스하임,57.54,202201,13,43850,7,2021
구로구,궁동,궁동에스하임,57.37,202201,13,43500,3,2021
구로구,궁동,궁동에스하임,57.07,202201,13,43550,6,2021
구로구,궁동,궁동에스하임,57.59,202201,13,43950,4,2021
구로구,궁동,궁동에스하임,55.91,202201,13,42150,3,2021
구로구,궁동,궁동에스하임,53.98,202201,13,40350,2,2021
구로구,궁동,궁동에스하임,56.78,202201,13,43050,3,2021
구로구,궁동,궁동에스하임,52.82,202201,13,39850,8,2021
구로구,궁동,궁동에스하임,53.07,202201,13,40650,5,2021
구로구,궁동,궁동에스하임,59.95,202201,13,45500,4,2021
구로구,궁동,궁동에스하임,57.14,202201,13,42450,2,2021
구로구,궁동,궁동에스하임,55.91,202201,13,41100,2,2021
구로구,궁동,궁동에스하임,59.75,202201,13,44400,7,2021
구로구,고척동,삼환로즈빌,59.998,202201,15,83000,15,2004
구로구,오류동,오류동금호어울림,59.98,202201,15,64500,8,2006
구로구,구로동,중앙하이츠(1269),59.73,202201,16,79000,11,2001
구로구,구로동,M센트럴뷰,53.03,202201,16,49700,2,2020
구로구,구로동,구로두산,44.64,202201,19,61000,18,1998
구로구,구로동,주공2,32.39,202201,21,60000,5,1987
구로구,신도림동,우성2,84.82,202201,22,121500,6,1996
구로구,구로동,대림역포스큐,14.579,202201,24,11400,20,2015
구로구,개봉동,현대홈타운,84.915,202201,25,95000,23,2001
구로구,오류동,다청림(356),36.01,202201,27,29500,4,2013
구로구,구로동,하나세인스톤3차,19.99,202201,31,13000,14,2011
구로구,구로동,비즈트위트그린,15.11,202202,1,10400,15,2012
구로구,구로동,한신휴플러스(1280-0),50.17,202202,5,71300,6,2007
구로구,구로동,럭키,71.4,202202,7,72000,9,1992
구로구,오류동,오류그린,60.6,202202,8,18500,4,2001
구로구,신도림동,신도림 아르디에,18.95,202202,9,23200,5,2018
구로구,개봉동,LIPe-푸른아파트,59.2,202202,12,43000,7,2014
구로구,구로동,우성(23),84.95,202202,12,107000,3,1985
구로구,오류동,썬앤빌,14.064,202202,12,8200,11,2014
구로구,구로동,대림역포스큐,14.579,202202,14,12000,14,2015
구로구,구로동,(717-22)함양주택,47.83,202202,16,22750,5,1999
구로구,구로동,비즈트위트그린,15.11,202202,18,10000,15,2012
구로구,개봉동,한마을,59.57,202202,19,82000,22,1999
구로구,고척동,벽산,84.878,202202,19,106000,4,2003
구로구,구로동,비즈트위트레인보우,15.58,202202,19,12000,6,2012
구로구,구로동,구일우성,59.44,202202,20,67000,19,1998
구로구,신도림동,대림2,84.95,202202,21,117000,27,2001
구로구,항동,현대홈타운스위트,84.9852,202202,24,75000,4,2004
구로구,구로동,현대연예인,44.17,202202,26,59000,15,1989
구로구,오류동,은하수수목원2차(101동),68.32,202202,27,40000,5,2007
구로구,온수동,온수동,64.87,202202,28,28500,5,2001
구로구,구로동,대림역포스큐,14.579,202202,28,12000,16,2015
구로구,개봉동,한마을,59.57,202203,5,75500,11,1999
구로구,온수동,온수힐스테이트,84.97,202203,5,100000,6,2010
구로구,구로동,(743-72),58.3,202203,6,28000,2,1988
구로구,구로동,주공1,83.805,202203,7,110000,5,1986
구로구,구로동,극동,91.09,202203,9,67000,5,1984
구로구,오류동,영풍마드레빌,84.741,202203,9,76000,3,2002
구로구,구로동,(747-33),47.32,202203,9,25000,2,1996
구로구,오류동,영풍마드레빌,84.741,202203,9,75500,3,2002
구로구,구로동,케어빌(98-8),84.72,202203,10,50500,3,2007
구로구,구로동,대림역포스큐,14.579,202203,11,10800,19,2015
구로구,오류동,오류동역솔리스타,18.32,202203,12,10500,10,2016
구로구,구로동,럭키,59.98,202203,12,69000,10,1992
구로구,개봉동,한양아이클래스구로,45.32,202203,14,38500,12,2018
구로구,고척동,삼명,43.74,202203,17,38500,2,1977
구로구,개봉동,한진,59.95,202203,18,62500,7,2000
구로구,구로동,(791-4),44.1,202203,26,18000,2,1995
구로구,신도림동,대림1,59.9,202203,26,94000,16,1999
구로구,오류동,오류동삼전솔하임,37.759,202203,26,29000,4,2020
구로구,오류동,동부(105동~106동),59.79,202203,27,58000,15,1999
구로구,구로동,파인마루오피스텔,15.75,202203,28,13750,16,2016
구로구,고척동,청솔우성,59.27,202203,28,60000,8,2000
구로구,구로동,하나세인스톤2차,19.33,202203,28,13750,13,2011
구로구,구로동,구로두산위브,36.88,202203,30,58500,7,2006
구로구,구로동,장수(796-60),59.13,202203,30,24800,1,1997
구로구,고척동,한효,69.87,202204,1,72500,10,1985
구로구,구로동,비즈트위트그린,15.11,202204,1,11000,16,2012
구로구,고척동,동아한신,84.92,202204,1,89000,13,2000
구로구,구로동,(792-78),45.69,202204,6,25000,1,1996
구로구,구로동,현대연예인,54.86,202204,7,68500,14,1989
구로구,고척동,"우성,현대아파트",68.7,202204,8,76300,11,1987
구로구,구로동,(796-16),42.56,202204,8,26000,3,1996
구로구,개봉동,삼호,59.86,202204,9,69000,6,1996
구로구,오류동,썬앤빌,14.064,202204,9,9000,7,2014
구로구,고척동,대우,114.95,202204,12,85500,8,1999
구로구,개봉동,화신,65.95,202204,13,41000,3,2004
구로구,구로동,대림역와이즈플레이스,24.647,202204,15,15500,17,2012
구로구,신도림동,대림1,59.88,202204,15,93000,16,1999
구로구,신도림동,신도림 아르디에,39.92,202204,19,42000,8,2018
구로구,천왕동,천왕연지타운2단지,84.98,202204,21,87000,12,2014
구로구,개봉동,한진,59.95,202204,23,62500,13,2000
구로구,구로동,대림오페라타워,73.82,202204,26,44500,17,1996
구로구,개봉동,한진,59.95,202204,26,60000,2,2000
구로구,구로동,구로두산,44.64,202204,27,55900,20,1998
구로구,온수동,온수힐스테이트,84.97,202204,27,94000,2,2010
구로구,고척동,개봉청구,58.67,202204,27,38500,7,1993
구로구,구로동,하나세인스톤2차,19.33,202204,29,14000,14,2011
구로구,구로동,아스타빌,67.97,202204,29,51500,15,2004
구로구,신도림동,대림1,134.99,202204,30,139000,4,1999
구로구,개봉동,삼환,59.4,202205,1,67000,7,1995
구로구,가리봉동,효성,59.94,202205,1,51000,18,1998
구로구,개봉동,삼환,59.4,202205,2,61000,17,1995
구로구,구로동,비즈트위트레드,20.84,202205,4,18000,7,2016
구로구,궁동,다청림102동(143-0),84.19,202205,6,58000,5,2012
구로구,구로동,희훈타워빌,127.05,202205,6,75000,15,1998
구로구,구로동,(779-13),27.69,202205,9,19500,2,1997
구로구,오류동,우림필유,59.95,202205,11,61000,13,2005
구로구,오류동,목화수목원아파트101동,72.33,202205,11,43000,3,2002
구로구,신도림동,대림1,59.82,202205,12,97000,24,1999
구로구,오류동,삼천리,134.64,202205,13,93500,8,1998
구로구,고척동,대우,84.99,202205,14,79000,2,1999
구로구,오류동,오류동역솔리스타,18.01,202205,16,8500,11,2016
구로구,개봉동,한마을,59.57,202205,16,81500,10,1999
구로구,신도림동,대림2,84.95,202205,16,113000,5,2001
구로구,개봉동,두산,59.69,202205,16,61000,5,1997
구로구,구로동,대림역포스큐,14.579,202205,17,11900,19,2015
구로구,신도림동,대림2,59.9,202205,18,91800,15,2001
구로구,궁동,대명하이빌102동,107.19,202205,18,66500,4,2009
구로구,구로동,주공2,32.39,202205,19,60500,3,1987
구로구,오류동,오류동삼전솔하임,37.759,202205,19,31000,8,2020
구로구,신도림동,신성은하수,59.88,202205,20,72000,17,1997
구로구,개봉동,건영,84.41,202205,22,57000,16,1994
구로구,구로동,한신휴플러스(1280-0),50.17,202205,22,73500,10,2007
구로구,개봉동,개봉푸르지오,84.88,202205,23,75600,4,2014
구로구,개봉동,현대,114.99,202205,23,82500,9,2001
구로구,구로동,(793-54),31.4,202205,23,24000,3,1998
구로구,구로동,하나세인스톤3차,19.99,202205,24,13500,15,2011
구로구,개봉동,현대홈타운,84.915,202205,25,85000,25,2001
구로구,구로동,하나세인스톤2차,19.33,202205,25,13400,11,2011
구로구,개봉동,영화,59.78,202205,31,66000,1,1998
구로구,구로동,로제리움2차,14.91,202205,31,12000,17,2014
구로구,구로동,로제리움2차,14.91,202205,31,12000,16,2014
구로구,구로동,코원,12.49,202206,1,8800,2,2014
구로구,오류동,한신플러스타운,84.96,202206,4,70000,18,2002
구로구,신도림동,대림e-편한세상7,84.928,202206,6,131000,15,2004
구로구,개봉동,한진,84.96,202206,9,71800,18,2000
구로구,신도림동,동아2,59.595,202206,9,101000,12,2000
구로구,구로동,로제리움2차,14.91,202206,9,12100,14,2014
구로구,고척동,서울가든,64.39,202206,12,65300,11,1989
구로구,천왕동,천왕이펜하우스4단지,84.97,202206,14,87000,4,2011
구로구,구로동,현대,84.57,202206,15,76000,8,1988
구로구,오류동,한신플러스타운,59.91,202206,16,60000,18,2002
구로구,구로동,(716-17),35.94,202206,19,24500,2,2000
구로구,구로동,성호메이플라워멤버스빌,31.75,202206,24,14800,11,2002
구로구,고척동,한효,66.72,202206,24,55000,5,1985
구로구,신도림동,대림2,84.95,202206,25,113500,12,2001
구로구,온수동,온수힐스테이트,84.97,202206,25,100000,9,2010
구로구,구로동,구로두산위브,36.88,202206,27,52000,10,2006
구로구,구로동,신성미소지움,84.23,202206,29,74800,12,2003
구로구,구로동,우성(23),51.44,202206,30,85000,10,1985
구로구,구로동,그린플러스구로해담채2,13.23,202207,1,10950,15,2013
구로구,구로동,제일(805-14),55.98,202207,3,33000,3,1961
구로구,구로동,대림역와이즈플레이스,24.647,202207,4,16300,15,2012
구로구,구로동,대림역포스큐,14.579,202207,12,11500,15,2015
구로구,오류동,썬앤빌,14.064,202207,14,8000,9,2014
구로구,구로동,(798-22),44.84,202207,15,25500,5,1996
구로구,구로동,하나세인스톤1차,21.7256,202207,20,15500,16,2011
구로구,구로동,하나세인스톤2차,19.33,202207,23,14500,12,2011
구로구,구로동,하나세인스톤1차,21.7256,202207,27,18000,12,2011
구로구,구로동,구로오네뜨시티,25.07,202207,29,24370,18,2022
구로구,오류동,오류동역솔리스타,19.09,202208,2,11550,6,2016
구로구,구로동,비즈트위트레인보우,15.58,202208,7,12000,2,2012
구로구,신도림동,대림e-편한세상5,84.789,202208,12,120000,17,2003
구로구,개봉동,한진,84.96,202208,16,70000,15,2000
구로구,개봉동,삼환,59.4,202208,19,59000,20,1995
구로구,고척동,산업인,48.04,202208,23,32000,4,1976
구로구,고척동,우성꿈동산,84.19,202208,23,61000,1,1996
구로구,천왕동,천왕이펜하우스1단지,59.94,202208,25,65000,1,2011
구로구,개봉동,현대,114.99,202208,26,99000,16,2001
구로구,구로동,대림역포스큐,14.579,202208,31,12000,16,2015
구로구,구로동,대림역와이즈플레이스,24.647,202209,2,16000,18,2012
구로구,구로동,대림역포스큐,14.579,202209,7,11900,20,2015
구로구,구로동,대림오페라타워,99.09,202209,9,51500,14,1996
구로구,천왕동,천왕이펜하우스5단지,84.98,202209,26,71000,3,2011
구로구,오류동,오류동역솔리스타,18.32,202209,27,10000,8,2016
구로구,개봉동,현대홈타운,59.49,202209,27,61500,23,2001
구로구,구로동,비즈트위트오렌지,15.54,202209,30,12100,5,2013
구로구,오류동,썬앤빌,14.064,202210,1,8400,12,2014
구로구,구로동,(771-2),48.14,202210,3,31000,5,1996
구로구,구로동,로제리움2차,14.04,202210,8,11500,17,2014
구로구,구로동,이화우성,84.98,202210,14,70000,8,1998
구로구,고척동,벽산,84.878,202210,14,98000,22,2003
구로구,고척동,대우,114.95,202210,18,71000,6,1999
구로구,오류동,이좋은집,36.69,202210,24,20250,2,2005
구로구,구로동,신안타워,134.94,202210,25,71500,11,1998
구로구,개봉동,동인,67.36,202210,31,43000,5,1989
구로구,개봉동,현대,114.99,202211,1,85000,8,2001
구로구,구로동,비즈트위트블루,16.04,202211,4,12500,8,2012
구로구,신도림동,미성,52.45,202211,12,74000,6,1987
구로구,구로동,로제리움2차,14.91,202211,14,11500,17,2014
구로구,구로동,해담채3,13.39,202211,21,11200,11,2014
구로구,개봉동,현대홈타운,59.49,202211,21,52500,21,2001
구로구,천왕동,천왕이펜하우스6단지,84.97,202211,28,65000,7,2011
구로구,구로동,구로두산,44.64,202212,2,42500,7,1998
구로구,오류동,삼천리,59.73,202212,3,44000,19,1998
구로구,오류동,다청림,56.65,202212,5,36000,5,2013
구로구,오류동,썬앤빌,14.064,202212,10,8000,10,2014
구로구,구로동,구로두산,44.64,202212,12,43500,14,1998
구로구,구로동,구로지웰,59.651,202212,12,86000,10,2011
구로구,구로동,구로두산,44.64,202212,17,42500,12,1998
구로구,신도림동,대림1,59.9,202212,17,78500,9,1999
구로구,개봉동,거성,47.52,202212,22,27000,1,1988
구로구,오류동,동부(101동~103동),59.98,202212,28,48700,3,1998
금천구,독산동,대덕트윈빌,59.56,202201,2,60000,2,2002
금천구,시흥동,벽산,59.94,202201,2,53300,1,2000
금천구,가산동,비즈트위트바이올렛5차,12.1,202201,10,11000,11,2014
금천구,시흥동,관악산신도브래뉴,84.8,202201,14,68300,7,2006
금천구,시흥동,벽산3,59.94,202201,24,46000,10,1998
금천구,시흥동,우방,59.91,202201,25,60700,15,2002
금천구,시흥동,시흥동월드메르디앙,82.81,202201,29,70000,13,2006
금천구,시흥동,남서울힐스테이트,115.801,202202,3,119000,5,2014
금천구,시흥동,금강,59.95,202202,8,51000,17,2000
금천구,독산동,한솔아트빌라,67.88,202202,19,26000,1,2001
금천구,시흥동,무지개,84.96,202202,24,99000,2,1980
금천구,시흥동,탑스빌,79.84,202202,24,53200,12,2002
금천구,가산동,삼익,59.94,202203,1,52000,12,1998
금천구,시흥동,에벤에셀프라자,100.99,202203,2,56000,8,1997
금천구,독산동,독산동중앙하이츠빌,84.8768,202203,10,81500,18,2004
금천구,시흥동,금강,59.95,202203,12,49900,18,2000
금천구,가산동,가산양우내안에애플,12.04,202203,12,11500,11,2013
금천구,시흥동,럭키남서울아파트,41.26,202203,12,66500,3,1981
금천구,가산동,비즈트위트바이올렛5차,12.19,202203,16,12000,8,2014
금천구,시흥동,신화아파트(200-4),65.34,202203,18,24000,3,2004
금천구,가산동,비즈트위트바이올렛5차,12.19,202203,18,10000,10,2014
금천구,가산동,주상복합두산,59.25,202203,22,44500,6,1998
금천구,가산동,삼익,59.94,202203,30,52500,9,1998
금천구,시흥동,남서울힐스테이트,84.697,202204,2,100000,4,2014
금천구,시흥동,관악산벽산타운5,84.97,202204,2,70000,13,2004
금천구,가산동,두산,84.9,202204,5,78000,2,1998
금천구,가산동,두산,59.84,202204,5,74500,3,1998
금천구,독산동,한아프라임102동,84.95,202204,6,54700,3,2004
금천구,시흥동,삼익,114.48,202204,14,72500,2,1999
금천구,독산동,독산동중앙하이츠빌,84.8768,202204,20,83000,12,2004
금천구,시흥동,남서울힐스테이트,59.817,202204,20,87900,15,2014
금천구,독산동,독산동한양수자인,67.824,202204,21,78000,7,2011
금천구,독산동,독산주공14단지,44.89,202204,27,55300,12,1990
금천구,시흥동,현대(209),82.53,202204,29,54700,15,1996
금천구,독산동,금천롯데캐슬골드파크1차,84.8114,202205,1,124000,12,2016
금천구,가산동,가산양우내안에애플,12.04,202205,9,12500,10,2013
금천구,가산동,두산,59.84,202205,10,74000,9,1998
금천구,독산동,중앙아파트,35.61,202205,14,28200,2,1989
금천구,시흥동,금강,115.28,202205,14,74000,10,2000
금천구,시흥동,금강,115.28,202205,14,75000,10,2000
금천구,독산동,독산동중앙하이츠빌,84.8768,202205,18,80000,4,2004
금천구,시흥동,와이즈플레이스,14.22,202205,20,9700,18,2012
금천구,가산동,두산,59.84,202205,22,71700,22,1998
금천구,독산동,독산동중앙하이츠빌,84.8768,202205,22,84500,17,2004
금천구,시흥동,백운한비치Ⅱ,84.979,202205,25,70000,6,2008
금천구,가산동,비즈트위트바이올렛5차,12.19,202206,13,11900,10,2014
금천구,독산동,신도브래뉴,73.2,202206,15,76200,16,2002
금천구,가산동,가산양우내안에애플,12.04,202206,27,11500,18,2013
금천구,독산동,푸른터,81.56,202206,30,45000,6,2006
금천구,독산동,금천롯데캐슬골드파크1차,101.8228,202207,1,141000,29,2016
금천구,가산동,가산지웰에스테이트,15.96,202207,4,14700,10,2013
금천구,가산동,하이펠리스,25.19,202207,4,33400,13,2021
금천구,시흥동,남서울힐스테이트,59.817,202207,27,74500,6,2014
금천구,시흥동,우방,114.89,202207,28,83500,7,2002
금천구,가산동,가산피어니빌,13.8029,202208,3,17000,5,2017
금천구,독산동,계룡아파트,59.34,202208,3,50000,6,1998
금천구,독산동,금천현대,84.83,202208,8,64000,5,2002
금천구,가산동,가산지웰에스테이트2차,14.12,202208,8,13800,12,2018
금천구,시흥동,와이즈플레이스,14.22,202208,13,9300,19,2012
금천구,시흥동,삼익,59.9,202208,26,48500,12,1999
금천구,가산동,비즈트위트바이올렛5차,12.19,202208,29,12800,11,2014
금천구,가산동,비즈트위트바이올렛5차,12.31,202209,2,14000,8,2014
금천구,가산동,가산지웰에스테이트,15.52,202209,17,12000,11,2013
금천구,시흥동,와이즈플레이스,14.22,202209,23,9500,20,2012
금천구,시흥동,관악산벽산타운5,114.84,202209,23,69000,1,2004
금천구,시흥동,관악산벽산타운5,84.97,202209,30,62000,9,2004
금천구,가산동,비즈트위트바이올렛5차,12.19,202210,4,11500,8,2014
금천구,시흥동,남서울힐스테이트,59.817,202210,5,65000,5,2014
금천구,독산동,이랜드해가든,84.935,202210,7,72000,1,2008
금천구,독산동,금천현대,84.83,202210,28,49000,15,2002
금천구,가산동,가산양우내안에애플,12.04,202211,7,11000,9,2013
금천구,독산동,아이유하임,29.0615,202211,23,34700,8,2022
금천구,독산동,아이유하임,29.0615,202211,23,34250,7,2022
금천구,독산동,아이유하임,29.0615,202211,23,33300,3,2022
금천구,독산동,아이유하임,29.0615,202211,23,33450,4,2022
금천구,독산동,아이유하임,29.0615,202211,23,34550,5,2022
금천구,독산동,아이유하임,29.0615,202211,23,33750,8,2022
금천구,독산동,아이유하임,29.0615,202211,23,34550,7,2022
금천구,독산동,아이유하임,29.0615,202211,23,33600,5,2022
금천구,독산동,아이유하임,29.0615,202211,23,34550,9,2022
금천구,독산동,아이유하임,29.0615,202211,23,34550,6,2022
금천구,독산동,아이유하임,29.0615,202211,23,33300,3,2022
금천구,독산동,아이유하임,29.0615,202211,23,33600,7,2022
금천구,독산동,아이유하임,29.0615,202211,23,34550,6,2022
금천구,독산동,아이유하임,29.0615,202211,23,33650,2,2022
금천구,독산동,아이유하임,29.0615,202211,23,33300,3,2022
금천구,독산동,아이유하임,29.0615,202211,23,34550,6,2022
금천구,독산동,아이유하임,29.0615,202211,23,33800,3,2022
금천구,독산동,아이유하임,29.0615,202211,23,34250,5,2022
금천구,독산동,아이유하임,29.0615,202211,23,33600,5,2022
금천구,독산동,아이유하임,29.0615,202211,23,34900,9,2022
금천구,독산동,아이유하임,29.0615,202211,23,33150,2,2022
금천구,독산동,아이유하임,29.0615,202211,23,34250,6,2022
금천구,독산동,아이유하임,29.0615,202211,23,33950,2,2022
금천구,독산동,아이유하임,29.0615,202211,23,34100,3,2022
금천구,독산동,아이유하임,29.0615,202211,23,33950,2,2022
금천구,독산동,아이유하임,29.0615,202211,23,33600,5,2022
금천구,독산동,아이유하임,29.0615,202211,23,33950,9,2022
금천구,독산동,아이유하임,29.0615,202211,23,33800,3,2022
금천구,독산동,아이유하임,29.0615,202211,23,34100,3,2022
금천구,독산동,아이유하임,29.0615,202211,23,34550,7,2022
금천구,독산동,아이유하임,29.0615,202211,23,34400,8,2022
금천구,독산동,아이유하임,29.0615,202211,23,34700,8,2022
금천구,독산동,아이유하임,29.0615,202211,23,34550,5,2022
금천구,독산동,아이유하임,29.0615,202211,23,33600,5,2022
금천구,독산동,아이유하임,29.0615,202211,23,34400,4,2022
금천구,독산동,아이유하임,29.0615,202211,23,33950,4,2022
금천구,독산동,아이유하임,29.0615,202211,23,34400,8,2022
금천구,독산동,아이유하임,29.0615,202211,23,34250,7,2022
금천구,독산동,아이유하임,29.0615,202211,23,33800,3,2022
금천구,독산동,아이유하임,29.0615,202211,23,34700,8,2022
금천구,독산동,아이유하임,29.0615,202211,23,34700,8,2022
금천구,독산동,아이유하임,29.0615,202211,23,33300,3,2022
금천구,독산동,아이유하임,29.0615,202211,23,33750,8,2022
금천구,독산동,아이유하임,29.0615,202211,23,34900,9,2022
금천구,시흥동,삼익,84.96,202211,26,57000,6,1999
금천구,독산동,세심아파트,83.48,202211,27,37000,3,2004
노원구,월계동,주공2,59.97,202201,6,40000,6,1992
노원구,중계동,삼창타워주상프라자,84.66,202201,8,69000,12,1997
노원구,상계동,보람1단지,44.33,202201,10,57500,14,1988
노원구,중계동,주공4,84.79,202201,10,102000,12,1991
노원구,상계동,노원IPARK,139.28,202201,12,90000,7,2009
노원구,상계동,상계주공3(고층),58.01,202201,13,79000,12,1987
노원구,상계동,보람1단지,54.59,202201,14,50000,14,1988
노원구,공릉동,미라쉘,16.69,202201,17,9300,14,2018
노원구,상계동,상계1차중앙하이츠,59.82,202201,20,64000,18,1997
노원구,공릉동,주완위즈빌,73.76,202201,20,42000,5,2004
노원구,상계동,수락한신,59.95,202201,23,58000,13,1997
노원구,상계동,상계주공16(고층),45.77,202201,24,55000,6,1988
노원구,공릉동,한일휴니스빌,13.62,202201,24,12000,6,2013
노원구,월계동,사슴3,33.18,202201,27,45400,2,1995
노원구,상계동,상계주공3(고층),68.86,202201,28,66500,2,1987
노원구,상계동,상계주공9(고층),79.07,202201,28,94000,9,1988
노원구,월계동,주공2,44.94,202202,7,52000,4,1992
노원구,하계동,한신1,35.28,202202,14,39000,7,1988
노원구,공릉동,미라쉘,17.58,202202,16,15500,10,2018
노원구,상계동,소담빌,14.65,202202,17,11000,4,2014
노원구,공릉동,공릉동한보에센시티아파트,59.4,202202,18,58500,15,2000
노원구,공릉동,태릉해링턴플레이스,74.95,202202,18,125000,19,2022
노원구,공릉동,태릉해링턴플레이스,74.95,202202,18,119000,19,2022
노원구,중계동,삼성,59.9,202202,19,60000,5,1999
노원구,중계동,양지마을(대림)2,114.81,202202,23,123000,16,1999
노원구,상계동,상계주공4(고층),59.2,202202,24,70300,7,1988
노원구,상계동,보람1단지,54.59,202202,26,67000,4,1988
노원구,중계동,주공8,49.72,202202,26,59000,13,1993
노원구,하계동,장미(시영6),54.02,202202,26,67000,9,1989
노원구,상계동,상계주공4(고층),58.01,202202,28,71500,11,1988
노원구,상계동,북부현대,59.24,202202,28,49500,7,1996
노원구,상계동,상계주공13(고층),45.55,202203,1,54500,14,1989
노원구,상계동,벽산,59.9,202203,2,61000,8,1989
노원구,하계동,학여울청구,113.51,202203,3,109500,3,1999
노원구,상계동,보람1단지,44.33,202203,3,58000,13,1988
노원구,중계동,라이프,115.65,202203,4,148000,13,1993
노원구,중계동,주공2,44.52,202203,4,48000,9,1992
노원구,공릉동,태강아파트(아이파크),49.6,202203,5,59000,13,1999
노원구,상계동,청암1단지,84.8,202203,5,70500,1,2001
노원구,공릉동,진명비베레,12.088,202203,5,9800,6,2012
노원구,상계동,은빛2단지,49.77,202203,7,54500,15,1998
노원구,중계동,롯데우성,115.26,202203,7,135500,6,1993
노원구,공릉동,시영2단지(라이프)아파트,34.44,202203,9,44000,13,1994
노원구,상계동,상계2차중앙하이츠,134.97,202203,11,110000,11,1998
노원구,월계동,현대,59.95,202203,12,78000,17,2000
노원구,상계동,은빛2단지,39.7,202203,12,50500,13,1998
노원구,하계동,청구,84.97,202203,12,85000,2,1988
노원구,하계동,청구,84.97,202203,12,85000,2,1988
노원구,월계동,현대,84.98,202203,12,93000,16,2000
노원구,하계동,장미(시영6),54.29,202203,15,67700,14,1989
노원구,하계동,건영,45.55,202203,15,59300,13,1988
노원구,중계동,주공2,44.52,202203,15,48000,6,1992
노원구,공릉동,풍림아파트A,59.94,202203,18,81000,15,2001
노원구,하계동,한신1,27,202203,18,44800,6,1988
노원구,공릉동,태강아파트(아이파크),49.6,202203,19,59000,5,1999
노원구,상계동,은빛1단지,59.95,202203,19,58000,2,1998
노원구,하계동,장미(시영6),54.02,202203,19,67500,5,1989
노원구,상계동,상계주공3(고층),58.01,202203,20,84500,6,1987
노원구,공릉동,풍림아파트A,84.99,202203,21,94500,16,2001
노원구,중계동,롯데(505),54.48,202203,21,67000,4,1989
노원구,상계동,상계주공13(고층),49.94,202203,22,59000,5,1989
노원구,상계동,상계주공7(고층),59.39,202203,22,86500,5,1988
노원구,월계동,꿈의숲SKVIEW,84.95,202203,23,110000,5,2016
노원구,공릉동,비선아파트,48.6,202203,24,56500,3,1999
노원구,공릉동,시영3차(라이프)아파트,39.6,202203,24,49000,12,1994
노원구,공릉동,태강아파트(아이파크),59.34,202203,25,71500,7,1999
노원구,상계동,수락리버시티4단지,59.9,202203,26,57700,4,2009
노원구,중계동,중계그린1단지,39.78,202203,26,56300,6,1990
노원구,월계동,미륭,51.48,202203,26,82200,13,1986
노원구,중계동,중계무지개,39.82,202203,26,58000,8,1991
노원구,상계동,상계주공3(고층),59.2,202203,26,79000,4,1987
노원구,상계동,상계주공16(고층),45.77,202203,26,55000,15,1988
노원구,상계동,한신4차,84.84,202203,26,69000,15,1995
노원구,월계동,우남그랜드,84.73,202203,28,68000,1,2001
노원구,중계동,중계그린1단지,39.78,202203,29,58000,12,1990
노원구,상계동,보람1단지,79.25,202203,29,86000,1,1988
노원구,상계동,상계주공6(고층),41.3,202203,29,63000,6,1988
노원구,중계동,중계그린1단지,44.1,202203,30,60000,8,1990
노원구,공릉동,삼익아파트,51.03,202203,30,54200,4,1995
노원구,중계동,중계그린1단지,49.85,202203,31,61000,7,1990
노원구,상계동,상계주공7(고층),41.3,202203,31,66000,10,1988
노원구,중계동,중계무지개,39.96,202203,31,57500,11,1991
노원구,공릉동,노원프레미어스엠코,84.0261,202204,2,94500,21,2016
노원구,공릉동,태강아파트(아이파크),49.6,202204,2,60000,11,1999
노원구,월계동,사슴3,33.18,202204,4,46000,11,1995
노원구,중계동,경남,84.97,202204,5,99000,9,1989
노원구,상계동,상계주공10(고층),59.28,202204,6,84800,13,1988
노원구,월계동,한진한화그랑빌,59.94,202204,8,79000,4,2002
노원구,월계동,성원(사슴4),49.92,202204,8,58000,7,1995
노원구,공릉동,대아아파트1차,54.08,202204,8,48000,6,1997
노원구,상계동,상계주공12(고층),49.94,202204,9,67900,6,1988
노원구,공릉동,두산힐스빌아파트,60,202204,9,75500,19,2000
노원구,월계동,미륭,51.48,202204,11,83000,8,1986
노원구,공릉동,현대성우아파트,59.98,202204,11,60000,21,2000
노원구,중계동,주공6,44.1,202204,12,57500,11,1993
노원구,중계동,주공2,44.52,202204,14,53500,8,1992
노원구,월계동,한진한화그랑빌,59.94,202204,14,80000,9,2002
노원구,월계동,미성,50.14,202204,14,80000,3,1986
노원구,상계동,상계주공13(고층),45.9,202204,15,52400,4,1989
노원구,상계동,수락산벨리체,114.92,202204,15,98000,3,2000
노원구,중계동,중계그린1단지,39.92,202204,16,55000,3,1990
노원구,중계동,주공6,44.1,202204,16,56400,4,1993
노원구,중계동,주공5,84.79,202204,16,128000,10,1992
노원구,상계동,벽산,46.8,202204,16,52000,14,1989
노원구,공릉동,동부아파트,59.34,202204,18,57700,3,1996
노원구,월계동,미륭,51.48,202204,20,85000,6,1986
노원구,상계동,상계불암대림,59.22,202204,20,55500,3,2000
노원구,상계동,상계주공3(고층),32.39,202204,21,52000,15,1987
노원구,상계동,청암2단지,49.77,202204,22,55000,12,2001
노원구,하계동,건영,45.55,202204,23,58000,8,1988
노원구,하계동,극동,84.91,202204,23,88000,1,1988
노원구,월계동,동신,93.38,202204,25,85000,9,1983
노원구,월계동,미륭,51.48,202204,25,80000,1,1986
노원구,월계동,초안1,49.6,202204,25,47000,8,1998
노원구,하계동,우성,84.91,202204,26,106000,3,1988
노원구,공릉동,풍림아파트A,84.99,202204,27,70000,14,2001
노원구,공릉동,풍림아파트A,59.94,202204,27,75000,10,2001
노원구,상계동,수락리버시티3단지,84.88,202205,1,79500,7,2009
노원구,중계동,상아,72.73,202205,6,83500,11,1989
노원구,공릉동,태강아파트(아이파크),59.34,202205,6,67000,1,1999
노원구,상계동,벽산,46.8,202205,9,48500,6,1989
노원구,상계동,상계주공13(고층),45.55,202205,10,53500,2,1989
노원구,중계동,동진,47.61,202205,10,32000,5,1988
노원구,하계동,청솔(시영7),49.5,202205,10,61000,2,1989
노원구,상계동,상계주공10(고층),59.39,202205,11,75000,6,1988
노원구,중계동,주공2,44.52,202205,12,50000,4,1992
노원구,하계동,청구,70.69,202205,13,83000,11,1988
노원구,상계동,상계주공11(고층),49.94,202205,14,70500,12,1988
노원구,상계동,상계주공14(고층),45.55,202205,16,53800,5,1989
노원구,상계동,은빛1단지,59.95,202205,18,45000,10,1998
노원구,월계동,주공2,59.97,202205,20,71000,6,1992
노원구,상계동,문수해오름,45.57,202205,21,36000,2,2003
노원구,상계동,수락리버시티3단지,84.81,202205,21,75000,7,2009
노원구,월계동,풍림아이원,59.149,202205,23,78700,9,2005
노원구,공릉동,한일휴니스빌,14.925,202205,25,11500,17,2013
노원구,상계동,우림루미아트1,84.887,202205,26,71000,13,2004
노원구,중계동,중계그린1단지,49.5,202205,26,67000,8,1990
노원구,공릉동,태릉해링턴플레이스,59.98,202205,28,87500,7,2022
노원구,상계동,상계주공3(고층),58.01,202205,30,83000,11,1987
노원구,공릉동,태강아파트(아이파크),49.6,202205,31,59800,4,1999
노원구,하계동,장미(시영6),43.56,202205,31,51500,15,1989
노원구,상계동,상계주공7(고층),59.39,202205,31,87000,7,1988
노원구,월계동,풍림아이원,84.303,202206,1,92000,11,2005
노원구,월계동,삼호3,59.22,202206,2,87000,6,1986
노원구,월계동,주공2,44.52,202206,4,50500,4,1992
노원구,상계동,상계주공7(고층),49.94,202206,4,74800,6,1988
노원구,공릉동,비선아파트,48.6,202206,4,55400,14,1999
노원구,월계동,사슴3,33.18,202206,7,46000,9,1995
노원구,중계동,중계그린1단지,39.91,202206,7,52000,1,1990
노원구,상계동,보람1단지,44.33,202206,8,56000,11,1988
노원구,공릉동,동신아파트,114.98,202206,8,93500,23,1999
노원구,하계동,한신1,27,202206,9,43200,10,1988
노원구,월계동,성원(사슴4),49.92,202206,9,58500,12,1995
노원구,하계동,하계1청구,84.6,202206,13,101500,6,1997
노원구,중계동,상아,51.29,202206,14,63000,2,1989
노원구,상계동,노원현대,84.78,202206,14,84700,11,1997
노원구,중계동,상아,51.29,202206,15,58500,1,1989
노원구,상계동,상계주공14(저층),71.89,202206,15,56000,4,1989
노원구,월계동,청백3,49.77,202206,17,50000,4,1998
노원구,중계동,신안,84.93,202206,18,104000,6,1999
노원구,중계동,청구3,84.77,202206,18,125000,3,1996
노원구,중계동,라이프,115.65,202206,18,140000,2,1993
노원구,월계동,현대,59.95,202206,18,83500,6,2000
노원구,상계동,상계주공2(고층),37.46,202206,20,59000,4,1987
노원구,공릉동,태강아파트(아이파크),59.34,202206,21,70500,4,1999
노원구,상계동,상계주공1(고층),32.39,202206,22,51000,7,1988
노원구,상계동,상계주공4(고층),59.28,202206,23,70900,2,1988
노원구,하계동,한신2,35.28,202206,23,40000,6,1988
노원구,월계동,성북맨션,65.35,202206,24,68000,1,1976
노원구,중계동,건영3,84.9,202206,25,122500,5,1995
노원구,공릉동,태강아파트(아이파크),49.6,202206,26,60000,5,1999
노원구,상계동,한신1차,45.44,202206,27,46000,7,1987
노원구,월계동,초안1,49.6,202206,29,39000,1,1998
노원구,중계동,성원2,56.97,202207,2,52500,4,1995
노원구,공릉동,태릉해링턴플레이스,59.98,202207,12,84000,7,2022
노원구,중계동,중계무지개,39.96,202207,13,50000,5,1991
노원구,상계동,상계주공7(고층),41.3,202207,14,68900,10,1988
노원구,공릉동,진명비베레,13.9092,202207,15,8400,2,2012
노원구,공릉동,공릉동한보에센시티아파트,114.84,202207,17,80000,1,2000
노원구,중계동,롯데우성,115.26,202207,19,137500,14,1993
노원구,월계동,대동,59.76,202208,3,58000,5,1997
노원구,상계동,벽산,46.8,202208,4,47000,11,1989
노원구,하계동,장미(시영6),54.02,202208,9,60000,2,1989
노원구,상계동,노원현대,84.78,202208,10,79000,6,1997
노원구,월계동,세양청마루,84.957,202208,12,74000,8,2005
노원구,월계동,미륭,51.48,202208,12,75000,2,1986
노원구,상계동,상계주공7(고층),49.94,202208,12,78000,3,1988
노원구,상계동,은빛1단지,49.77,202208,20,41500,15,1998
노원구,공릉동,삼익아파트,51.03,202208,21,50000,9,1995
노원구,상계동,청암2단지,49.77,202208,23,49000,8,2001
노원구,공릉동,공릉동한보에센시티아파트,114.84,202208,23,88000,13,2000
노원구,공릉동,비선아파트,48.93,202208,25,46300,1,1999
노원구,상계동,상계주공10(고층),45.9,202208,29,52250,6,1988
노원구,하계동,한신1,44.52,202208,30,50500,6,1988
노원구,하계동,장미(시영6),54.02,202208,30,65500,14,1989
노원구,상계동,상계주공1(고층),60.5,202209,4,64000,8,1988
노원구,상계동,소담빌,14.65,202209,5,11000,5,2014
노원구,월계동,미성,50.14,202209,7,64500,9,1986
노원구,하계동,장미(시영6),43.41,202209,7,51000,10,1989
노원구,중계동,주공5,44.52,202209,8,54000,12,1992
노원구,상계동,상계우방유쉘,84.94,202209,13,59000,18,2000
노원구,공릉동,공릉동한보에센시티아파트,84.93,202209,17,65000,7,2000
노원구,상계동,보람1단지,68.99,202209,19,63000,14,1988
노원구,상계동,코오롱,84.9,202209,28,80000,15,1997
노원구,상계동,보람1단지,44.33,202209,29,40000,10,1988
노원구,상계동,보람1단지,44.33,202209,29,40000,10,1988
노원구,하계동,한신동성,112.24,202209,29,103000,7,1993
노원구,공릉동,동부아파트,114.17,202210,4,85000,8,1996
노원구,상계동,보람1단지,54.59,202210,6,50000,3,1988
노원구,중계동,주공5,44.94,202210,6,40300,4,1992
노원구,공릉동,진명비베레,13.0588,202210,9,9000,3,2012
노원구,공릉동,대아2차아파트,84.87,202210,14,70000,3,2000
노원구,중계동,상아,114.57,202210,20,75000,4,1989
노원구,상계동,소담빌,14.65,202210,24,12000,9,2014
노원구,상계동,상계우방유쉘,84.94,202210,26,62000,18,2000
노원구,월계동,월계센트럴아이파크,84.99,202210,28,75000,19,2020
노원구,상계동,상계주공7(고층),49.94,202211,3,61000,2,1988
노원구,상계동,미라보(성림),60,202211,4,42500,14,2006
노원구,상계동,상계주공6(고층),32.39,202211,7,42000,15,1988
노원구,중계동,청구3,84.77,202211,9,101000,6,1996
노원구,공릉동,풍림아파트A,84.99,202211,10,83000,9,2001
노원구,상계동,포레나노원,59.9428,202211,11,77000,28,2020
노원구,상계동,상계주공6(고층),58.01,202211,16,57000,1,1988
노원구,상계동,상계주공6(고층),59.39,202211,23,51000,12,1988
노원구,중계동,건영3,84.9,202211,24,100000,10,1995
노원구,공릉동,동부아파트,59.34,202211,24,47500,13,1996
노원구,상계동,상계주공3(고층),68.86,202211,29,69000,15,1987
노원구,공릉동,테라파크뷰,78.06,202211,29,99000,10,2022
노원구,중계동,현대1(4차),84.99,202211,30,72100,4,1993
노원구,상계동,상계주공6(고층),58.01,202212,2,52000,14,1988
노원구,하계동,현대,84.96,202212,2,70000,1,1988
노원구,공릉동,광덕파크빌아파트,84.69,202212,2,48500,8,2003
노원구,상계동,보람1단지,54.59,202212,3,50000,6,1988
노원구,하계동,학여울청구,59.4,202212,3,54000,6,1999
노원구,상계동,상계주공4(고층),32.39,202212,6,36000,13,1988
노원구,상계동,상계주공9(고층),49.94,202212,6,48750,15,1988
노원구,상계동,상계주공3(고층),84.2,202212,9,80000,9,1987
노원구,상계동,보람1단지,44.33,202212,10,41500,3,1988
노원구,상계동,상계주공16(고층),59.39,202212,13,49000,7,1988
노원구,월계동,삼호3,59.22,202212,15,51000,9,1986
노원구,공릉동,풍림아파트A,59.94,202212,16,70800,19,2001
노원구,공릉동,67디벨리움,17.27,202212,19,17000,12,2016
노원구,월계동,한진한화그랑빌,84.97,202212,23,70000,21,2002
노원구,월계동,한진한화그랑빌,84.97,202212,23,65000,9,2002
노원구,공릉동,삼익아파트,114.88,202212,24,67000,7,1995
노원구,상계동,상계주공14(고층),45.55,202212,26,39000,9,1989
노원구,상계동,성원상떼빌,59.93,202212,27,36000,2,1999
노원구,상계동,상계주공6(고층),38,202212,27,42000,9,1988
노원구,중계동,건영3,84.9,202212,30,95000,7,1995
도봉구,창동,창동주공3단지(해등마을),49.94,202201,1,75500,11,1990
도봉구,쌍문동,신원2,84.99,202201,7,64000,7,1998
도봉구,창동,창동주공2단지,36.34,202201,12,59500,12,1990
도봉구,창동,새울아파트,84.78,202201,20,38000,6,2006
도봉구,방학동,방학동삼성래미안1,118.381,202201,26,103000,11,2002
도봉구,쌍문동,금호2,84.46,202201,28,67000,13,1991
도봉구,창동,창동주공4단지,41.3,202202,4,57000,7,1991
도봉구,창동,주공17단지,36.16,202202,10,51500,8,1989
도봉구,쌍문동,삼익세라믹,58.77,202202,11,55000,12,1988
도봉구,도봉동,서원,59.76,202202,12,50000,3,1996
도봉구,방학동,대원그린아파트,46.86,202202,17,33300,8,1987
도봉구,방학동,방학동삼성래미안1,134.981,202203,5,135000,9,2002
도봉구,도봉동,서원,40.02,202203,5,40000,10,1996
도봉구,쌍문동,한양6,83.86,202203,8,69000,13,2002
도봉구,방학동,우성아파트2,84.98,202203,9,58000,1,1993
도봉구,창동,주공17단지,36.16,202203,14,49950,10,1989
도봉구,창동,주공19단지(창동리버타운),68.86,202203,15,87000,15,1988
도봉구,창동,신창,49.77,202203,16,47000,9,1998
도봉구,도봉동,도봉파크빌3,84.166,202203,17,65000,14,2002
도봉구,창동,주공19단지(창동리버타운),61.52,202203,18,99800,10,1988
도봉구,쌍문동,청구,84.63,202203,19,69000,9,1996
도봉구,창동,창동주공3단지(해등마을),58.01,202203,21,80000,14,1990
도봉구,창동,창동주공3단지(해등마을),49.94,202203,22,72000,9,1990
도봉구,도봉동,한신,84.94,202203,25,73000,12,1995
도봉구,창동,창동주공3단지(해등마을),58.01,202203,29,80000,6,1990
도봉구,방학동,퍼스티안,13.6794,202203,29,9850,13,2013
도봉구,방학동,퍼스티안,13.6794,202203,29,10000,7,2013
도봉구,쌍문동,북한산코오롱하늘채,84.98,202204,4,80700,14,2014
도봉구,창동,새울(715-25),42.32,202204,6,27000,4,2014
도봉구,창동,창동주공3단지(해등마을),49.94,202204,9,75400,2,1990
도봉구,방학동,신동아아파트4,59.92,202204,11,46000,3,1995
도봉구,창동,주공17단지,36.16,202204,11,50300,6,1989
도봉구,쌍문동,쌍문금용,82.26,202204,11,52800,13,1995
도봉구,도봉동,한신,84.94,202204,13,69000,16,1995
도봉구,쌍문동,한양2,84.9,202204,14,70000,14,1988
도봉구,쌍문동,경남,44.5,202204,16,37500,7,1988
도봉구,방학동,청구아파트,84.97,202204,18,69000,7,1994
도봉구,창동,주공19단지(창동리버타운),59.39,202204,19,85000,9,1988
도봉구,창동,쌍용,59.88,202204,19,81000,6,1997
도봉구,방학동,대상타운현대아파트,133.97,202204,21,124500,17,2001
도봉구,창동,주공17단지,36.34,202204,25,49800,9,1989
도봉구,창동,삼성래미안,66.48,202204,26,98000,9,1992
도봉구,도봉동,서원,49.77,202204,27,50000,9,1996
도봉구,방학동,퍼스티안,13.6794,202204,29,10000,8,2013
도봉구,쌍문동,금호2,71.98,202204,29,58000,7,1991
도봉구,창동,신창,39.6,202204,30,36000,13,1998
도봉구,도봉동,한신,84.94,202204,30,64000,4,1995
도봉구,창동,월가타워,15,202205,9,8950,11,2013
도봉구,쌍문동,쌍문동삼성래미안,84.9383,202205,9,84500,7,2002
도봉구,창동,북한산아이파크5차,165.1717,202205,12,143000,11,2004
도봉구,쌍문동,신건영주택A,63.23,202205,13,21700,5,2001
도봉구,창동,창동주공1단지,41.3,202205,13,59900,3,1990
도봉구,쌍문동,쌍문동LG트윈빌2,240.97,202205,13,85000,3,1999
도봉구,도봉동,신도봉,64.32,202205,14,32500,3,1994
도봉구,방학동,금광포란재아파트,59.611,202205,16,60000,7,2005
도봉구,창동,창동주공4단지,49.94,202205,18,66000,6,1991
도봉구,쌍문동,청구,84.63,202205,19,68000,8,1996
도봉구,도봉동,한신,84.94,202205,20,64000,10,1995
도봉구,방학동,신동아아파트1,43.35,202205,20,41000,10,1986
도봉구,쌍문동,피스플하우스,194.02,202205,21,44000,3,1998
도봉구,도봉동,한신,84.94,202205,23,68500,6,1995
도봉구,도봉동,한신,84.94,202205,24,67500,6,1995
도봉구,방학동,대원그린아파트,46.86,202205,25,36400,2,1987
도봉구,쌍문동,동익미라벨,84.53,202205,28,57900,12,1987
도봉구,쌍문동,북한산코오롱하늘채,84.98,202206,7,85500,14,2014
도봉구,쌍문동,한양2,28.71,202206,9,32500,14,1988
도봉구,방학동,신동아아파트1,51.27,202206,10,50000,9,1986
도봉구,쌍문동,성원,71.78,202206,10,60000,14,1989
도봉구,도봉동,한신,84.94,202206,23,62000,1,1995
도봉구,방학동,대상타운현대아파트,133.97,202207,5,117000,18,2001
도봉구,창동,창동주공2단지,41.3,202207,5,49000,12,1990
도봉구,도봉동,한신,84.94,202207,7,65000,10,1995
도봉구,도봉동,서울가든,75.33,202207,7,47000,6,1987
도봉구,창동,월가타워,15,202207,14,9600,9,2013
도봉구,도봉동,서원,49.77,202207,15,32000,9,1996
도봉구,창동,북한산아이파크5차,84.4516,202207,19,94000,10,2004
도봉구,방학동,신동아아파트1,43.35,202207,21,35650,8,1986
도봉구,쌍문동,성원,84.98,202207,21,63000,5,1989
도봉구,창동,창동신도브래뉴1차,84.989,202207,26,90000,16,2003
도봉구,창동,대우,59.71,202207,27,53000,5,1995
도봉구,방학동,신동아아파트1,43.35,202207,27,37000,14,1986
도봉구,방학동,신동아아파트1,62.22,202207,28,51000,12,1986
도봉구,창동,대우,84.88,202208,8,69000,18,1995
도봉구,방학동,퍼스티안,13.6794,202208,12,9900,11,2013
도봉구,창동,주공17단지,36.16,202208,13,41000,15,1989
도봉구,창동,삼성래미안,66.48,202208,17,70000,16,1992
도봉구,창동,중흥에스클래스,164.097,202208,18,115000,8,2001
도봉구,창동,스마트트라움,16.42,202208,19,17000,7,2021
도봉구,쌍문동,한양6,83.86,202208,19,55000,8,2002
도봉구,쌍문동,시그마팰리스,59.41,202208,24,34500,6,2003
도봉구,방학동,청구아파트,84.97,202209,2,60000,15,1994
도봉구,도봉동,한신,84.94,202209,2,60000,16,1995
도봉구,쌍문동,브라운스톤쌍문,74.8,202209,6,68000,2,2006
도봉구,방학동,퍼스티안,13.6794,202209,16,11500,12,2013
도봉구,창동,창동주공4단지,41.3,202209,17,45000,4,1991
도봉구,도봉동,한신,84.94,202209,21,60000,13,1995
도봉구,창동,창동주공2단지,36.16,202209,25,46000,14,1990
도봉구,방학동,우성아파트1,51.91,202209,26,41000,4,1992
도봉구,방학동,이에스에이아파트1,124.66,202209,28,95000,8,2003
도봉구,방학동,퍼스티안,13.6794,202210,25,9000,5,2013
도봉구,방학동,우성아파트2,84.98,202211,8,49800,8,1993
도봉구,창동,북한산아이파크5차,119.1731,202211,8,108000,10,2004
도봉구,창동,북한산아이파크5차,101.9176,202211,10,106200,7,2004
도봉구,도봉동,한신,84.94,202211,15,45500,5,1995
도봉구,창동,창동주공4단지,41.3,202211,18,33200,1,1991
도봉구,창동,창동주공3단지(해등마을),49.94,202211,18,55000,4,1990
도봉구,도봉동,유원도봉,84.93,202211,26,56500,11,1990
도봉구,창동,동아청솔,59.96,202211,27,56500,5,1997
도봉구,방학동,벽산아파트1,72.01,202212,1,36000,8,1991
도봉구,방학동,대상타운현대아파트,84.78,202212,7,72000,15,2001
도봉구,창동,한신APT,84.92,202212,12,36000,5,1999
도봉구,창동,창동주공1단지,41.3,202212,13,40000,9,1990
도봉구,도봉동,서원,49.77,202212,24,35000,4,1996
도봉구,창동,창동주공4단지,49.94,202212,29,43000,8,1991
도봉구,쌍문동,극동아파트,84.9,202212,30,45000,4,1996
도봉구,창동,초안산신도브래뉴,84.9991,202212,30,70000,7,2005
동대문구,휘경동,휘경미소지움,59.84,202201,4,77000,15,1999
동대문구,청량리동,한신,59.97,202201,6,80500,3,1997
동대문구,장안동,래미안장안2차,81.05,202201,8,98200,2,2007
동대문구,답십리동,래미안위브,84.98,202201,9,141000,3,2014
동대문구,답십리동,청계푸르지오시티,18.92,202201,12,13650,14,2015
동대문구,답십리동,보광타워,24.27,202201,12,23500,13,2019
동대문구,이문동,쌍용,59.99,202201,13,70000,2,2000
동대문구,제기동,동성네스트빌(1158-17),76.17,202201,19,60000,1,2003
동대문구,장안동,청명에버아트2차,37.07,202201,21,30800,13,2017
동대문구,제기동,한신아파트,84.76,202201,22,94000,8,2004
동대문구,이문동,대림e-편한세상,79.35,202201,22,98500,2,2003
동대문구,답십리동,우성그린,59.36,202201,25,71000,7,1997
동대문구,답십리동,두산위브,84.91,202201,26,122000,20,2007
동대문구,답십리동,청계푸르지오시티,18.92,202201,29,15000,16,2015
동대문구,청량리동,홍릉동부,59.7,202202,3,87000,14,2001
동대문구,휘경동,휘경베스트빌현대,59.92,202202,5,69000,10,2000
동대문구,장안동,장안현대홈타운(336),59.54,202202,11,91500,20,2003
동대문구,신설동,포레스트힐시티,14.75,202202,11,17400,15,2018
동대문구,청량리동,미주,101.65,202202,14,128000,8,1978
동대문구,이문동,중앙하이츠빌,114.84,202202,17,98000,14,2002
동대문구,제기동,한신아파트,59.84,202202,19,84700,17,2004
동대문구,장안동,신부파스카(319-2),84.94,202202,19,66500,5,2004
동대문구,전농동,래미안크레시티,59.99,202202,21,121800,11,2014
동대문구,이문동,대우,84.891,202202,25,92000,4,2001
동대문구,답십리동,힐스테이트청계,59.86,202202,26,112500,2,2018
동대문구,답십리동,청계푸르지오시티,18.92,202203,2,14600,6,2015
동대문구,장안동,글로벌팰리스,26.81,202203,3,30000,10,2019
동대문구,용두동,동대문푸르지오시티(도시형생활주택),30.11,202203,4,44000,12,2016
동대문구,장안동,장안위더스빌,111.59,202203,7,90000,20,2011
동대문구,답십리동,힐스테이트청계,59.81,202203,11,128500,22,2018
동대문구,장안동,청솔아파트B동,59.93,202203,14,39200,10,2015
동대문구,장안동,양우내안애애플,15.3388,202203,15,10200,5,2014
동대문구,용두동,동대문푸르지오시티(도시형생활주택),30.11,202203,16,44900,21,2016
동대문구,장안동,U-포그니,53.305,202203,18,31500,9,2016
동대문구,답십리동,래미안위브,84.98,202203,18,140000,15,2014
동대문구,장안동,동대문더퍼스트데시앙,84.9375,202203,20,85000,12,2019
동대문구,장안동,코지언레지던스,13.08,202203,24,10400,6,2013
동대문구,이문동,중앙하이츠빌,59.4,202203,27,75300,3,2002
동대문구,장안동,장안현대홈타운(336),84.87,202203,28,115000,15,2003
동대문구,청량리동,미주,137.42,202203,28,157000,14,1978
동대문구,청량리동,미주,127.11,202203,29,144000,2,1978
동대문구,전농동,전농우성,59.78,202203,30,73500,11,1992
동대문구,장안동,태솔아파트4차,53.19,202204,1,48500,9,2019
동대문구,회기동,신현대,84.96,202204,6,96000,9,1989
동대문구,장안동,한신아파트,84.9,202204,8,80000,11,1996
동대문구,휘경동,주공2,59.13,202204,9,79000,12,2001
동대문구,청량리동,현대,76.63,202204,12,80000,3,1987
동대문구,회기동,동일스카이시티2차,54.36,202204,14,33100,2,2005
동대문구,이문동,삼익,114.73,202204,15,105000,9,1997
동대문구,답십리동,삼희,81.72,202204,16,69000,4,1983
동대문구,답십리동,래미안엘파인아파트,84.94,202204,16,95000,4,2011
동대문구,이문동,대림e-편한세상,59.958,202204,19,86500,10,2003
동대문구,이문동,민족통일MJ캠퍼스외대3차,18.54,202204,21,23000,12,2022
동대문구,장안동,대성하이빌(A동),58.93,202204,21,39000,6,2004
동대문구,회기동,신현대,84.96,202204,22,80000,1,1989
동대문구,이문동,중앙하이츠빌,59.4,202204,23,78000,3,2002
동대문구,장안동,장안현대홈타운(336),58.42,202204,23,87000,7,2003
동대문구,답십리동,답십리청솔우성,59.89,202204,24,87000,4,2000
동대문구,답십리동,청계한신휴플러스,73.96,202204,24,117000,3,2010
동대문구,용두동,청계천대성스카이렉스2,84.99,202204,25,91000,17,2007
동대문구,휘경동,주공2,39.98,202204,26,56000,12,2001
동대문구,전농동,전농동삼성래미안,84.98,202204,30,105000,12,2000
동대문구,장안동,현대홈타운2차,76.07,202204,30,87000,12,2005
동대문구,휘경동,주공2,39.98,202204,30,56500,7,2001
동대문구,휘경동,롯데,59.94,202204,30,72500,7,2000
동대문구,답십리동,힐스테이트청계,84.85,202205,3,148000,15,2018
동대문구,전농동,전농우성,126.63,202205,4,103000,2,1992
동대문구,전농동,래미안크레시티,121.93,202205,4,168000,1,2014
동대문구,장안동,장안뉴시티,17.63,202205,6,10000,11,2012
동대문구,장안동,장안뉴시티,17.63,202205,6,10250,6,2012
동대문구,회기동,베라체캠퍼스,24.319,202205,9,23500,13,2013
동대문구,답십리동,현대썬앤빌청계,18.27,202205,11,10500,11,2016
동대문구,답십리동,답십리대우,59.76,202205,12,81000,17,2002
동대문구,장안동,장안뉴시티,17.63,202205,12,10250,10,2012
동대문구,이문동,민족통일MJ캠퍼스외대3차,18.54,202205,13,23000,12,2022
동대문구,용두동,신동아,58.59,202205,14,79700,10,1994
동대문구,용두동,신동아,84.63,202205,17,98000,7,1994
동대문구,답십리동,답십리청솔우성,114.76,202205,17,105000,3,2000
동대문구,장안동,장한평월드메르디앙,84.95,202205,25,87400,14,2006
동대문구,답십리동,래미안위브,84.99,202205,26,128000,1,2014
동대문구,답십리동,현대썬앤빌청계,14.21,202205,27,12100,9,2016
동대문구,장안동,장안뉴시티,17.53,202205,27,13000,9,2012
동대문구,장안동,장안뉴시티,17.63,202205,27,12000,11,2012
동대문구,전농동,래미안크레시티,84.98,202205,28,150000,20,2014
동대문구,전농동,전농동하우스토리,84.128,202205,29,84000,8,2007
동대문구,장안동,제이드파크(382-2),17.33,202205,30,13800,10,2014
동대문구,전농동,동대문롯데캐슬노블레스,84.98,202206,3,149000,20,2018
동대문구,답십리동,답십리청솔우성,84.94,202206,4,104000,6,2000
동대문구,이문동,대우,114.521,202206,4,103000,2,2001
동대문구,장안동,우성2차(334-6),71.35,202206,7,56000,6,2005
동대문구,답십리동,현대썬앤빌청계,18.38,202206,8,15000,7,2016
동대문구,답십리동,래미안미드카운티,123.06,202206,8,183000,11,2019
동대문구,답십리동,청계지웰,19.525,202206,10,13900,8,2012
동대문구,답십리동,래미안미드카운티,84.97,202206,14,149990,12,2019
동대문구,휘경동,휘경SK뷰,84.31,202206,16,133000,9,2019
동대문구,답십리동,래미안엘파인아파트,59.95,202206,25,84800,11,2011
동대문구,답십리동,센시티16,14.244,202207,1,10000,11,2013
동대문구,장안동,장안푸르미에,12.9463,202207,2,13500,8,2013
동대문구,답십리동,청계푸르지오시티,18.92,202207,7,14500,18,2015
동대문구,용두동,동대문푸르지오시티(도시형생활주택),19.51,202207,11,18350,19,2016
동대문구,답십리동,센시티16,14.244,202207,16,10000,16,2013
동대문구,전농동,전농SK,59.96,202207,16,82700,22,2000
동대문구,제기동,한신아파트,84.76,202207,18,79000,1,2004
동대문구,답십리동,청계푸르지오시티,18.92,202207,22,14250,3,2015
동대문구,장안동,아르떼하임,29.53,202207,23,27000,9,2019
동대문구,장안동,청명에버아트1차,50.86,202207,23,40800,6,2017
동대문구,이문동,대림e-편한세상,59.958,202207,30,79000,19,2003
동대문구,장안동,다우하임,51.74,202208,4,40000,13,2018
동대문구,장안동,한신아파트,84.9,202208,8,76300,10,1996
동대문구,답십리동,두산,114.97,202208,10,95000,10,2000
동대문구,답십리동,청계지웰,19.525,202208,12,14000,12,2012
동대문구,답십리동,신답극동,105.59,202208,12,67000,1,1987
동대문구,장안동,월튼파크뷰(342-21),46.405,202208,16,28000,12,2016
동대문구,이문동,쌍용,114.35,202208,18,90000,10,2000
동대문구,답십리동,센시티16,14.244,202208,18,10000,16,2013
동대문구,답십리동,센시티16,14.244,202208,20,10000,16,2013
동대문구,휘경동,휘경제이스카이아파트,84.43,202208,20,73000,14,2016
동대문구,답십리동,현대썬앤빌청계,14.82,202208,22,12500,12,2016
동대문구,답십리동,래미안위브,84.98,202208,22,124000,11,2014
동대문구,용두동,래미안 허브리츠,59.98,202208,25,101500,6,2011
동대문구,답십리동,래미안엘파인아파트,84.94,202209,8,81000,13,2011
동대문구,휘경동,주공2,59.13,202209,19,63000,21,2001
동대문구,답십리동,두산,84.83,202209,19,83000,8,2000
동대문구,답십리동,센시티16,14.244,202209,19,10000,16,2013
동대문구,장안동,동대문더퍼스트데시앙,59.8074,202209,28,87000,3,2019
동대문구,이문동,민족통일MJ캠퍼스외대3차,18,202209,30,26400,16,2022
동대문구,장안동,청솔아파트B동,53.79,202210,6,37900,8,2015
동대문구,전농동,동대문롯데캐슬노블레스,84.98,202210,11,120000,17,2018
동대문구,장안동,장안푸르미에,12.6512,202210,13,12500,3,2013
동대문구,휘경동,휘경센트레빌,114.99,202210,18,120000,10,2011
동대문구,용두동,청재제일타운,83.76,202210,30,60000,7,2005
동대문구,답십리동,답십리한화,84.86,202211,1,85000,10,2001
동대문구,용두동,용두두산위브,84.99,202211,1,94000,18,2009
동대문구,답십리동,한일노벨리아,14.76,202211,3,13400,15,2016
동대문구,장안동,U-포그니,59.15,202211,16,39000,5,2016
동대문구,장안동,장안뉴시티,17.63,202211,17,10050,8,2012
동대문구,답십리동,동아,84.72,202211,19,70500,13,2001
동대문구,장안동,장안푸르미에,12.9463,202211,26,12500,6,2013
동대문구,용두동,동대문푸르지오시티(도시형생활주택),30.11,202211,26,37500,6,2016
동대문구,답십리동,힐스테이트청계,84.85,202211,30,120000,26,2018
동대문구,답십리동,래미안위브,84.98,202212,2,97000,4,2014
동대문구,답십리동,래미안위브,84.98,202212,4,102000,20,2014
동대문구,전농동,래미안크레시티,84.96,202212,6,105000,6,2014
동대문구,전농동,래미안크레시티,84.96,202212,9,105000,9,2014
동대문구,장안동,래미안장안,115.681,202212,11,93000,12,2003
동대문구,장안동,한신아파트,84.9,202212,16,60000,15,1996
동대문구,용두동,용두두산위브,59.99,202212,17,76600,13,2009
동대문구,장안동,래미안장안2차,81.05,202212,20,86000,6,2007
동대문구,휘경동,동성,25.34,202212,21,32800,6,2001
동대문구,장안동,장안현대홈타운(336),84.87,202212,22,74500,10,2003
동대문구,답십리동,래미안미드카운티,84.97,202212,23,103000,12,2019
동대문구,전농동,래미안크레시티,84.96,202212,25,110000,11,2014
동대문구,이문동,대림e-편한세상,84.972,202212,31,76500,11,2003
동작구,상도동,건영,32.8,202201,15,62000,8,1997
동작구,상도동,쌍용스윗닷홈,59.578,202201,20,100700,9,2003
동작구,사당동,삼호그린,84.72,202201,24,100000,2,1999
동작구,상도동,상도2차갑을명가,84.33,202201,24,70000,5,2006
동작구,상도동,힐스테이트 상도 프레스티지,84.951,202202,5,159700,13,2013
동작구,흑석동,흑석동양아파트,59.511,202202,9,92500,5,2003
동작구,흑석동,한강현대,66.225,202202,11,150000,14,1988
동작구,대방동,드림빌라트,73.49,202202,12,56000,3,2001
동작구,상도동,중앙하이츠빌,84.9883,202202,15,123500,7,2003
동작구,사당동,사당자이,114.94,202202,16,129000,22,1999
동작구,사당동,사당휴브리지(206-127),12.81,202202,16,15500,11,2015
동작구,신대방동,보라매파크빌,84.77,202202,19,115000,12,2002
동작구,대방동,(99-1),71.025,202202,19,53500,5,2001
동작구,사당동,경남아너스빌(대아3),42.63,202202,21,76000,11,1998
동작구,대방동,주공2,51.66,202203,4,84500,14,1995
동작구,상도동,두산위브트레지움2차,84.9988,202203,4,153500,15,2016
동작구,사당동,경남아너스빌1차,59.9,202203,5,82500,14,1997
동작구,상도1동,현진베스트빌,82,202203,7,55500,2,2003
동작구,사당동,두산위브트레지움,59.773,202203,8,130000,15,2011
동작구,대방동,대림아파트,164.79,202203,11,198000,14,1993
동작구,노량진동,신동아리버파크,84.88,202203,15,126000,14,2001
동작구,상도동,상도2차갑을명가,84.33,202203,16,79500,12,2006
동작구,대방동,경남아너스빌,84.805,202203,19,130000,10,2006
동작구,상도동,건영(103동-106동),84.94,202203,19,110000,14,1997
동작구,사당동,삼호그린,59.96,202203,21,83500,8,1999
동작구,상도동,건영,114.96,202203,28,128000,16,1997
동작구,상도동,두산위브트레지움2차,84.9736,202204,1,160000,16,2016
동작구,사당동,르메이에르,59.4,202204,2,80000,16,2001
동작구,사당동,사당자이,84.49,202204,4,105300,3,1999
동작구,흑석동,흑석한강센트레빌Ⅱ,84.99,202204,5,160000,6,2012
동작구,흑석동,한강현대,66.225,202204,6,150000,10,1988
동작구,상도동,원,84.74,202204,7,63000,2,2006
동작구,상도동,현대(관악),58.59,202204,8,81000,14,1992
동작구,상도동,포스코더샵,152.222,202204,11,125000,6,2007
동작구,대방동,성원,84.32,202204,12,95000,12,1994
동작구,상도동,현산푸른숲,122.92,202204,14,85500,4,2007
동작구,사당동,사당우성2,84.66,202204,15,148000,15,1993
동작구,흑석동,한강현대,66.225,202204,15,154000,6,1988
동작구,흑석동,아크로리버하임,84.7536,202204,16,248000,10,2019
동작구,신대방동,신동아,48.18,202204,16,58000,10,1993
동작구,사당동,제일,60.03,202204,16,89000,7,1987
동작구,신대방동,한성,59.87,202204,17,89000,8,1995
동작구,상도동,씨티아모리움,15.5895,202204,20,16000,3,2012
동작구,상도동,힐스테이트 상도 센트럴파크,84.6099,202204,21,162900,16,2012
동작구,사당동,신동아4,59.89,202204,22,100800,3,1993
동작구,노량진동,우성,59.82,202204,23,104500,13,1997
동작구,상도동,씨티아모리움,12.7071,202204,23,11000,4,2012
동작구,사당동,신동아4,118.25,202204,25,160000,12,1993
동작구,대방동,보라매코오롱하늘채,84.7,202204,27,110000,18,2005
동작구,대방동,대림아파트,84.92,202204,29,159500,7,1993
동작구,사당동,사당우성3,59.89,202204,29,119000,13,1993
동작구,상도동,포스코더샵,84.992,202204,30,136000,1,2007
동작구,상도동,래미안상도3차,114.97,202205,2,155000,5,2004
동작구,상도동,중앙하이츠빌,123.6025,202205,9,149500,20,2003
동작구,상도동,래미안상도3차,59.97,202205,9,125000,4,2004
동작구,노량진동,신동아리버파크,114.75,202205,10,120000,11,2001
동작구,사당동,극동(105),109.7,202205,11,122000,8,1993
동작구,신대방동,보라매자이더포레스트,59.9365,202205,11,115000,15,2021
동작구,사당동,사당우성3,59.89,202205,11,111000,7,1993
동작구,노량진동,메가스터디타워,21.746,202205,14,24000,16,2015
동작구,상도동,건영,32.8,202205,16,61500,12,1997
동작구,상도1동,노블리움,84.7,202205,16,44000,5,2003
동작구,흑석동,롯데캐슬에듀포레,59.8718,202205,17,141000,6,2018
동작구,흑석동,롯데캐슬에듀포레,59.8718,202205,17,141000,6,2018
동작구,상도동,상도갑을명가1차,84.8,202205,19,74000,8,2006
동작구,상도동,상도동삼호아파트,114.63,202205,19,114500,10,1994
동작구,상도동,상도동삼호아파트,84.52,202205,20,67900,14,1994
동작구,상도동,상도2차갑을명가,84.33,202205,20,78800,9,2006
동작구,사당동,롯데캐슬,155.6,202205,21,160000,11,2003
동작구,상도동,중앙,76.98,202205,21,49700,4,2002
동작구,상도동,상도동삼호아파트,114.63,202205,21,113000,15,1994
동작구,대방동,보라매코오롱하늘채,84.7,202205,24,103500,8,2005
동작구,상도동,상도휴엔하임,14.7,202205,24,13500,3,2016
동작구,대방동,주공2,58.65,202205,28,106500,5,1995
동작구,사당동,사당휴브리지(206-127),12.42,202205,31,14500,11,2015
동작구,흑석동,흑석한강푸르지오,59.84,202206,1,146000,4,2012
동작구,대방동,그린힐,74.47,202206,1,62000,3,2003
동작구,본동,삼성래미안,114.9855,202206,2,149000,7,2004
동작구,대방동,보라매센트럴타운,16.9036,202206,8,26500,6,2021
동작구,대방동,보라매센트럴타운,17.3185,202206,8,27550,8,2021
동작구,대방동,보라매센트럴타운,17.3185,202206,8,27700,10,2021
동작구,대방동,보라매센트럴타운,17.3185,202206,8,27800,9,2021
동작구,대방동,보라매센트럴타운,17.3185,202206,8,27400,7,2021
동작구,대방동,보라매센트럴타운,17.3185,202206,8,26450,4,2021
동작구,대방동,보라매센트럴타운,17.3185,202206,8,27400,7,2021
동작구,대방동,보라매센트럴타운,17.3185,202206,8,27700,11,2021
동작구,대방동,보라매센트럴타운,17.3185,202206,8,27400,7,2021
동작구,대방동,보라매센트럴타운,17.3185,202206,8,25400,2,2021
동작구,대방동,보라매센트럴타운,17.3185,202206,8,25900,3,2021
동작구,대방동,보라매센트럴타운,16.9036,202206,8,27000,9,2021
동작구,대방동,보라매센트럴타운,16.9036,202206,8,26500,5,2021
동작구,대방동,보라매센트럴타운,17.3185,202206,8,26450,4,2021
동작구,대방동,보라매센트럴타운,17.3185,202206,8,27700,10,2021
동작구,대방동,보라매센트럴타운,16.9036,202206,8,25150,3,2021
동작구,대방동,보라매센트럴타운,16.9036,202206,8,27000,10,2021
동작구,대방동,보라매센트럴타운,17.3185,202206,8,27800,10,2021
동작구,대방동,보라매센트럴타운,17.3185,202206,8,27700,10,2021
동작구,대방동,보라매센트럴타운,17.3185,202206,8,25900,3,2021
동작구,대방동,보라매센트럴타운,17.3185,202206,8,27700,9,2021
동작구,대방동,보라매센트럴타운,16.9036,202206,8,27000,10,2021
동작구,대방동,보라매센트럴타운,17.3185,202206,8,27700,10,2021
동작구,대방동,보라매센트럴타운,17.3185,202206,8,25350,2,2021
동작구,대방동,보라매센트럴타운,17.3185,202206,8,25950,3,2021
동작구,대방동,보라매센트럴타운,17.3185,202206,8,27550,8,2021
동작구,대방동,보라매센트럴타운,17.3185,202206,8,27550,7,2021
동작구,대방동,보라매센트럴타운,16.9036,202206,8,26500,5,2021
동작구,대방동,보라매센트럴타운,17.7132,202206,8,29100,11,2021
동작구,대방동,보라매센트럴타운,17.3185,202206,8,25900,3,2021
동작구,대방동,보라매센트럴타운,17.3185,202206,8,27400,8,2021
동작구,대방동,보라매센트럴타운,17.3185,202206,8,27550,12,2021
동작구,대방동,보라매센트럴타운,17.3185,202206,8,27700,9,2021
동작구,대방동,보라매센트럴타운,17.3185,202206,8,27800,9,2021
동작구,대방동,보라매센트럴타운,16.9036,202206,8,26500,6,2021
동작구,대방동,보라매센트럴타운,17.3185,202206,8,27700,11,2021
동작구,대방동,보라매센트럴타운,17.3185,202206,8,27400,8,2021
동작구,대방동,보라매센트럴타운,17.3185,202206,8,27700,10,2021
동작구,대방동,보라매센트럴타운,16.9036,202206,8,26500,6,2021
동작구,사당동,사당롯데캐슬골든포레,84.9787,202206,10,110200,14,2021
동작구,사당동,극동(105),84.32,202206,10,107000,1,1993
동작구,사당동,래미안로이파크,84.98,202206,11,173000,16,2018
동작구,흑석동,롯데캐슬에듀포레,59.8718,202206,12,150000,9,2018
동작구,대방동,아데나339,13.58,202207,22,12250,7,2012
동작구,사당동,제일,60.03,202207,28,84000,2,1987
동작구,상도동,상도휴엔하임,14.7,202207,30,14700,9,2016
동작구,사당동,제일,60.03,202208,5,90000,8,1987
동작구,상도동,힐스테이트 상도 센트럴파크,59.7754,202208,8,115000,10,2012
동작구,신대방동,보라매나산스위트,219.51,202208,17,190000,23,1996
동작구,사당동,극동(105),46.75,202208,24,63000,4,1993
동작구,사당동,사당우성3,59.89,202208,25,101000,7,1993
동작구,흑석동,해가든,116.04,202208,25,154000,11,2010
동작구,대방동,대림아파트,59.84,202208,26,110000,5,1993
동작구,상도동,힐스테이트 상도 센트럴파크,84.6099,202209,1,125000,15,2012
동작구,노량진동,우성,84.96,202209,2,106000,8,1997
동작구,사당동,해맑은,47.85,202209,4,24000,5,2003
동작구,대방동,대방동현대,84.96,202209,15,94500,17,1994
동작구,노량진동,신동아리버파크,59.67,202209,17,82000,16,2001
동작구,상도동,청운,50.37,202209,29,23000,5,1994
동작구,상도동,쌍용스윗닷홈,59.578,202209,29,88000,7,2003
동작구,노량진동,우성,124.77,202209,30,111000,16,1997
동작구,대방동,아데나339,15.36,202210,7,12700,3,2012
동작구,사당동,신동아5,59.67,202210,8,85000,10,1998
동작구,상도동,이수브라운스톤상도(527-0),59.91,202210,8,108500,14,2007
동작구,사당동,사당휴브리지(206-127),12.49,202210,21,14500,8,2015
동작구,상도동,상도휴엔하임,14.7,202210,24,14000,6,2016
동작구,사당동,삼호그린,59.58,202211,9,70000,7,1999
동작구,사당동,사당자이,114.94,202211,10,115000,1,1999
동작구,사당동,사당우성3,59.89,202211,29,90000,5,1993
동작구,사당동,신동아4,59.89,202211,30,77900,1,1993
동작구,신대방동,경남교수,113.93,202212,3,110000,20,2001
동작구,노량진동,우성,84.96,202212,17,90000,11,1997
동작구,흑석동,롯데캐슬에듀포레,84.9912,202212,19,150000,15,2018
동작구,신대방동,경남교수,84.94,202212,31,86500,20,2001
동작구,상도동,힐스테이트 상도 센트럴파크,84.6099,202212,31,115000,5,2012
마포구,상수동,신구강변연가,187.426,202201,4,250000,15,2004
마포구,노고산동,신촌포스빌,32.34,202201,4,27000,15,2004
마포구,신공덕동,대우메트로디오빌,49.97,202201,5,71000,27,2005
마포구,현석동,래미안웰스트림,114.99,202201,9,202500,2,2016
마포구,대흥동,마포태영,84.77,202201,15,175000,11,1999
마포구,창전동,마포웨스트리버태영데시앙,84.391,202201,15,144300,1,2019
마포구,망원동,광남캐스빌B,65.5,202201,15,40000,7,2002
마포구,도화동,한화오벨리스크,49.87,202201,19,79500,11,2004
마포구,도화동,한화오벨리스크,38.88,202201,20,59500,10,2004
마포구,염리동,우리파크아파트,22.18,202201,24,60000,4,2021
마포구,염리동,우리파크아파트,22.04,202201,24,60000,4,2021
마포구,염리동,우리파크아파트,19.71,202201,24,60000,4,2021
마포구,염리동,우리파크아파트,19.72,202201,24,60000,3,2021
마포구,창전동,신촌태영데시앙,84.97,202201,24,127000,6,2003
마포구,망원동,스카이캐슬,45.18,202201,27,54500,2,2019
마포구,아현동,공덕자이,59.99,202201,27,150000,6,2015
마포구,연남동,코오롱,59.76,202201,28,102000,7,2003
마포구,노고산동,신촌포스빌,32.34,202202,5,27500,11,2004
마포구,하중동,한강밤섬자이,132.54,202202,7,200000,4,2010
마포구,공덕동,공덕현대,51.62,202202,11,92000,3,1989
마포구,상암동,상암월드컵파크7단지,84.74,202202,12,135000,8,2005
마포구,서교동,대우미래사랑,34.29,202202,14,29700,9,2005
마포구,아현동,삼환나띠르빌,84.9,202202,15,115000,2,2003
마포구,마포동,비체힐리버뷰,16.6071,202202,15,11400,2,2012
마포구,도화동,현대홈타운,113.25,202202,15,151500,9,2000
마포구,노고산동,현대벤처빌,34.64,202202,23,25800,4,2002
마포구,신공덕동,신공덕래미안2차,84.73,202202,26,129000,13,2000
마포구,망원동,솔루체2차아파트,48.31,202202,28,69000,5,2022
마포구,신공덕동,공덕프로포즈Ⅱ,14.03,202203,2,16100,17,2015
마포구,신공덕동,신공덕래미안2차,59.48,202203,2,104000,4,2000
마포구,성산동,성산시영(유원),59.43,202203,9,126000,6,1986
마포구,서교동,대우미래사랑,34.29,202203,12,29700,10,2005
마포구,공덕동,래미안공덕4차,59.9,202203,17,143000,6,2005
마포구,망원동,신부파스카4차,75.42,202203,17,85700,13,2004
마포구,망원동,미원2,59.79,202203,17,66000,1,1997
마포구,도화동,고려,81.72,202203,18,94300,14,1984
마포구,성산동,성산시영(유원),59.43,202203,18,124500,6,1986
마포구,공덕동,솔리스타,14.29,202203,19,16500,15,2018
마포구,공덕동,공덕3삼성래미안,84.98,202203,19,170000,16,2004
마포구,공덕동,공덕3삼성래미안,84.98,202203,19,170000,16,2004
마포구,대흥동,마포태영,114.93,202203,20,194500,21,1999
마포구,토정동,한강삼성,59.97,202203,22,117000,6,1997
마포구,공덕동,래미안공덕4차,59.9,202203,23,143000,11,2005
마포구,공덕동,공덕1삼성래미안,84.94,202203,23,156000,13,1999
마포구,연남동,코오롱,84.936,202203,24,120000,6,2003
마포구,마포동,비체힐리버뷰,16.5186,202203,28,14580,6,2012
마포구,성산동,성산시영(대우),50.03,202203,28,107000,11,1986
마포구,신공덕동,대우메트로디오빌,34.39,202203,29,45500,26,2005
마포구,상암동,상암월드컵파크3단지,84.94,202204,4,110000,5,2003
마포구,망원동,신부파스카4차,84.62,202204,4,80000,7,2004
마포구,성산동,부림베스트빌,83.41,202204,5,68000,4,2002
마포구,도화동,도화동현대,54.72,202204,7,105000,13,1996
마포구,공덕동,공덕더샵,84.9902,202204,13,177000,18,2018
마포구,마포동,비체힐리버뷰,18.7586,202204,14,14000,6,2012
마포구,망원동,대림1,84.96,202204,16,127300,16,2002
마포구,창전동,중앙하이츠101동,57.86,202204,16,55000,3,2007
마포구,대흥동,마포태영,84.77,202204,19,173000,17,1999
마포구,아현동,마포래미안푸르지오3단지,59.9656,202204,22,150000,4,2014
마포구,망원동,한강그린1차아파트,60.04,202204,23,60000,2,2011
마포구,노고산동,현대벤처빌,34.64,202204,26,26000,4,2002
마포구,마포동,비체힐리버뷰,14.5586,202204,26,14000,7,2012
마포구,대흥동,마포태영,59.4,202204,27,130000,12,1999
마포구,성산동,성산시영(선경),50.54,202204,28,115800,13,1986
마포구,염리동,염리삼성래미안,114.48,202204,30,171000,10,2001
마포구,신공덕동,신공덕래미안3차,59.96,202204,30,132000,21,2003
마포구,현석동,래미안웰스트림,84.96,202205,1,180000,11,2016
마포구,성산동,성산시영(대우),50.03,202205,3,106000,7,1986
마포구,노고산동,신촌포스빌,32.34,202205,4,27500,14,2004
마포구,염리동,상록,58.71,202205,5,88000,4,1997
마포구,도화동,한화오벨리스크,75.72,202205,5,120000,23,2004
마포구,대흥동,마포태영,59.4,202205,6,124500,19,1999
마포구,중동,백명TRENDYAPT,107.17,202205,6,80000,4,2004
마포구,성산동,성산월드타운대림,117.898,202205,6,128000,8,2004
마포구,연남동,대명,59.99,202205,7,83000,7,1995
마포구,창전동,창전래미안,114.82,202205,9,130000,5,1998
마포구,도화동,우성,141.515,202205,10,182000,3,1991
마포구,망원동,참존1차(419-3),63.08,202205,11,65000,6,2005
마포구,염리동,마포프레스티지자이,42.9683,202205,12,116000,3,2021
마포구,합정동,펠리스아트빌,99.6,202205,12,98000,2,2003
마포구,성산동,한림101동,80.14,202205,13,69000,6,2004
마포구,상암동,상암월드컵파크2단지,59.92,202205,13,110000,6,2003
마포구,공덕동,공덕1삼성래미안,59.74,202205,14,129000,4,1999
마포구,성산동,성산시영(대우),50.03,202205,16,102000,10,1986
마포구,대흥동,마포태영,59.4,202205,18,127000,16,1999
마포구,마포동,강변한신코아,77.22,202205,19,91000,9,1992
마포구,상암동,상암월드컵파크5단지,104.69,202205,20,124000,6,2005
마포구,상암동,DMC상암센트럴파크2단지,51.98,202205,24,84500,8,2009
마포구,염리동,마포프레스티지자이,59.9213,202205,25,141000,7,2021
마포구,공덕동,공덕3삼성래미안,59.97,202205,25,148000,3,2004
마포구,창전동,신촌금호,84.87,202205,26,94000,2,2001
마포구,창전동,신촌태영데시앙,84.97,202205,28,120000,11,2003
마포구,신공덕동,신공덕1차삼성래미안1아파트,59.76,202205,28,128000,18,2000
마포구,도화동,우성,141.515,202205,30,170000,14,1991
마포구,아현동,마포래미안푸르지오4단지,84.8919,202205,31,187500,17,2014
마포구,망원동,솔루체,54.13,202206,2,73000,4,2021
마포구,연남동,코오롱,59.76,202206,4,103000,8,2003
마포구,상수동,신구강변연가,152.336,202206,6,220000,11,2004
마포구,도화동,삼성,84.985,202206,7,162000,4,1997
마포구,서교동,센트레,81.35,202206,7,62000,2,2002
마포구,상암동,상암월드컵파크6단지,84.53,202206,9,124000,13,2005
마포구,공덕동,공덕3삼성래미안,84.98,202206,11,159700,6,2004
마포구,아현동,서서울삼성,48.92,202206,13,81000,16,1998
마포구,마포동,비체힐리버뷰,18.2771,202206,16,15000,1,2012
마포구,상암동,상암월드컵파크9단지,84.98,202206,24,105000,3,2010
마포구,대흥동,서희스타힐스,12.85,202207,5,21200,12,2014
마포구,망원동,동보프리미아,63.02,202207,14,60000,10,2004
마포구,상암동,상암월드컵파크7단지,84.45,202207,23,114000,4,2005
마포구,서교동,대우미래사랑,34.29,202207,26,31700,8,2005
마포구,서교동,에덴지우,70.91,202208,13,64500,7,2011
마포구,성산동,삼우캐슬,71.04,202208,16,52000,3,2008
마포구,도화동,우성,68.94,202208,18,118000,14,1991
마포구,아현동,마포래미안푸르지오2단지,114.7267,202208,19,220000,23,2014
마포구,아현동,마포래미안푸르지오4단지,59.9656,202208,26,145000,7,2014
마포구,염리동,마포자이,84.692,202208,27,160000,1,2003
마포구,합정동,현대하이츠,35.29,202209,20,53000,7,2004
마포구,염리동,상록,58.71,202209,26,70000,15,1997
마포구,신공덕동,대우메트로디오빌,35.14,202210,1,42500,27,2005
마포구,대흥동,신촌그랑자이(1단지),84.98,202210,6,160000,12,2020
마포구,공덕동,래미안공덕5차,113.866,202210,8,187000,14,2011
마포구,공덕동,래미안공덕5차,84.851,202210,15,153000,5,2011
마포구,공덕동,래미안공덕5차,84.851,202210,15,152000,5,2011
마포구,도화동,삼성,114.74,202210,24,132000,11,1997
마포구,연남동,코오롱,84.936,202210,29,115000,10,2003
마포구,상암동,상암월드컵파크2단지,59.92,202211,10,80000,13,2003
마포구,성산동,삼익플라주서교2차,81.09,202211,15,53000,6,2007
마포구,상수동,신구강변연가,152.336,202211,18,215000,12,2004
마포구,성산동,현대하이츠아파트,84.7,202211,18,82000,5,2007
마포구,염리동,상록,57.88,202211,19,68000,13,1997
마포구,염리동,우리파크아파트,22.92,202211,28,61000,1,2021
마포구,아현동,마포래미안푸르지오3단지,59.9656,202211,29,113000,7,2014
마포구,망원동,신부파스카5차,37.21,202212,8,34800,5,2013
마포구,공덕동,래미안공덕4차,59.9,202212,10,102000,9,2005
마포구,도화동,삼성,136.65,202212,20,128000,17,1997
마포구,성산동,성산시영(대우),50.03,202212,24,79000,2,1986
마포구,중동,마포중동현대,59.88,202212,26,81500,20,2001
마포구,현석동,반도유보라아일랜드,122.6843,202212,30,195000,6,2008
서대문구,홍은동,북한산두산위브,84.98,202201,7,101000,17,2020
서대문구,북아현동,신촌푸르지오,109.0901,202201,8,175000,6,2015
서대문구,홍제동,유원하나,72.34,202201,15,65000,18,1996
서대문구,연희동,연희파크푸르지오,59.9835,202201,25,108000,6,2018
서대문구,홍은동,유원,84.6,202201,26,69000,12,1987
서대문구,연희동,대우푸르지오,84.706,202201,28,99500,6,2002
서대문구,북아현동,e편한세상신촌1단지,59.85,202201,29,147000,17,2018
서대문구,홍제동,홍제센트럴IPARK,84.9602,202202,3,129000,3,2020
서대문구,홍제동,인왕,70.68,202202,9,56000,4,1968
서대문구,홍은동,풍림1차,56.61,202202,11,59200,5,1988
서대문구,남가좌동,DMC파크뷰자이2단지,84.968,202202,11,130000,3,2015
서대문구,남가좌동,DMC센트럴아이파크,59.99,202202,14,109500,5,2018
서대문구,연희동,대우푸르지오,114.705,202202,15,129000,15,2002
서대문구,대현동,럭키대현,59.7,202202,18,50000,15,1999
서대문구,남가좌동,DMC파크뷰자이3단지,59.981,202203,2,108500,9,2015
서대문구,대현동,럭키대현,121.6,202203,3,129500,3,1999
서대문구,북아현동,두산,59.96,202203,3,95000,11,1999
서대문구,홍제동,홍제한양,60.06,202203,5,79600,5,1993
서대문구,홍제동,홍제삼성래미안,60,202203,5,71000,4,2001
서대문구,홍은동,두산,84.84,202203,5,76000,7,1997
서대문구,남가좌동,디엠씨엘가,30.36,202203,11,32000,5,2017
서대문구,홍제동,에이원,58.66,202203,12,46800,7,2015
서대문구,현저동,독립문극동(200-0),84.87,202203,21,120000,21,1998
서대문구,남가좌동,남가좌동현대,59.4,202203,21,82700,8,1999
서대문구,홍제동,청구1차,84.78,202203,22,107500,5,1994
서대문구,충정로3가,동호,79.52,202203,22,115000,4,2003
서대문구,홍제동,청구1차,84.78,202203,25,111000,18,1994
서대문구,천연동,천연뜨란채,55.82,202203,26,98000,18,2006
서대문구,창천동,연대JK,24.09,202203,28,18000,5,2012
서대문구,대현동,신촌자이엘라,25.21,202203,31,28000,23,2014
서대문구,남가좌동,DMC파크뷰자이2단지,84.909,202203,31,134000,15,2015
서대문구,냉천동,돈의문센트레빌,84.99,202203,31,149000,10,2011
서대문구,북아현동,조은2차,73.81,202204,6,115000,4,2004
서대문구,홍제동,홍제한양,60.06,202204,7,78000,2,1993
서대문구,충정로3가,충정리시온,44.88,202204,8,57900,14,2004
서대문구,연희동,충우,38.61,202204,11,27800,6,2003
서대문구,홍제동,홍제원현대(459-0),59.93,202204,12,79000,17,2000
서대문구,홍은동,유원,54.54,202204,13,53000,1,1987
서대문구,홍제동,마체스터,140.51,202204,15,60000,2,2008
서대문구,홍제동,홍제센트럴IPARK,59.9728,202204,18,130000,3,2020
서대문구,창천동,씨밀레,82.65,202204,19,70000,4,2004
서대문구,남가좌동,DMC센트레빌,84.87,202204,20,115000,2,2009
서대문구,북아현동,e편한세상신촌4단지,84.82,202204,20,160000,2,2018
서대문구,충정로3가,미동,55.57,202204,20,48000,5,1969
서대문구,충정로3가,충정리시온,38.7,202204,30,41700,9,2004
서대문구,남가좌동,DMC에코자이,59.79,202204,30,110000,3,2019
서대문구,북아현동,e편한세상신촌3단지,59.96,202205,1,133000,2,2018
서대문구,연희동,시민,63.6,202205,4,22500,4,1978
서대문구,홍제동,홍제헤렌,59.64,202205,7,51500,7,2018
서대문구,냉천동,돈의문센트레빌,114.98,202205,14,171000,9,2011
서대문구,북아현동,두산,59.96,202205,14,96000,8,1999
서대문구,북아현동,성우아파트,84.48,202205,14,123000,5,2005
서대문구,홍은동,미건스카이빌,84.92,202205,14,53500,3,2003
서대문구,홍제동,홍제한양,60.06,202205,16,77000,9,1993
서대문구,홍제동,홍제원현대(459-0),59.93,202205,16,65000,15,2000
서대문구,북아현동,비버리힐,129.22,202205,16,80000,7,2005
서대문구,합동,에스케이뷰,59.956,202205,17,115000,14,2008
서대문구,대현동,파라타워,16.299,202205,18,23000,6,2020
서대문구,남가좌동,남가좌동현대,59.4,202205,20,81000,15,1999
서대문구,홍제동,홍제삼성래미안,60,202205,20,75000,4,2001
서대문구,북아현동,e편한세상신촌1단지,84.93,202205,21,165000,16,2018
서대문구,북아현동,e편한세상신촌1단지,84.93,202205,21,150000,6,2018
서대문구,연희동,연희궁,42.38,202205,23,12000,4,1972
서대문구,홍제동,청구3차,59.4,202205,24,73000,7,2001
서대문구,홍제동,홍제센트럴IPARK,84.9728,202205,24,135000,14,2020
서대문구,대현동,파라타워,15.792,202205,25,23600,7,2020
서대문구,연희동,연희파크푸르지오,84.4317,202205,27,114500,3,2018
서대문구,천연동,천연뜨란채,57.78,202205,28,98000,8,2006
서대문구,남가좌동,DMC파크뷰자이1단지,84.971,202205,29,131000,4,2015
서대문구,남가좌동,DMC에코자이,59.79,202206,3,110000,7,2019
서대문구,남가좌동,디엠씨엘가,13.03,202206,7,13750,5,2017
서대문구,남가좌동,디엠씨엘가,30.36,202206,7,33500,7,2017
서대문구,연희동,은하,102.48,202206,8,30000,1,1971
서대문구,북아현동,e편한세상신촌4단지,84.89,202206,9,177000,5,2018
서대문구,창천동,엘르빌2차,66.18,202206,9,50000,5,2002
서대문구,홍제동,홍제역해링턴플레이스,59.99,202206,11,116000,10,2021
서대문구,연희동,대우푸르지오,114.705,202206,14,105000,1,2002
서대문구,홍제동,홍제삼성래미안,32.76,202206,16,44500,1,2001
서대문구,남가좌동,쌍용스윗닷홈,84.98,202206,22,110000,8,2005
서대문구,홍제동,청구1차,84.78,202206,24,95500,17,1994
서대문구,홍제동,에이원,81.44,202207,2,81000,8,2015
서대문구,홍은동,극동,84.92,202207,4,56000,6,1995
서대문구,북아현동,북아현1차,100.1,202207,6,90500,5,2001
서대문구,연희동,성원,84.95,202207,12,95000,18,2001
서대문구,북아현동,신촌푸르지오,84.9559,202207,16,142000,3,2015
서대문구,연희동,연희자이엘라,13.642,202207,16,15400,12,2014
서대문구,홍은동,두산,59.96,202207,18,63000,1,1997
서대문구,남가좌동,DMC파크뷰자이2단지,84.99,202208,16,107000,14,2015
서대문구,홍은동,동림,84.74,202208,17,66500,8,2001
서대문구,북아현동,두산,59.96,202208,21,82000,2,1999
서대문구,홍제동,청구1차,84.78,202208,27,91000,7,1994
서대문구,홍은동,홍은동벽산,84.96,202209,17,69000,12,1997
서대문구,남가좌동,DMC파크뷰자이1단지,84.971,202209,21,122000,16,2015
서대문구,남가좌동,DMC래미안클라시스,114.93,202209,24,101000,2,2000
서대문구,대현동,럭키대현,83.38,202209,30,104500,8,1999
서대문구,홍은동,홍은동벽산,84.78,202210,1,70000,14,1997
서대문구,남가좌동,DMC파크뷰자이1단지,84.971,202210,7,120000,27,2015
서대문구,남가좌동,디엠씨엘가,17.23,202210,8,21000,10,2017
서대문구,남가좌동,DMC센트럴아이파크,84.9,202210,21,108000,16,2018
서대문구,홍은동,홍은센트레빌,59.96,202210,30,80000,5,2009
서대문구,창천동,연대JK,24.09,202211,16,18500,5,2012
서대문구,연희동,연희자이엘라,13.642,202211,20,15000,3,2014
서대문구,북가좌동,DMC현대아파트,84.95,202211,25,65000,8,2000
서대문구,연희동,연희웨스트팰리스,13.12,202212,14,12300,2,2014
서대문구,홍은동,북한산더샵,84.832,202212,17,103000,17,2017
서대문구,현저동,독립문극동(200-0),102.45,202212,21,100000,22,1998
서대문구,남가좌동,DMC에코자이,59.79,202212,21,84000,6,2019
서대문구,북가좌동,DMC래미안e편한세상,120.95,202212,26,125000,9,2012
서초구,방배동,삼호2,127.94,202201,3,225000,10,1976
서초구,방배동,방배대우디오빌,29.6,202201,6,32000,17,2005
서초구,잠원동,반포센트럴자이,84.95,202201,6,340000,13,2020
서초구,서초동,서초동삼성쉐르빌2,35.22,202201,6,30500,15,2002
서초구,서초동,urbanplace,20.998,202201,11,19500,4,2014
서초구,서초동,서초이오빌,45.96,202201,12,39500,24,2003
서초구,서초동,우성아파트,59.93,202201,14,162000,6,1998
서초구,우면동,서초힐스,84.95,202201,15,173000,16,2012
서초구,반포동,반포자이,132.439,202201,15,450000,1,2009
서초구,서초동,디아레나서초,29.08,202201,19,43500,9,2020
서초구,반포동,아크로리버파크,129.92,202201,21,610000,36,2016
서초구,반포동,아크로리버파크,84.95,202201,21,466000,8,2016
서초구,서초동,DK밸리뷰시티,25.92,202201,22,47250,8,2019
서초구,양재동,경희궁,81.75,202201,24,105000,3,2001
서초구,서초동,서초중흥S-클래스(도시형생활주택),22.37,202201,27,19000,5,2013
서초구,잠원동,동아,59.8,202201,28,227000,4,2002
서초구,서초동,서초이오빌,36.66,202202,5,37000,12,2003
서초구,방배동,방배대우디오빌,29.6,202202,14,29700,3,2005
서초구,방배동,삼호3,181.6,202202,15,250000,6,1976
서초구,서초동,서초이오빌,45.96,202202,16,40800,8,2003
서초구,서초동,urbanplace,23.456,202202,17,25000,8,2014
서초구,반포동,반포자이,84.998,202202,22,350000,22,2009
서초구,반포동,아크로리버파크,129.97,202202,24,630000,36,2016
서초구,서초동,롯데캐슬클래식,133.45,202202,25,325000,15,2006
서초구,양재동,선경에버빌,49.21,202202,25,40000,5,2002
서초구,잠원동,한신,84.52,202203,4,260000,9,1992
서초구,서초동,래미안서초유니빌,45.255,202203,7,46500,4,2003
서초구,양재동,우성,73.15,202203,9,167000,10,1991
서초구,방배동,리첸시아방배,134.22,202203,10,171000,3,2010
서초구,잠원동,청구빌라트,242.16,202203,15,415000,6,1996
서초구,서초동,서초대우아이빌,37.777,202203,17,32300,10,2003
서초구,서초동,서초대우아이빌,37.777,202203,17,32300,10,2003
서초구,반포동,반포자이,244.543,202203,18,750000,20,2009
서초구,서초동,아크로비스타,205.07,202203,18,380000,23,2004
서초구,반포동,반포써밋,59.9207,202203,19,220000,5,2018
서초구,반포동,반포써밋,59.9207,202203,19,220000,5,2018
서초구,잠원동,한신로얄,81.23,202203,20,227500,6,1992
서초구,반포동,에이아이디차관주택,72.51,202203,22,315000,2,1974
서초구,서초동,(1487-1),19.51,202203,23,37350,7,2022
서초구,서초동,(1487-1),19.51,202203,23,35900,3,2022
서초구,서초동,(1487-1),22.89,202203,23,43050,7,2022
서초구,서초동,(1487-1),19.51,202203,23,37350,7,2022
서초구,서초동,(1487-1),19.51,202203,23,37500,9,2022
서초구,서초동,(1487-1),19.51,202203,23,37200,6,2022
서초구,서초동,(1487-1),19.51,202203,23,36100,4,2022
서초구,서초동,(1487-1),22.89,202203,23,43050,6,2022
서초구,서초동,(1487-1),22.89,202203,23,41350,3,2022
서초구,서초동,(1487-1),22.89,202203,23,41550,4,2022
서초구,서초동,(1487-1),19.51,202203,23,37200,6,2022
서초구,서초동,(1487-1),19.51,202203,23,37500,8,2022
서초구,서초동,(1487-1),19.51,202203,23,37500,9,2022
서초구,서초동,(1487-1),19.51,202203,23,37200,6,2022
서초구,서초동,(1487-1),22.89,202203,23,42150,5,2022
서초구,서초동,(1487-1),19.51,202203,23,37500,8,2022
서초구,양재동,노블하우스,68.2,202203,23,80000,4,2001
서초구,서초동,래미안서초유니빌,45.254,202203,26,45500,6,2003
서초구,방배동,방배2차e-편한세상,163.36,202203,28,253000,8,2004
서초구,반포동,반포자이,216.49,202203,28,690000,27,2009
서초구,반포동,래미안퍼스티지,84.93,202203,30,365000,24,2009
서초구,방배동,캐슬렉스,155.93,202203,30,199000,4,2004
서초구,서초동,수광빌라트,215.22,202203,31,165000,2,1996
서초구,서초동,풍림아이원플러스,41.076,202203,31,55000,14,2004
서초구,방배동,대우(효령),84.91,202204,2,198000,6,1992
서초구,반포동,아크로리버파크,84.97,202204,2,431000,12,2016
서초구,방배동,롯데캐슬아르떼,147.7221,202204,2,285000,12,2013
서초구,반포동,반포주공1단지,107.47,202204,2,538000,2,1973
서초구,방배동,방배대우디오빌,29.6,202204,2,30000,22,2005
서초구,서초동,대림서초리시온,42.21,202204,3,52000,14,2003
서초구,반포동,에이아이디차관주택,72.51,202204,4,285000,5,1974
서초구,양재동,현대테라하임101동,189.04,202204,4,190000,2,2006
서초구,잠원동,신반포16,83.12,202204,4,255000,11,1983
서초구,잠원동,킴스빌리지,30.18,202204,4,118000,12,1996
서초구,잠원동,킴스빌리지,30.18,202204,4,118000,12,1996
서초구,방배동,방배중앙센트레빌,59.933,202204,5,131200,3,2021
서초구,반포동,에이아이디차관주택,72.51,202204,6,290000,3,1974
서초구,서초동,동일하이빌,100.39,202204,6,181000,11,2006
서초구,반포동,반포미도,84.96,202204,7,260000,1,1987
서초구,잠원동,동아,84.91,202204,9,272000,12,2002
서초구,반포동,아크로리버파크,129.92,202204,11,640000,26,2016
서초구,반포동,에이아이디차관주택,72.51,202204,12,350000,4,1974
서초구,반포동,아크로리버파크,84.98,202204,13,440000,22,2016
서초구,반포동,반포리체,84.967,202204,13,333000,16,2010
서초구,잠원동,신반포16,52.32,202204,13,188600,3,1983
서초구,잠원동,롯데캐슬갤럭시,106.15,202204,14,282000,17,2002
서초구,반포동,래미안퍼스티지,135.92,202204,15,530000,4,2009
서초구,서초동,서초한빛삼성,59.52,202204,15,149990,2,1999
서초구,서초동,서초교대e편한세상,59.93,202204,15,160000,14,2010
서초구,반포동,타운빌,111.78,202204,16,136000,1,2002
서초구,반포동,반포자이,84.998,202204,16,360000,9,2009
서초구,서초동,urbanplace,20.406,202204,16,20000,4,2014
서초구,잠원동,킴스빌리지,30.18,202204,16,115000,14,1996
서초구,서초동,서초래미안,111.32,202204,17,280000,15,2003
서초구,잠원동,한신,84.52,202204,18,280000,14,1992
서초구,서초동,현대성우주상복합아파트,150.85,202204,18,125000,3,2002
서초구,서초동,아크로비스타,149.17,202204,19,260000,10,2004
서초구,반포동,래미안퍼스티지,59.96,202204,20,252500,23,2009
서초구,반포동,서래아르드빌,189.86,202204,22,125010,2,2008
서초구,잠원동,래미안신반포팰리스,84.49,202204,23,342500,23,2016
서초구,방배동,아이리스,84.79,202204,23,87000,5,2003
서초구,서초동,urbanplace,20.334,202204,23,20000,7,2014
서초구,잠원동,신반포자이,84.98,202204,23,360000,21,2018
서초구,서초동,한라비발디스튜디오193,19.99,202204,23,24500,6,2013
서초구,서초동,롯데캐슬쥬피터,162.41,202204,25,229000,1,2003
서초구,방배동,방배마에스트로,50.25,202204,25,130000,27,2019
서초구,서초동,풍림아이원플러스,35.903,202204,26,38000,11,2004
서초구,서초동,현대슈퍼빌,185.02,202204,27,299000,6,2003
서초구,우면동,서초리슈빌S,21.5893,202204,30,21000,6,2014
서초구,방배동,쌍용예가클래식,89.844,202204,30,212500,10,2006
서초구,반포동,래미안퍼스티지,84.85,202205,1,380000,19,2009
서초구,방배동,동부센트레빌,134.04,202205,1,310000,8,2004
서초구,우면동,서초네이처힐1단지,114.71,202205,4,194000,2,2012
서초구,반포동,반포래미안아이파크,99.92,202205,5,397000,10,2018
서초구,잠원동,신반포자이,84.97,202205,7,343000,22,2018
서초구,서초동,디아레나서초,29.68,202205,7,49900,12,2020
서초구,방배동,삼익,89.12,202205,7,199000,2,1981
서초구,방배동,삼성래미안1,114.94,202205,8,140100,4,2003
서초구,서초동,서초래미안,84.95,202205,8,250000,4,2003
서초구,서초동,삼풍아파트,130.23,202205,9,370000,6,1988
서초구,방배동,래미안방배아트힐(1008-2),127.61,202205,9,250000,16,2004
서초구,반포동,현대동궁아파트,70.38,202205,10,182500,7,1991
서초구,반포동,반포주공1단지,140.13,202205,10,710000,4,1973
서초구,서초동,삼풍아파트,165.92,202205,10,425000,11,1988
서초구,우면동,서초힐스,84.96,202205,11,163500,12,2012
서초구,잠원동,동아,84.91,202205,11,266500,14,2002
서초구,반포동,아델스빌1,240.03,202205,13,430000,6,2007
서초구,양재동,신영체르니,39.1,202205,14,50350,8,2002
서초구,잠원동,반포센트럴자이,84.98,202205,14,363000,16,2020
서초구,서초동,서초푸르지오써밋,120.86,202205,16,365000,10,2017
서초구,서초동,서초8차상지리츠빌,128.81,202205,17,195000,3,2006
서초구,반포동,디에이치반포라클라스,84.9671,202205,18,340000,12,2021
서초구,서초동,래미안서초유니빌,43.625,202205,19,42200,15,2003
서초구,서초동,삼풍아파트,79.47,202205,19,269000,12,1988
서초구,서초동,서초이오빌,36.66,202205,21,32000,18,2003
서초구,반포동,아크로리버파크,129.97,202205,23,680000,19,2016
서초구,반포동,래미안퍼스티지,84.93,202205,28,390000,28,2009
서초구,서초동,신동아아파트(1차),132.1,202205,28,295000,6,1978
서초구,반포동,아크로리버파크,84.98,202205,28,410000,2,2016
서초구,반포동,에이아이디차관주택,72.51,202205,28,370000,1,1974
서초구,서초동,풍림아이원플러스,35.903,202205,31,37000,9,2004
서초구,우면동,서초힐스,84.96,202206,1,165000,22,2012
서초구,반포동,아크로리버파크,129.95,202206,4,590000,3,2016
서초구,우면동,서초네이처힐1단지,84.82,202206,4,170000,6,2012
서초구,반포동,반포서래월드메르디앙스칼라아파트B동,123.08,202206,8,165000,4,2005
서초구,잠원동,데뜨아르,84.99,202206,8,195000,9,2008
서초구,방배동,방배롯데캐슬로제,172.27,202206,10,355000,3,2009
서초구,서초동,지에스타워,25.91,202206,10,45300,6,2022
서초구,서초동,우성아파트,134.91,202206,14,277000,16,1998
서초구,방배동,삼성래미안1,114.94,202206,16,192000,7,2003
서초구,잠원동,금호베스트빌,140.36,202206,21,305000,9,2002
서초구,방배동,서희융창,84.93,202206,21,77970,4,2003
서초구,잠원동,래미안신반포리오센트,133.37,202206,22,410000,3,2019
서초구,서초동,풍림아이원플러스,35.903,202206,23,37300,10,2004
서초구,신원동,힐스테이트 서초 젠트리스,101.9,202206,23,204000,5,2014
서초구,잠원동,아크로리버뷰신반포,78.5,202206,24,438000,26,2018
서초구,우면동,엘에이치서초4단지,84.95,202206,27,114700,15,2013
서초구,잠원동,신반포자이,84.92,202207,4,336500,13,2018
서초구,방배동,방배롯데캐슬로제,204.41,202207,7,390000,8,2009
서초구,서초동,urbanplace,23.456,202207,8,26800,7,2014
서초구,서초동,서초센트럴IPARK,80.5098,202207,9,175000,16,2020
서초구,서초동,서초극동스타클래스,84.3,202207,9,171000,5,2003
서초구,서초동,서초삼성래미안,84.97,202207,10,200000,14,2001
서초구,서초동,서초트레져,224.22,202207,11,190000,4,2005
서초구,서초동,현대슈퍼빌,147.86,202207,13,270000,17,2003
서초구,서초동,현대슈퍼빌,223.72,202207,14,363000,23,2003
서초구,잠원동,래미안신반포리오센트,84.92,202207,21,310000,12,2019
서초구,잠원동,동아,84.91,202207,23,281000,11,2002
서초구,방배동,현대멤피스,186.53,202207,26,275000,8,2001
서초구,서초동,서초이오빌,45.96,202208,9,41500,19,2003
서초구,서초동,서초대우아이빌,35.307,202208,11,30000,9,2003
서초구,방배동,방배1차현대홈타운,84.96,202208,19,210000,4,1999
서초구,방배동,방배1차현대홈타운,59.94,202208,19,180000,6,1999
서초구,잠원동,래미안신반포팰리스,84.49,202208,21,295000,19,2016
서초구,방배동,삼호2,177.52,202208,22,230000,2,1976
서초구,서초동,대림서초리시온,49.92,202209,2,56000,8,2003
서초구,서초동,서초이오빌,36.66,202209,5,31500,5,2003
서초구,서초동,서초동삼성쉐르빌2,70.49,202209,16,93300,7,2002
서초구,반포동,반포주공1단지,106.26,202210,1,523000,3,1973
서초구,방배동,영지아트빌라,240.98,202210,8,275000,1,1999
서초구,서초동,urbanplace,20.334,202210,10,20500,8,2014
서초구,방배동,서희융창,114.56,202210,31,104140,6,2003
서초구,반포동,래미안퍼스티지,59.96,202211,1,269000,8,2009
서초구,반포동,반포자이,194.515,202211,3,530000,17,2009
서초구,방배동,방배대우디오빌,29.6,202211,12,33000,21,2005
서초구,서초동,신원아침도시(1434),82.174,202211,18,108000,3,2004
서초구,서초동,서초센트럴IPARK,80.5332,202211,19,189000,11,2020
서초구,방배동,방배아트자이,59.9938,202211,22,157500,7,2018
서초구,반포동,반포자이,132.439,202211,30,430000,28,2009
서초구,서초동,서초동대우디오빌프라임,57.88,202212,3,90000,12,2005
서초구,방배동,세양아르비채101동,147.573,202212,5,110000,5,2006
서초구,서초동,래미안서초유니빌,36.599,202212,8,39000,5,2003
서초구,서초동,아크로비스타,138.96,202212,11,235000,19,2004
서초구,서초동,더샵서초,212.28,202212,14,269000,25,2006
서초구,반포동,래미안퍼스티지,84.93,202212,26,310000,21,2009
성동구,송정동,양지쉐르빌아파트,59.02,202201,8,52700,4,2016
성동구,하왕십리동,상리제나우스,12.84,202201,17,13000,5,2013
성동구,금호동4가,힐스테이트서울숲리버,114.86,202201,22,280000,9,2018
성동구,응봉동,대림강변타운,59.76,202201,28,103000,6,2001
성동구,마장동,마장동중앙하이츠,84.8,202201,28,110000,2,1999
성동구,성수동1가,트리마제,84.8111,202201,29,303000,3,2017
성동구,마장동,현대,59.91,202202,9,89500,23,1998
성동구,하왕십리동,센트라스,84.96,202202,10,180000,13,2016
성동구,응봉동,대림강변타운,59.76,202202,21,109500,17,2001
성동구,금호동4가,대우,114.71,202202,26,177000,11,2001
성동구,성수동2가,성수우방2차아파트,59.82,202202,26,99000,7,1999
성동구,사근동,한양마이라움,18.36,202203,1,17500,5,2018
성동구,성수동1가,트리마제,69.7244,202203,7,249500,6,2017
성동구,금호동2가,금호자이1차,59.99,202203,12,127000,4,2012
성동구,상왕십리동,텐즈힐(2구역),59.98,202203,12,139500,7,2014
성동구,금호동4가,대우,59.97,202203,14,114000,1,2001
성동구,행당동,대림e-편한세상,59.96,202203,20,118800,9,2000
성동구,하왕십리동,한진해모로,112.26,202203,22,125000,2,2001
성동구,응봉동,대림강변타운,59.76,202203,23,108500,14,2001
성동구,응봉동,서울숲리버그린동아아파트,84.83,202203,29,154000,9,2003
성동구,하왕십리동,상리제나우스,12.84,202204,1,13400,9,2013
성동구,마장동,우성에비뉴,70.88,202204,2,77800,10,2017
성동구,행당동,서울숲 한신 더 휴,59.91,202204,2,127500,21,2003
성동구,성수동1가,트리마제,35.4442,202204,5,155000,3,2017
성동구,옥수동,삼성,59.7,202204,5,133000,11,1999
성동구,성수동1가,트리마제,35.4442,202204,5,163000,6,2017
성동구,행당동,신동아,59.97,202204,5,95000,4,1995
성동구,성수동1가,신장미,68.66,202204,6,227000,2,1983
성동구,금호동1가,이편한세상금호파크힐스,84.982,202204,7,173000,10,2019
성동구,송정동,서울숲아이파크,84.87,202204,9,128000,2,2009
성동구,송정동,금호베스트빌,118.266,202204,12,121500,8,2002
성동구,하왕십리동,무학현대,84.675,202204,15,95000,4,1996
성동구,성수동1가,강변동양,84.95,202204,15,250000,16,2001
성동구,성수동2가,강변현대,81.8,202204,18,227500,16,1994
성동구,금호동2가,래미안하이리버,114.32,202204,20,168500,8,2012
성동구,금호동1가,벽산,59.9,202204,23,103500,2,2001
성동구,옥수동,삼성,59.7,202204,23,140000,20,1999
성동구,금호동4가,서울숲푸르지오,84.87,202204,23,190000,13,2007
성동구,금호동4가,서울숲푸르지오,59.99,202204,26,159000,12,2007
성동구,옥수동,극동,148.23,202204,27,215000,13,1986
성동구,성수동2가,성수1차대우아파트,59.49,202204,30,76000,5,1999
성동구,금호동2가,래미안하이리버,114.32,202205,3,185000,14,2012
성동구,금호동4가,대우,59.97,202205,5,118000,20,2001
성동구,금호동4가,서울숲푸르지오,114.8,202205,9,210000,5,2007
성동구,금호동4가,브라운스톤금호,84.838,202205,10,150000,8,2007
성동구,행당동,두산,59.94,202205,10,105500,12,1997
성동구,행당동,대림e-편한세상,84.87,202205,11,130500,6,2000
성동구,응봉동,서울숲리버그린동아아파트,114.86,202205,13,184500,8,2003
성동구,행당동,대림e-편한세상,114.94,202205,13,146000,1,2000
성동구,하왕십리동,왕십리지음재,16.76,202205,13,23000,5,2020
성동구,행당동,신동아,114.96,202205,19,119000,12,1995
성동구,하왕십리동,왕십리KCC스위첸,84.897,202205,20,125000,2,2016
성동구,응봉동,신동아,84.81,202205,21,120000,14,1996
성동구,하왕십리동,왕십리자이,59.99,202205,25,129000,16,2017
성동구,금호동3가,두산,116.81,202205,27,125000,6,1994
성동구,금호동1가,이편한세상금호파크힐스,116.134,202205,27,195000,5,2019
성동구,행당동,신동아,59.97,202205,30,90000,4,1995
성동구,성수동2가,힐스테이트,84.78,202205,31,234000,3,2009
성동구,응봉동,대림강변타운,84.42,202205,31,163000,22,2001
성동구,행당동,서울숲삼부아파트,84.09,202206,2,168000,11,1998
성동구,옥수동,풍림아이원,84.767,202206,4,181500,4,2004
성동구,하왕십리동,상리제나우스,12.84,202206,8,13350,4,2013
성동구,옥수동,현대,84.9,202206,10,168000,12,1990
성동구,성수동1가,트리마제,140.3099,202206,12,430000,15,2017
성동구,성수동1가,한진타운,84.21,202206,15,180000,9,1994
성동구,마장동,신성미소지움,84.99,202206,18,108000,3,2004
성동구,성수동2가,서울숲금강아미움,80.89,202206,22,119700,8,2004
성동구,행당동,서울숲 한신 더 휴,59.91,202206,25,120000,22,2003
성동구,옥수동,모닝빌아파트,208.14,202206,30,250000,6,2000
성동구,마장동,삼성홈타운,18.06,202207,2,20000,3,2015
성동구,옥수동,삼성,114.666,202207,30,182500,7,1999
성동구,금호동2가,금호자이1차,84.97,202208,6,137700,4,2012
성동구,용답동,덕현해밀,51.04,202208,10,58000,9,2014
성동구,성수동2가,롯데캐슬파크,101.995,202208,15,169000,13,2003
성동구,금호동2가,래미안하이리버,84.99,202208,23,99000,3,2012
성동구,성수동1가,트리마제,152.1556,202208,26,645000,18,2017
성동구,행당동,서울숲행당푸르지오,84.74,202208,26,130000,11,2011
성동구,행당동,두산위브,84.99,202208,29,145000,8,2009
성동구,하왕십리동,왕십리KCC스위첸,68.733,202209,17,104000,12,2016
성동구,금호동1가,신금호두산위브,84.33,202209,17,109000,7,2006
성동구,옥수동,옥수파크힐스117동~125동,59.77,202209,18,142000,6,2016
성동구,금호동4가,서울숲푸르지오,59.99,202209,28,115000,9,2007
성동구,금호동4가,대우,84.71,202210,12,145000,7,2001
성동구,성수동2가,성수우방2차아파트,84.75,202210,13,120000,11,1999
성동구,응봉동,대림강변타운,59.76,202210,14,101800,20,2001
성동구,하왕십리동,왕십리풍림아이원,59.936,202210,15,87500,6,2004
성동구,금호동1가,벽산,114.57,202210,29,124000,6,2001
성동구,응봉동,대림(1차),75.51,202211,4,95000,3,1986
성동구,하왕십리동,상리제나우스,12.84,202211,4,13900,9,2013
성동구,금호동2가,신금호파크자이,59.98,202211,5,107000,2,2016
성동구,옥수동,삼성,84.822,202211,12,123800,1,1999
성동구,하왕십리동,청계벽산,114.46,202212,1,93000,4,1996
성동구,금호동1가,이편한세상금호파크힐스,59.983,202212,3,120000,10,2019
성동구,행당동,서울숲 한신 더 휴,84.95,202212,9,110000,22,2003
성동구,옥수동,동인샤인빌,57.16,202212,13,68000,3,2003
성동구,금호동4가,서울숲푸르지오2차,59.907,202212,13,130000,6,2012
성동구,하왕십리동,텐즈힐(1단지),84.96,202212,14,123000,9,2015
성동구,행당동,신동아,59.97,202212,16,78500,9,1995
성동구,행당동,서울숲행당푸르지오,59.68,202212,17,100000,8,2011
성동구,하왕십리동,센트라스,115.99,202212,21,194000,17,2016
성동구,행당동,신동아,59.97,202212,26,75000,4,1995
성동구,옥수동,삼성,84.822,202212,29,112500,2,1999
성동구,하왕십리동,텐즈힐(1단지),84.88,202212,30,128000,14,2015
성동구,옥수동,극동,148.23,202212,30,180000,12,1986
성북구,하월곡동,수산동양빌,83.32,202201,7,63500,7,2003
성북구,안암동4가,안암,52.1,202201,11,20000,4,1969
성북구,길음동,길음뉴타운3단지푸르지오,84.97,202201,11,89500,9,2005
성북구,돈암동,대성유니드(641-0),84.93,202201,15,80800,4,2009
성북구,정릉동,정릉푸르지오,59.98,202201,17,79000,5,2005
성북구,종암동,래미안세레니티,59.97,202201,19,92600,15,2009
성북구,길음동,길음뉴타운4단지(e편한세상),59.86,202201,20,81000,18,2005
성북구,종암동,종암2차SKVIEW,119.87,202201,20,120000,8,2010
성북구,정릉동,중앙하이츠빌1단지,59.98,202201,22,67000,16,2004
성북구,장위동,래미안장위퍼스트하이,84.94,202201,22,109700,4,2020
성북구,장위동,래미안포레카운티,59.92,202201,27,97000,9,2021
성북구,하월곡동,래미안월곡,84.589,202201,29,107500,19,2006
성북구,하월곡동,동신,59.88,202202,5,71500,9,1998
성북구,길음동,길음뉴타운4단지(e편한세상),59.97,202202,5,86000,10,2005
성북구,석관동,두산,84.9,202202,8,85000,15,1998
성북구,돈암동,한신,132.96,202202,10,110000,9,1998
성북구,길음동,길음동동부센트레빌(1278-0),84.844,202202,11,89000,3,2003
성북구,정릉동,길음뉴타운데시앙,59.42,202202,12,61500,9,1999
성북구,보문동6가,보문파크뷰자이,45.81,202202,17,85000,9,2017
성북구,장위동,래미안장위퍼스트하이,84.94,202202,19,110000,5,2020
성북구,정릉동,"산장아파트가동,나동",52.89,202202,24,45000,7,1977
성북구,보문동3가,이편한세상보문,116.721,202202,26,140000,13,2013
성북구,돈암동,동부센트레빌,80.54,202203,1,98000,10,2003
성북구,길음동,길음뉴타운4단지(e편한세상),59.97,202203,1,83500,9,2005
성북구,하월곡동,성북힐스테이트(101동),84.69,202203,5,88000,21,2007
성북구,종암동,종암2차SKVIEW,59.98,202203,12,82000,20,2010
성북구,정릉동,중앙하이츠빌1단지,84.98,202203,14,86700,14,2004
성북구,안암동3가,대광,51.57,202203,14,40000,2,1971
성북구,돈암동,삼성아지오아파트,85,202203,15,55500,2,2007
성북구,돈암동,한신,132.96,202203,16,128000,15,1998
성북구,정릉동,정릉e-편한세상,59.77,202203,18,74000,17,2006
성북구,하월곡동,월곡래미안루나밸리,59.98,202203,20,89800,21,2007
성북구,상월곡동,동아에코빌,59.95,202203,21,70000,5,2003
성북구,상월곡동,동아에코빌,59.95,202203,22,76000,19,2003
성북구,돈암동,한신,152.25,202203,23,115000,8,1998
성북구,장위동,우방아파트,114.73,202203,23,79000,9,2001
성북구,돈암동,한신,132.96,202203,24,110000,7,1998
성북구,길음동,래미안길음센터피스,59.97,202203,25,110000,12,2019
성북구,돈암동,돈암현대아파트,56.7,202203,26,66000,6,1991
성북구,석관동,래미안아트리치,59.98,202204,1,92000,2,2019
성북구,석관동,두산,84.9,202204,1,85000,13,1998
성북구,길음동,길음뉴타운3단지푸르지오,84.97,202204,2,87500,9,2005
성북구,길음동,롯데캐슬골든힐스,59.9284,202204,4,89500,7,2019
성북구,돈암동,돈암동삼성,114.66,202204,8,100000,3,1999
성북구,석관동,두산,84.9,202204,9,86500,13,1998
성북구,안암동3가,대광,51.57,202204,9,38000,6,1971
성북구,동소문동5가,성신여대역솔하임,14.022,202204,9,20900,6,2018
성북구,정릉동,우방,59.94,202204,11,56800,10,1999
성북구,길음동,길음뉴타운6단지(래미안),84.049,202204,13,120000,8,2007
성북구,정릉동,정릉우성아파트 101~105동,84.99,202204,14,76450,5,2000
성북구,길음동,길음뉴타운8단지(래미안),59.99,202204,16,94700,5,2010
성북구,종암동,래미안라센트,84.99,202204,17,134000,20,2011
성북구,보문동3가,현대I-PARK,59.29,202204,20,88000,6,2003
성북구,정릉동,쌍용2,59.9,202204,22,62000,1,1999
성북구,돈암동,이수브라운스톤돈암,59.99,202204,23,82700,3,2004
성북구,돈암동,돈암동 풍림아파트 101~105동,84.68,202204,23,76000,7,1999
성북구,정릉동,정릉풍림아이원,59.88,202204,24,59500,1,2005
성북구,돈암동,돈암현대아파트,68.76,202204,25,77000,6,1991
성북구,하월곡동,꿈의숲푸르지오,59.65,202204,26,82300,7,2010
성북구,동소문동5가,돈암동일하이빌,84.958,202204,30,114000,9,2006
성북구,석관동,두산,84.9,202204,30,93000,5,1998
성북구,종암동,래미안세레니티,84.99,202205,1,102000,6,2009
성북구,정릉동,정릉풍림아이원,114.75,202205,2,95000,13,2005
성북구,하월곡동,창방트윈(B동),84.06,202205,3,59000,4,2003
성북구,정릉동,정릉푸르지오,84.89,202205,3,88300,17,2005
성북구,정릉동,정릉e-편한세상,85,202205,7,84000,18,2006
성북구,장위동,래미안장위퍼스트하이,59.99,202205,11,97000,19,2020
성북구,장위동,래미안장위퍼스트하이,84.94,202205,11,120000,31,2020
성북구,돈암동,한신,132.96,202205,14,103000,2,1998
성북구,삼선동3가,삼선에스케이뷰,84.95,202205,17,130000,2,2012
성북구,장위동,래미안장위퍼스트하이,84.94,202205,21,110000,3,2020
성북구,장위동,석계역한일노벨리아시티,14.7145,202205,24,12800,16,2019
성북구,길음동,길음뉴타운8단지(래미안),114.98,202206,1,141000,21,2010
성북구,돈암동,돈암동삼성,59.4,202206,5,75500,12,1999
성북구,돈암동,돈암동삼성,59.4,202206,5,75000,13,1999
성북구,안암동3가,대광,61.92,202206,7,35000,3,1971
성북구,길음동,롯데캐슬골든힐스,84.932,202206,8,120000,12,2019
성북구,정릉동,라온유,84.65,202206,9,97000,23,2008
성북구,안암동3가,대광,44.36,202206,10,34500,4,1971
성북구,정릉동,정릉풍림아이원,59.88,202206,11,64500,15,2005
성북구,정릉동,길음뉴타운데시앙,59.42,202206,18,62300,2,1999
성북구,돈암동,한신,84.87,202206,20,86000,9,1998
성북구,돈암동,한신,68.13,202206,21,72000,13,1998
성북구,하월곡동,삼전솔하임3차,15.62,202207,2,12000,17,2013
성북구,길음동,롯데캐슬클라시아,59.8745,202207,2,112000,22,2022
성북구,하월곡동,성북힐스테이트(102동),84.99,202207,7,89900,10,2007
성북구,돈암동,한신,132.96,202207,13,105000,12,1998
성북구,정릉동,정릉e-편한세상,114.56,202207,13,90300,6,2006
성북구,장위동,래미안장위퍼스트하이,59.99,202207,16,85000,24,2020
성북구,정릉동,"산장아파트가동,나동",52.89,202207,16,39500,9,1977
성북구,장위동,래미안장위퍼스트하이,84.94,202207,20,118000,21,2020
성북구,하월곡동,동일하이빌뉴시티,189.07,202207,21,155000,33,2011
성북구,장위동,래미안장위퍼스트하이,84.94,202208,4,105000,19,2020
성북구,길음동,길음뉴타운7단지(두산위브),59.98,202208,6,83000,8,2010
성북구,길음동,길음뉴타운1단지(래미안길음1차),84.96,202208,8,89000,5,2003
성북구,정릉동,"산장아파트가동,나동",71.5,202208,14,50000,4,1977
성북구,정릉동,정릉2차e-편한세상,84.4,202208,24,85700,13,2009
성북구,길음동,래미안길음센터피스,59.9,202208,27,100000,32,2019
성북구,장위동,래미안장위퍼스트하이,84.94,202208,29,103000,12,2020
성북구,하월곡동,동일하이빌뉴시티,188.22,202209,1,150000,20,2011
성북구,하월곡동,동일하이빌뉴시티,188.22,202209,1,150000,20,2011
성북구,돈암동,한신,68.13,202209,3,68000,4,1998
성북구,안암동3가,대광,61.92,202209,6,34500,3,1971
성북구,정릉동,갤럭시더정릉,12.85,202209,9,18800,5,2022
성북구,정릉동,갤럭시더정릉,12.32,202209,13,18500,4,2022
성북구,종암동,우림카이저팰리스,84.98,202209,14,75000,22,2008
성북구,정릉동,갤럭시더정릉,12.85,202209,20,19300,10,2022
성북구,정릉동,갤럭시더정릉,12,202209,24,18800,5,2022
성북구,보문동3가,이편한세상보문,84.411,202209,30,83000,10,2013
성북구,정릉동,갤럭시더정릉,12.85,202209,30,19300,10,2022
성북구,정릉동,갤럭시더정릉,12.85,202210,3,19300,10,2022
성북구,장위동,래미안포레카운티,84.97,202210,4,92000,15,2021
성북구,길음동,래미안길음센터피스,59.99,202210,5,104000,20,2019
성북구,길음동,길음뉴타운8단지(래미안),59.99,202210,13,76000,1,2010
성북구,정릉동,갤럭시더정릉,11.79,202210,16,18800,5,2022
성북구,돈암동,한진(609-1),84.87,202210,18,73000,20,1998
성북구,장위동,래미안포레카운티,84.97,202210,21,91400,11,2021
성북구,장위동,래미안장위퍼스트하이,59.99,202210,22,77000,7,2020
성북구,하월곡동,월곡래미안루나밸리,84.88,202211,5,76000,12,2007
성북구,정릉동,갤럭시더정릉,11.79,202211,15,18800,4,2022
성북구,정릉동,갤럭시더정릉,12.85,202211,22,19300,9,2022
성북구,길음동,롯데캐슬클라시아,59.8745,202211,22,93000,13,2022
성북구,길음동,길음동동부센트레빌(1278-0),59.998,202211,26,54000,3,2003
성북구,돈암동,한진(609-1),59.58,202211,28,52000,16,1998
성북구,안암동5가,(160-16),22.72,202211,28,11300,2,2017
성북구,길음동,길음뉴타운1단지(래미안길음1차),84.96,202211,29,61600,9,2003
성북구,정릉동,갤럭시더정릉,12,202211,30,19300,9,2022
성북구,하월곡동,월곡래미안루나밸리,59.98,202212,1,52500,20,2007
성북구,하월곡동,동신,59.88,202212,2,53000,17,1998
성북구,돈암동,한신,68.13,202212,3,59000,4,1998
성북구,정릉동,정릉풍림아이원,84.09,202212,6,63000,5,2005
성북구,하월곡동,월곡두산위브,84.766,202212,9,71000,4,2003
성북구,정릉동,길음뉴타운데시앙,114.76,202212,9,67500,9,1999
성북구,정릉동,갤럭시더정릉,14.91,202212,9,24600,4,2022
성북구,길음동,길음동동부센트레빌(1278-0),84.844,202212,10,75000,6,2003
성북구,장위동,꿈의숲코오롱하늘채,84.71,202212,10,87000,20,2017
성북구,정릉동,갤럭시더정릉,12.33,202212,12,19300,9,2022
성북구,정릉동,갤럭시더정릉,12.33,202212,13,19300,10,2022
성북구,종암동,종암에스케이,114.75,202212,15,77900,27,1999
성북구,정릉동,길음뉴타운데시앙,84.44,202212,16,63500,8,1999
성북구,장위동,래미안포레카운티,84.98,202212,17,82000,9,2021
성북구,길음동,길음뉴타운2단지푸르지오,114.73,202212,22,77000,10,2005
성북구,하월곡동,동일하이빌뉴시티,126.6,202212,23,108000,19,2011
성북구,길음동,길음뉴타운9단지(래미안),59.98,202212,24,75000,23,2010
성북구,하월곡동,삼전솔하임3차,15.55,202212,28,11000,13,2013
성북구,정릉동,갤럭시더정릉,12.33,202212,29,19300,8,2022
성북구,석관동,래미안아트리치,59.98,202212,31,69500,2,2019
송파구,잠실동,리센츠,84.99,202201,2,250000,5,2008
송파구,가락동,카나피아,97.28,202201,8,75000,3,2002
송파구,오금동,반석블레스빌,83.15,202201,10,91000,3,2002
송파구,가락동,가락금호아파트,59.91,202201,11,140000,25,1997
송파구,장지동,송파더센트레,51.77,202201,23,103000,8,2013
송파구,마천동,송파건원여미지아파트,51.764,202201,24,83000,5,2018
송파구,오금동,송파두산위브,59.9823,202201,27,120000,6,2019
송파구,신천동,롯데캐슬골드,187.65,202201,28,280000,20,2005
송파구,잠실동,주공아파트 5단지,76.5,202201,28,278000,7,1978
송파구,신천동,장미2,71.2,202201,28,215000,7,1979
송파구,신천동,장미2,71.2,202201,28,215000,7,1979
송파구,가락동,두산위브,25.05,202202,8,16900,9,2004
송파구,잠실동,레이크팰리스,59.97,202202,9,190000,20,2006
송파구,오금동,상아2차아파트,45.77,202202,12,87500,6,1988
송파구,잠실동,레이크팰리스,84.82,202202,12,230000,14,2006
송파구,가락동,한화오벨리스크,25.32,202202,13,19000,19,2004
송파구,장지동,송파파인타운1단지,84.95,202202,18,142000,5,2010
송파구,잠실동,잠실엘스,84.8,202202,18,253000,14,2008
송파구,가락동,헬리오시티,84.95,202202,19,191000,1,2018
송파구,가락동,현대파크빌,218.49,202202,19,129000,6,1999
송파구,신천동,잠실시그마타워,208.72,202202,22,225000,15,1996
송파구,문정동,문정시영,39.69,202202,22,75000,7,1989
송파구,가락동,우성,127.75,202202,26,183000,12,1986
송파구,잠실동,레이크팰리스,135.82,202202,28,355000,22,2006
송파구,방이동,(185-5),133.78,202203,1,139000,3,2002
송파구,가락동,헬리오시티,84.98,202203,4,218000,20,2018
송파구,가락동,헬리오시티,84.98,202203,4,218000,20,2018
송파구,방이동,방이금호어울림,84.3,202203,5,110000,7,2001
송파구,오금동,현대(2-4차),170.32,202203,5,224000,9,1984
송파구,마천동,기영,84.33,202203,9,114000,4,1998
송파구,문정동,올림픽훼밀리타운,84.705,202203,11,192000,7,1988
송파구,신천동,더샵스타파크,208.28,202203,16,217600,13,2008
송파구,문정동,올림픽훼밀리타운,136.325,202203,18,233000,9,1988
송파구,장지동,위례아이파크,100.8522,202203,18,190000,7,2015
송파구,오금동,에스아이팰리스송파올림픽공원,16.6,202203,19,31600,13,2021
송파구,방이동,옥산크리스탈,74.53,202203,23,95750,4,2001
송파구,오금동,슈프림하우스,36.77,202203,24,41250,8,2022
송파구,오금동,슈프림하우스,37.72,202203,24,41700,5,2022
송파구,오금동,슈프림하우스,28.92,202203,24,32250,3,2022
송파구,오금동,슈프림하우스,29.01,202203,24,32350,3,2022
송파구,오금동,슈프림하우스,21.39,202203,24,24700,3,2022
송파구,오금동,슈프림하우스,29.96,202203,24,34100,3,2022
송파구,오금동,슈프림하우스,42.73,202203,24,47050,7,2022
송파구,장지동,위례아이파크,100.8522,202203,25,174000,7,2015
송파구,풍납동,미성,116.965,202203,25,142000,6,1985
송파구,가락동,신한빌라트-신한미지엔,145.74,202203,25,56800,9,1997
송파구,가락동,헬리오시티,49.21,202203,26,159700,29,2018
송파구,문정동,올림픽훼밀리타운,158.705,202203,26,275000,14,1988
송파구,장지동,송파더센트레,51.77,202203,27,104000,6,2013
송파구,풍납동,한강극동,59.26,202203,28,102000,8,1995
송파구,거여동,거여1단지,49.8,202203,29,97500,11,1997
송파구,가락동,우성,43.79,202203,30,113250,8,1986
송파구,문정동,올림픽훼밀리타운,117.585,202204,2,217500,8,1988
송파구,문정동,문정시영,35.46,202204,2,74500,8,1989
송파구,문정동,문정시영,39.69,202204,3,52500,6,1989
송파구,방이동,올림픽선수기자촌3단지,83.06,202204,7,239000,12,1988
송파구,문정동,올림픽훼밀리타운,158.705,202204,9,276000,6,1988
송파구,신천동,파크리오,84.79,202204,11,220000,30,2008
송파구,송파동,송파,114.28,202204,11,128000,2,2003
송파구,장지동,위례2차아이파크,90.8877,202204,12,172000,14,2016
송파구,신천동,파크리오,35.24,202204,15,102000,19,2008
송파구,장지동,송파파인타운13단지,84.92,202204,16,165000,7,2011
송파구,장지동,위례24단지(꿈에그린),59.96,202204,18,119500,2,2013
송파구,오금동,현대(2-4차),84.98,202204,18,184000,3,1984
송파구,장지동,송파더센트레,51.96,202204,22,104000,25,2013
송파구,잠실동,레이크팰리스,116.19,202204,23,275500,7,2006
송파구,석촌동,석촌호수효성해링턴타워,15.8307,202204,23,29400,15,2015
송파구,가락동,우성,109.25,202204,23,165000,7,1986
송파구,장지동,송파더센트레,51.77,202204,23,78500,1,2013
송파구,장지동,위례24단지(꿈에그린),59.66,202204,25,134000,13,2013
송파구,잠실동,아시아선수촌아파트,99.385,202204,27,320000,18,1986
송파구,잠실동,리센츠,84.99,202204,27,245000,8,2008
송파구,신천동,파크리오,35.24,202204,29,95000,4,2008
송파구,잠실동,트리지움,114.7,202205,2,274000,22,2007
송파구,가락동,헬리오시티,39.1,202205,2,115000,17,2018
송파구,방이동,한승,243.35,202205,2,218500,14,2006
송파구,장지동,송파파인타운10단지,59.96,202205,3,130000,15,2007
송파구,가락동,한화오벨리스크,30.25,202205,7,21900,19,2004
송파구,잠실동,우성4차,115.83,202205,9,198000,15,1983
송파구,풍납동,씨티극동1,59.95,202205,10,99000,8,1998
송파구,장지동,송파파인타운3단지,84.98,202205,11,144000,7,2008
송파구,가락동,헬리오시티,84.99,202205,11,216000,13,2018
송파구,장지동,힐스테이트송파위례,101.8,202205,14,185000,10,2016
송파구,송파동,현대,84.96,202205,14,132000,16,1997
송파구,장지동,위례24단지(꿈에그린),84.96,202205,14,169000,13,2013
송파구,거여동,거여1단지,49.8,202205,14,91500,12,1997
송파구,거여동,현대1차,84.85,202205,17,127000,13,1992
송파구,잠실동,리센츠,84.99,202205,18,225000,29,2008
송파구,가락동,두산위브,27.85,202205,18,20600,11,2004
송파구,가락동,래미안파크팰리스,114.756,202205,18,200000,15,2007
송파구,잠실동,레이크팰리스,84.82,202205,20,223000,9,2006
송파구,장지동,송파더센트레,59.73,202205,22,126000,21,2013
송파구,가락동,가락금호아파트,59.91,202205,23,131000,25,1997
송파구,풍납동,한강극동,59.26,202205,23,92000,5,1995
송파구,장지동,위례중앙푸르지오2단지,84.7362,202205,23,165000,5,2016
송파구,잠실동,레이크팰리스,116.19,202205,23,270000,12,2006
송파구,가락동,헬리오시티,84.99,202205,25,215000,19,2018
송파구,가락동,카나피아Ⅱ,84.69,202205,26,74000,1,2003
송파구,가락동,가락(1차)쌍용아파트,59.92,202205,28,136000,15,1997
송파구,석촌동,로쟌뷰,129.32,202205,31,161500,8,2005
송파구,신천동,파크리오,59.86,202206,6,191000,8,2008
송파구,잠실동,잠실엘스,84.8,202206,6,240000,1,2008
송파구,신천동,파크리오,84.79,202206,8,250000,9,2008
송파구,석촌동,석촌호수효성해링턴타워,15.8307,202206,10,24000,14,2015
송파구,풍납동,극동,79.945,202206,11,132500,5,1987
송파구,마천동,씨티,84.98,202206,13,75000,6,2001
송파구,마천동,씨티,84.98,202206,13,75000,6,2001
송파구,가락동,가락쌍용(2차),59.88,202206,13,127500,10,1999
송파구,신천동,파크리오,84.9,202206,15,211500,8,2008
송파구,송파동,트윈레이크팰리스빌,28.11,202206,15,37800,4,2018
송파구,석촌동,현대(201),68.1,202206,17,56800,6,2004
송파구,잠실동,잠실엘스,84.8,202206,20,235000,11,2008
송파구,석촌동,현대(201),64.35,202206,20,50500,4,2004
송파구,거여동,e편한세상송파파크센트럴,84.95,202206,24,128000,14,2021
송파구,잠실동,주공아파트 5단지,82.51,202206,24,318500,14,1978
송파구,잠실동,아시아선수촌아파트,134.485,202207,2,371000,5,1986
송파구,오금동,대림,125.79,202207,3,149000,1,1988
송파구,석촌동,석촌호수효성해링턴타워,15.8307,202207,11,29000,10,2015
송파구,마천동,우방아파트,79.07,202207,12,90400,4,2002
송파구,잠실동,잠실엘스,84.8,202207,14,234000,22,2008
송파구,잠실동,잠실엘스,84.8,202207,18,225000,7,2008
송파구,거여동,e편한세상송파파크센트럴,59.96,202207,23,125000,7,2021
송파구,신천동,더샵스타파크,186.46,202207,26,300000,14,2008
송파구,문정동,현대(62-5),54.6,202207,27,75000,12,1993
송파구,송파동,한양아파트,158.61,202207,30,199500,7,1983
송파구,문정동,동부화이트빌(2동),76.97,202208,3,53000,1,2002
송파구,잠실동,잠실엘스,59.96,202208,13,175000,6,2008
송파구,방이동,올림픽선수기자촌2단지,100.31,202208,16,230000,3,1988
송파구,신천동,파크리오,84.79,202208,17,214000,33,2008
송파구,문정동,올림픽훼밀리타운,136.325,202208,17,220000,12,1988
송파구,잠실동,잠실엘스,84.8,202208,19,222000,14,2008
송파구,석촌동,석촌호수효성해링턴타워,15.8307,202208,22,29000,18,2015
송파구,신천동,장미1,99,202208,22,250000,13,1979
송파구,잠실동,트리지움,84.95,202208,25,208000,18,2007
송파구,장지동,송파더센트레,59.96,202208,27,117000,21,2013
송파구,풍납동,대동1,75.44,202208,29,87000,7,1999
송파구,장지동,힐스테이트송파위례,101.95,202208,29,172500,24,2016
송파구,잠실동,잠실엘스,84.8,202208,31,205000,4,2008
송파구,잠실동,아시아선수촌아파트,134.485,202209,6,360000,6,1986
송파구,오금동,상아2차아파트,60,202209,7,97000,1,1988
송파구,잠실동,리센츠,84.99,202209,8,220000,12,2008
송파구,가락동,프라임레지던스,183,202209,8,96000,5,1994
송파구,문정동,파크하비오,84.9342,202209,9,136000,5,2016
송파구,풍납동,미성,116.965,202209,13,125000,4,1985
송파구,잠실동,리센츠,84.99,202209,13,225000,27,2008
송파구,잠실동,잠실엘스,59.96,202209,14,161000,2,2008
송파구,가락동,헬리오시티,39.1,202209,22,110000,21,2018
송파구,가락동,한화오벨리스크,30.25,202209,24,23000,17,2004
송파구,가락동,헬리오시티,84.98,202209,26,138000,20,2018
송파구,신천동,파크리오,84.79,202209,29,202000,12,2008
송파구,오금동,쌍용스위닷홈(201동),143.82,202210,4,140000,12,2005
송파구,잠실동,NS파인트리,19.7,202210,7,29000,15,2021
송파구,잠실동,리센츠,84.99,202210,8,202000,29,2008
송파구,오금동,다성이즈빌클래식,167.4,202210,10,100000,7,2003
송파구,장지동,위례24단지(꿈에그린),51.82,202210,11,105000,7,2013
송파구,방이동,더원센트럴,29.09,202210,14,35400,14,2020
송파구,잠실동,주공아파트 5단지,81.75,202210,18,244100,9,1978
송파구,잠실동,리센츠,84.99,202210,18,203000,16,2008
송파구,문정동,올림픽훼밀리타운,84.705,202210,22,150000,11,1988
송파구,가락동,헬리오시티,84.99,202210,24,179500,6,2018
송파구,신천동,파크리오,35.24,202210,28,93000,8,2008
송파구,가락동,헬리오시티,84.98,202210,29,180000,8,2018
송파구,잠실동,주공아파트 5단지,76.5,202210,29,190850,1,1978
송파구,오금동,현대(2-4차),130.93,202210,29,159000,7,1984
송파구,가락동,헬리오시티,84.95,202210,31,186500,12,2018
송파구,신천동,파크리오,84.9,202211,1,177000,29,2008
송파구,문정동,올림픽훼밀리타운,117.585,202211,7,174000,4,1988
송파구,오금동,현대백조,31,202211,10,52000,5,1997
송파구,잠실동,트리지움,84.83,202211,12,185000,16,2007
송파구,가락동,가락금호아파트,59.91,202211,12,100000,23,1997
송파구,문정동,올림픽훼밀리타운,117.585,202211,12,175000,12,1988
송파구,잠실동,잠실엘스,84.97,202211,14,190000,7,2008
송파구,잠실동,트리지움,84.83,202211,14,183000,5,2007
송파구,가락동,헬리오시티,84.96,202211,19,167000,15,2018
송파구,가락동,래미안파크팰리스,114.756,202211,20,159000,16,2007
송파구,잠실동,리센츠,124.22,202211,24,295000,17,2008
송파구,잠실동,주공아파트 5단지,76.5,202211,25,199800,13,1978
송파구,오금동,아남,84.93,202212,1,149123,14,1992
송파구,가락동,헬리오시티,59.96,202212,1,126500,2,2018
송파구,잠실동,잠실엘스,84.8,202212,2,193000,13,2008
송파구,잠실동,아시아선수촌아파트,99.385,202212,6,300000,10,1986
송파구,잠실동,잠실엘스,84.8,202212,7,204000,22,2008
송파구,가락동,가락쌍용(2차),84.42,202212,7,117000,14,1999
송파구,잠실동,리센츠,84.99,202212,8,198000,18,2008
송파구,가락동,헬리오시티,84.99,202212,9,176500,19,2018
송파구,가락동,헬리오시티,84.98,202212,12,160000,34,2018
송파구,가락동,가락(1차)쌍용아파트,59.92,202212,12,90000,24,1997
송파구,장지동,위례24단지(꿈에그린),51.77,202212,13,86500,7,2013
송파구,가락동,헬리오시티,39.1,202212,13,91000,12,2018
송파구,잠실동,리센츠,84.99,202212,14,206000,28,2008
송파구,잠실동,우성4차,115.83,202212,16,145000,12,1983
송파구,거여동,e편한세상송파파크센트럴,59.96,202212,21,100000,31,2021
송파구,잠실동,트리지움,84.83,202212,22,185000,19,2007
송파구,가락동,헬리오시티,84.99,202212,23,165000,21,2018
송파구,잠실동,레이크팰리스,59.97,202212,23,140000,12,2006
송파구,가락동,우성,43.79,202212,23,76500,3,1986
송파구,신천동,파크리오,84.9,202212,24,165500,12,2008
송파구,가락동,헬리오시티,39.1,202212,24,88000,6,2018
송파구,방이동,올림픽선수기자촌1단지,100.82,202212,30,180000,8,1988
송파구,신천동,파크리오,84.9,202212,31,172000,24,2008
송파구,문정동,올림픽훼밀리타운,84.705,202212,31,138000,11,1988
송파구,방이동,올림픽선수기자촌2단지,100.82,202212,31,185000,1,1988
양천구,신월동,예지보금자리74차,55.69,202201,4,27000,2,2014
양천구,신정동,명지해드는터,59.97,202201,6,96000,5,2003
양천구,목동,목동청구한신아파트,84.77,202201,8,168500,3,1997
양천구,신월동,강국,60.175,202201,8,33500,7,2006
양천구,신월동,목동센트럴아이파크위브3단지,52.85,202201,13,91000,12,2020
양천구,신정동,목동경동미르웰,14.02,202201,14,13500,14,2017
양천구,신정동,목동신시가지13,53.9,202201,15,120000,12,1987
양천구,신월동,신월2차보람쉬움,59.43,202201,17,58000,6,2005
양천구,신정동,목동신시가지9,53.82,202201,22,144500,7,1987
양천구,신월동,목동센트럴아이파크위브4단지,59.68,202202,8,110000,12,2020
양천구,신월동,태형,84.75,202202,10,48500,2,1998
양천구,신정동,푸른마을2,59.85,202202,16,69000,15,2001
양천구,목동,목동신시가지1,47.52,202202,21,130000,15,1985
양천구,신정동,목동경동미르웰,14.02,202203,3,13700,15,2017
양천구,신월동,삼정그린뷰,84.14,202203,5,72000,6,2005
양천구,신정동,목동신시가지11,66.24,202203,7,130000,1,1988
양천구,신정동,이펜하우스2단지,84.51,202203,7,93000,6,2011
양천구,신월동,신도신월1차,80.19,202203,7,73000,8,2004
양천구,신월동,보람쉬움1,58.15,202203,9,58300,8,2003
양천구,목동,하이페리온2,155.586,202203,9,260000,38,2006
양천구,신월동,누리애,57.72,202203,12,35000,6,2010
양천구,신월동,태헌(신월프라자),56.97,202203,16,30000,9,1999
양천구,신월동,신월시영,59.49,202203,18,85000,10,1988
양천구,신월동,길훈,42.57,202203,19,43000,5,1987
양천구,신월동,서울가든,86.4,202203,20,69000,9,1985
양천구,신월동,롯데캐슬,84.984,202203,25,110000,16,2014
양천구,신월동,동도센트리움,69.17,202203,27,63250,7,2007
양천구,신월동,목동센트럴아이파크위브2단지,59.88,202203,29,103500,6,2020
양천구,목동,금호어울림,102.13,202203,31,116500,3,2004
양천구,신월동,코아루2단지,84.95,202204,1,70000,8,2010
양천구,신정동,청자,84.98,202204,2,62000,4,1997
양천구,목동,목동센트럴푸르지오,84.9914,202204,5,187800,28,2015
양천구,목동,인우,55.931,202204,5,53000,3,2002
양천구,신월동,성우,59.97,202204,5,48000,14,1998
양천구,신정동,신트리1,59.73,202204,7,84000,9,1999
양천구,신월동,성우,59.97,202204,8,48200,10,1998
양천구,신정동,목동신시가지14,74.19,202204,11,152000,6,1987
양천구,목동,목동신시가지4,48.69,202204,12,132000,6,1986
양천구,신월동,금하뜨라네,84.94,202204,13,40000,6,2016
양천구,신정동,경남아너스빌,96.17,202204,16,159500,15,2004
양천구,신월동,흥양훼미리,64.2,202204,19,34700,3,2002
양천구,신월동,조광,121.75,202204,19,58300,9,1997
양천구,신정동,신트리1,49.95,202204,22,77000,13,1999
양천구,신월동,오투힐,56.71,202204,22,27000,6,2003
양천구,신월동,신안약수,68,202204,23,72000,5,1985
양천구,신월동,수명산롯데캐슬,59.98,202204,23,70500,7,2008
양천구,목동,진도2,84.75,202204,25,153800,2,1999
양천구,신월동,삼성,84.78,202204,25,58000,3,2002
양천구,신월동,금하뜨라네,84.91,202204,26,30000,3,2016
양천구,신월동,신월시영,50.67,202204,27,72000,9,1988
양천구,신정동,동문굿모닝탑,154.46,202204,27,173000,18,2003
양천구,신정동,목동신시가지14,55.02,202204,28,128000,6,1987
양천구,신정동,푸른마을3,59.91,202204,28,64000,14,2001
양천구,목동,목동두산위브,112.209,202204,29,115000,7,2005
양천구,목동,목동신시가지3,64.98,202204,29,168000,12,1986
양천구,신월동,신월시영,50.67,202204,29,71500,9,1988
양천구,신월동,신안파크,60.2,202204,30,54800,5,1987
양천구,신정동,신세계하이츠,75.53,202205,1,63000,2,2005
양천구,신정동,목동파크자이(101동~108동),84.993,202205,2,156800,10,2019
양천구,신정동,목동우성2,84.96,202205,2,113000,4,2000
양천구,신정동,목동우성2,84.96,202205,2,113000,4,2000
양천구,신월동,목동센트럴아이파크위브1단지,84.98,202205,7,128000,4,2020
양천구,신월동,신월시영,50.67,202205,16,70000,10,1988
양천구,목동,목동성원,59.85,202205,17,104500,13,2000
양천구,신월동,연흥,62.8,202205,19,36000,5,2004
양천구,신정동,학마을1단지,59.98,202205,21,76000,9,2000
양천구,신정동,현대,84.84,202205,29,105300,9,1995
양천구,신월동,목동센트럴아이파크위브4단지,101.47,202205,30,161000,8,2020
양천구,목동,우당,131.76,202206,1,137000,7,1993
양천구,목동,목동청구한신아파트,84.76,202206,2,166000,14,1997
양천구,목동,목동신시가지1,99.15,202206,2,218000,3,1985
양천구,목동,목동신시가지5,83.47,202206,2,213000,1,1986
양천구,목동,목동청구한신아파트,84.76,202206,4,163000,9,1997
양천구,신정동,목동신시가지10,105.58,202206,7,197500,2,1987
양천구,신정동,까치마을,84.84,202206,9,40000,4,1996
양천구,신정동,동일아파트,83.75,202206,14,60000,1,2002
양천구,신월동,태헌(신월프라자),56.97,202206,18,31300,6,1999
양천구,신정동,목동우성2,113.91,202206,23,105500,2,2000
양천구,목동,목동청구한신아파트,84.76,202206,24,168300,11,1997
양천구,신월동,목동센트럴아이파크위브2단지,84.97,202206,27,130000,10,2020
양천구,신월동,흥양훼미리,83.97,202207,4,39800,2,2002
양천구,신정동,밀레스트,70.711,202207,9,54000,4,2002
양천구,목동,하이페리온2,136.082,202207,12,254000,23,2006
양천구,신정동,중앙하이츠목동펠리시티,65.92,202207,17,110000,13,2021
양천구,신월동,목동센트럴아이파크위브2단지,84.96,202207,18,123000,21,2020
양천구,목동,목동신시가지4,47.25,202207,26,142000,3,1986
양천구,신월동,금하뜨라네,84.94,202207,29,36000,4,2016
양천구,목동,금호어울림,84.99,202208,1,100000,4,2004
양천구,신정동,목동신시가지11,66.24,202208,4,148250,3,1988
양천구,목동,상진지오밸리가동,105.73,202208,5,90000,1,2006
양천구,목동,목동에버하임,41.06,202208,10,45500,8,2019
양천구,신월동,신월시영,50.67,202208,15,65000,10,1988
양천구,신정동,신트리4,48.96,202208,17,65000,3,2000
양천구,신월동,성림,84.87,202208,23,29000,6,2004
양천구,신월동,나산,84.18,202208,25,54000,16,1997
양천구,신월동,목동센트럴아이파크위브3단지,84.98,202208,29,97000,2,2020
양천구,신월동,태산,51.64,202209,5,36000,5,2015
양천구,신월동,신월시영,59.49,202209,5,60000,2,1988
양천구,신정동,목동신시가지11,51.48,202209,17,103000,14,1988
양천구,신정동,신정6현대,59.4,202209,19,60000,13,2000
양천구,목동,현대하이페리온,167.44,202209,23,330000,24,2003
양천구,신월동,목동센트럴아이파크위브3단지,84.98,202209,26,93000,6,2020
양천구,신월동,목동센트럴아이파크위브4단지,84.98,202210,6,97000,11,2020
양천구,신정동,목동경동미르웰,14.02,202210,15,12400,13,2017
양천구,신정동,목동신시가지14,108.28,202210,15,160000,14,1987
양천구,신정동,목동신시가지10,53.82,202210,16,109000,12,1987
양천구,신정동,목동신시가지9,71.37,202210,18,134000,9,1987
양천구,신월동,목동센트럴아이파크위브2단지,84.97,202211,20,92500,10,2020
양천구,신월동,새롬,84.83,202211,21,40000,1,2002
양천구,신월동,세아쎄닛빌,66.9,202211,22,41000,9,2002
양천구,신정동,목동신시가지11,66.24,202211,24,125000,4,1988
양천구,신월동,길훈,42.57,202212,12,36000,2,1987
양천구,신정동,길훈로즈빌,84.95,202212,16,116000,14,2002
양천구,신정동,길훈로즈빌,84.95,202212,19,116000,14,2002
양천구,신정동,신정6현대,59.4,202212,19,42000,18,2000
양천구,신정동,목동신시가지13,53.9,202212,21,94000,5,1987
양천구,신월동,길훈,49.77,202212,22,35000,1,1987
양천구,신정동,목동신시가지13,70.73,202212,22,120000,5,1987
양천구,목동,목동청구한신아파트,84.76,202212,24,119500,11,1997
양천구,신월동,동서,76.82,202212,29,34800,6,2014
영등포구,당산동4가,당산금호어울림,84.25,202201,7,132500,6,2002
영등포구,영등포동7가,여의휴젠느,35.42,202201,8,50000,17,2018
영등포구,문래동3가,문래자이,147.34,202201,8,185000,8,2001
영등포구,당산동,훼미리하우스138,14.28,202201,14,13000,5,2013
영등포구,당산동,드림시드,64.02,202201,18,60000,6,2005
영등포구,당산동4가,당산현대5차,59.55,202201,19,108000,4,2000
영등포구,영등포동2가,이지리움S,13.35,202201,21,15500,10,2013
영등포구,신길동,남서울,41.62,202202,8,63735,4,1974
영등포구,신길동,여의도리버뷰,12.96,202202,9,10600,4,2012
영등포구,영등포동1가,내이처해밀,14.89,202202,9,12200,6,2012
영등포구,영등포동1가,여의도더리브스타일,14.8376,202202,9,20000,7,2020
영등포구,신길동,건영,75.93,202202,16,99300,9,1985
영등포구,영등포동2가,이지리움S,13.35,202202,18,15500,11,2013
영등포구,영등포동8가,영등포메이준2011,12.11,202202,18,13500,19,2012
영등포구,양평동5가,양평한신,59.94,202202,19,94000,13,1996
영등포구,당산동4가,당산현대5차,59.75,202202,25,112500,5,2000
영등포구,영등포동2가,이지리움S,12.12,202202,25,15000,10,2013
영등포구,영등포동8가,영등포메이준2011,12.11,202203,1,13500,18,2012
영등포구,영등포동1가,여의도더리브스타일,14.8376,202203,2,18500,3,2020
영등포구,영등포동7가,경남아너스빌,59.9,202203,3,100700,18,1998
영등포구,영등포동3가,포레스트힐시티,13.53,202203,3,13200,12,2014
영등포구,당산동,훼미리하우스138,14.28,202203,5,12500,13,2013
영등포구,당산동,휴브리지빌딩,17.11,202203,5,15980,10,2012
영등포구,당산동1가,진로,59.4,202203,12,86800,1,1997
영등포구,당산동5가,당산디오빌,28.86,202203,13,36200,8,2005
영등포구,문래동5가,문래대림,59.96,202203,14,77000,16,2000
영등포구,당산동5가,당산삼성래미안4차,161.08,202203,15,195000,11,2003
영등포구,영등포동1가,내이처해밀,14.24,202203,16,12000,2,2012
영등포구,영등포동1가,헤렌어반,12.988,202203,18,11100,5,2011
영등포구,영등포동,두산위브,114.08,202203,19,124500,10,2004
영등포구,양평동5가,양평한신,84.87,202203,20,110000,14,1996
영등포구,영등포동1가,스테이72여의도,12.05,202203,21,13500,11,2013
영등포구,대림동,쌍용플래티넘S,18.24,202203,21,10000,6,2013
영등포구,영등포동1가,스테이72여의도,12.4,202203,21,14000,7,2013
영등포구,대림동,현대1,84.75,202203,24,82000,1,1992
영등포구,문래동3가,문래자이,147.34,202203,25,183000,11,2001
영등포구,대림동,현대3차,140.54,202203,26,125000,14,1997
영등포구,문래동4가,문래동삼환,84.98,202203,26,96000,4,2001
영등포구,영등포동3가,포레스트힐시티,13.53,202203,28,11430,5,2014
영등포구,당산동,강변래미안,108.15,202203,29,178000,17,2002
영등포구,영등포동,영등포푸르지오,79.777,202203,30,121500,23,2002
영등포구,신길동,프리가,13.6,202203,31,13000,14,2013
영등포구,당산동,훼미리하우스138,14.28,202204,1,12900,3,2013
영등포구,신길동,삼성래미안,59.33,202204,4,80000,14,2001
영등포구,대림동,신대림자이1단지,84.61,202204,6,86000,3,2007
영등포구,당산동,강변래미안,79.43,202204,8,134300,13,2002
영등포구,영등포동1가,창방누리애,84.37,202204,9,80000,7,2006
영등포구,신길동,래미안에스티움,59.95,202204,9,135000,14,2017
영등포구,당산동3가,당산계룡리슈빌2단지,42.294,202204,13,82000,11,2014
영등포구,신길동,여의도리버뷰,13.06,202204,13,11000,2,2012
영등포구,여의도동,한양,109.42,202204,14,203000,1,1975
영등포구,당산동,리버뷰,18.92,202204,15,18000,16,2015
영등포구,당산동,리버뷰,18.32,202204,15,16000,13,2015
영등포구,영등포동7가,브라운스톤영등포,84.9,202204,15,95000,6,2004
영등포구,영등포동,영등포푸르지오,84.908,202204,18,131000,21,2002
영등포구,당산동,훼미리하우스138,14.28,202204,18,14500,3,2013
영등포구,문래동6가,현대2차,59.85,202204,18,79000,2,1987
영등포구,당산동4가,당산현대3차,59.26,202204,18,104000,9,1988
영등포구,여의도동,순복음(초원),66.94,202204,19,115000,14,1971
영등포구,신길동,신길동자이,59.99,202204,20,100000,16,2011
영등포구,당산동,래미안당산1차,84.99,202204,23,139000,17,1995
영등포구,여의도동,대교,151.74,202204,26,304000,8,1975
영등포구,영등포동1가,스테이72여의도,12.97,202204,27,14000,12,2013
영등포구,신길동,신길센트럴아이파크,84.98,202204,27,137000,16,2019
영등포구,영등포동1가,스테이72여의도,12.97,202204,27,14000,12,2013
영등포구,양평동6가,한솔,59.28,202204,28,71500,3,1999
영등포구,당산동2가,당산대우,31.73,202205,3,40000,10,1999
영등포구,영등포동7가,아크로타워스퀘어,84.65,202205,4,162000,25,2017
영등포구,여의도동,대우트럼프월드II,123.78,202205,4,187000,20,2003
영등포구,당산동1가,신동아파밀리에,59.4,202205,5,104000,12,2008
영등포구,당산동5가,당산삼성래미안4차,84.94,202205,10,173000,16,2003
영등포구,영등포동4가,영등포그랑그루,12.1,202205,11,14000,9,2012
영등포구,신길동,메트하임,53.591,202205,16,69000,11,2017
영등포구,당산동4가,당산현대3차,59.26,202205,17,103500,3,1988
영등포구,신길동,보라매에스케이뷰,84.98,202205,18,160500,7,2020
영등포구,여의도동,대우트럼프월드Ⅰ,104.7,202205,18,197000,16,2002
영등포구,여의도동,삼익,122.78,202205,19,230000,12,1974
영등포구,양평동3가,삼천리,59.95,202205,19,85000,8,2000
영등포구,여의도동,목화,49.75,202205,20,164000,3,1977
영등포구,당산동1가,진로,84.87,202205,23,120000,18,1997
영등포구,양평동2가,상록수,59.99,202205,23,51000,13,1999
영등포구,문래동3가,문래자이,84.98,202205,23,148000,18,2001
영등포구,도림동,도림청구,37.81,202205,25,50000,14,1997
영등포구,영등포동7가,경남아너스빌,59.9,202205,27,100700,16,1998
영등포구,영등포동1가,여의도씨티아이,12.59,202205,27,13000,18,2013
영등포구,영등포동1가,여의도의아침,12.09,202205,27,12000,6,2012
영등포구,문래동5가,진주맨션,83.72,202205,28,106000,1,1984
영등포구,당산동5가,당산효성1차,134.77,202205,28,147000,2,1999
영등포구,양평동3가,삼천리,59.95,202206,1,94500,11,2000
영등포구,신길동,여의도리버뷰,12.96,202206,3,11000,4,2012
영등포구,양평동5가,양평한신,59.94,202206,4,85000,7,1996
영등포구,당산동5가,당산효성타운2차,84.38,202206,6,158000,6,2001
영등포구,문래동3가,문래공원한신,58.96,202206,9,95000,11,1988
영등포구,대림동,쌍용플래티넘S,18.24,202206,9,10750,6,2013
영등포구,당산동2가,당산대우,31.73,202206,14,40300,16,1999
영등포구,문래동3가,국화맨션,84.71,202206,17,132000,12,1983
영등포구,신길동,여의도리버뷰,12.96,202206,18,11500,5,2012
영등포구,여의도동,롯데캐슬엠파이어,182.62,202206,22,290000,39,2005
영등포구,신길동,우성1,83.64,202206,22,100000,1,1986
영등포구,신길동,보라매경남아너스빌,84.79,202206,27,101000,4,2005
영등포구,당산동5가,당산삼성래미안4차,97.27,202206,28,174000,6,2003
영등포구,여의도동,여의도자이,163.64,202206,30,304000,26,2008
영등포구,여의도동,순복음(초원),66.94,202207,1,127500,6,1971
영등포구,영등포동4가,영등포그랑그루,12.1,202207,4,13500,11,2012
영등포구,문래동4가,문래동삼환,84.98,202207,6,90800,2,2001
영등포구,신길동,신길센트럴아이파크,59.97,202207,8,110000,21,2019
영등포구,대림동,(1101-1),14.46,202207,14,11000,6,2012
영등포구,영등포동7가,아크로타워스퀘어,84.71,202207,15,155000,13,2017
영등포구,여의도동,대우트럼프월드Ⅰ,152.62,202207,16,237000,12,2002
영등포구,당산동4가,브라운스톤당산,84.021,202207,17,125000,7,2015
영등포구,양평동5가,양평한신,59.94,202207,19,88000,17,1996
영등포구,여의도동,삼부,92.13,202207,20,201000,14,1975
영등포구,영등포동1가,내이처해밀,14.89,202207,25,12800,12,2012
영등포구,여의도동,삼부,106.38,202207,29,260000,14,1975
영등포구,대림동,신동아,84.85,202208,1,76000,15,1987
영등포구,여의도동,시범,156.99,202208,1,320000,9,1971
영등포구,대림동,쌍용플래티넘S,18.24,202208,3,10500,3,2013
영등포구,영등포동,영등포푸르지오,59.912,202208,10,100000,19,2002
영등포구,영등포동8가,삼환,59.91,202208,13,95000,14,1999
영등포구,당산동6가,유탑유블레스,13.7067,202208,19,16100,10,2012
영등포구,당산동2가,당산2가현대홈타운,82.77,202208,31,115000,8,1994
영등포구,영등포동,영등포푸르지오,79.777,202209,1,118500,18,2002
영등포구,영등포동7가,훼미리하우스117,16.98,202209,2,15500,3,2012
영등포구,신길동,신길레전드힐스,13.74,202209,2,10300,15,2013
영등포구,신길동,보라매에스케이뷰,84.98,202209,2,130200,14,2020
영등포구,영등포동4가,영등포그랑그루,12.1,202209,7,14000,12,2012
영등포구,당산동4가,유원제일,51.48,202209,14,74965,7,1983
영등포구,신길동,여의도리버뷰,12.96,202209,14,11000,2,2012
영등포구,신길동,프리가,16.09,202209,15,13000,13,2013
영등포구,문래동3가,문래힐스테이트,137.82,202209,20,170000,14,2003
영등포구,문래동3가,문래자이,84.98,202209,21,129000,1,2001
영등포구,대림동,코오롱,134.91,202209,24,110000,4,1998
영등포구,대림동,쌍용플래티넘S,18.24,202209,27,7600,2,2013
영등포구,대림동,쌍용플래티넘S,18.24,202209,27,7600,2,2013
영등포구,대림동,쌍용플래티넘S,18.24,202209,27,7600,2,2013
영등포구,대림동,쌍용플래티넘S,18.24,202209,27,7600,2,2013
영등포구,대림동,쌍용플래티넘S,18.24,202209,27,7600,2,2013
영등포구,대림동,쌍용플래티넘S,18.24,202209,27,7600,2,2013
영등포구,대림동,쌍용플래티넘S,18.24,202209,28,7600,4,2013
영등포구,대림동,쌍용플래티넘S,18.24,202209,28,7600,2,2013
영등포구,대림동,쌍용플래티넘S,18.24,202209,28,7600,2,2013
영등포구,영등포동2가,이지리움S,13.35,202209,28,10000,9,2013
영등포구,대림동,쌍용플래티넘S,18.24,202209,28,7600,2,2013
영등포구,대림동,쌍용플래티넘S,18.24,202209,28,7600,3,2013
영등포구,대림동,쌍용플래티넘S,18.24,202209,28,7600,3,2013
영등포구,대림동,쌍용플래티넘S,18.24,202209,29,7600,4,2013
영등포구,당산동5가,당산디오빌,29.23,202209,29,37500,9,2005
영등포구,대림동,쌍용플래티넘S,18.24,202209,29,6700,8,2013
영등포구,영등포동,영등포푸르지오,84.908,202210,8,95000,6,2002
영등포구,대림동,쌍용플래티넘S,18.24,202210,11,7600,3,2013
영등포구,대림동,신동아,53.37,202210,12,59000,5,1987
영등포구,당산동,래미안당산1차,114.79,202210,14,137500,10,1995
영등포구,신길동,신길센트럴아이파크,84.98,202210,21,140000,13,2019
영등포구,대림동,G밸리소홈,16.1,202210,25,16000,14,2018
영등포구,영등포동4가,영등포그랑그루,12.1,202210,31,12950,6,2012
영등포구,영등포동,영등포푸르지오,84.84,202210,31,105000,23,2002
영등포구,영등포동7가,훼미리하우스117,16.98,202210,31,12800,8,2012
영등포구,대림동,쌍용플래티넘S,18.24,202211,2,7600,3,2013
영등포구,대림동,쌍용플래티넘S,22.68,202211,3,17500,12,2013
영등포구,여의도동,대우트럼프월드Ⅰ,178.5,202211,9,302000,28,2002
영등포구,신길동,건영,95.64,202211,9,90000,6,1985
영등포구,신길동,래미안에스티움,59.95,202211,11,98000,11,2017
영등포구,문래동3가,문래힐스테이트,84.92,202211,11,109000,18,2003
영등포구,영등포동1가,내이처해밀,14.24,202211,12,12400,10,2012
영등포구,신길동,한성,134.33,202211,13,119000,2,1997
영등포구,영등포동1가,내이처해밀,14.24,202211,17,13000,12,2012
영등포구,당산동3가,당산계룡리슈빌1단지,40.136,202211,19,61000,12,2014
영등포구,당산동4가,당산현대5차,84.69,202211,25,100000,5,2000
영등포구,영등포동1가,여의도씨티아이,12.59,202211,25,13300,13,2013
영등포구,대림동,코오롱,84.93,202211,26,95000,4,1998
영등포구,여의도동,롯데캐슬엠파이어,182.62,202211,28,290000,39,2005
영등포구,신길동,래미안에스티움,59.95,202211,28,88000,2,2017
영등포구,대림동,현대3차,140.54,202212,3,116000,9,1997
영등포구,대림동,삼화에코빌1차,55.64,202212,5,61850,2,2022
영등포구,대림동,삼화에코빌1차,52.7,202212,5,59850,2,2022
영등포구,대림동,삼화에코빌1차,53.47,202212,5,61400,6,2022
영등포구,대림동,삼화에코빌1차,52.7,202212,5,61800,6,2022
영등포구,대림동,삼화에코빌1차,52.27,202212,5,65750,10,2022
영등포구,대림동,삼화에코빌1차,54.26,202212,5,62650,5,2022
영등포구,대림동,삼화에코빌1차,55.64,202212,5,62500,3,2022
영등포구,대림동,삼화에코빌1차,54.26,202212,5,61650,3,2022
영등포구,대림동,쌍용플래티넘S,18.24,202212,7,8000,7,2013
영등포구,신길동,한성,84.98,202212,12,88500,5,1997
영등포구,영등포동2가,이지리움S,12.4,202212,13,16000,9,2013
영등포구,신길동,신길레전드힐스,13.74,202212,14,10100,5,2013
영등포구,영등포동7가,포레나영등포센트럴,59.8976,202212,17,93000,18,2020
영등포구,영등포동1가,여의도씨티아이,12.59,202212,30,13390,14,2013
용산구,한강로3가,시티파크(2단지),117.62,202201,2,249000,22,2007
용산구,이촌동,강촌,84.77,202201,5,210000,8,1998
용산구,이촌동,강서,54.25,202201,14,118000,4,1972
용산구,청파동3가,한울글로리A,91.03,202202,11,52000,5,2003
용산구,이태원동,남산대림,149.53,202202,15,190000,1,1994
용산구,이촌동,한가람,84.89,202202,16,240000,17,1998
용산구,이촌동,LG한강자이,203.21,202202,28,440000,23,2003
용산구,한강로2가,한강로대우아이빌,28.22,202203,9,35000,14,2004
용산구,한남동,한남더힐,177.764,202203,11,570000,2,2011
용산구,한남동,리버탑,59.57,202203,13,120000,9,2001
용산구,이촌동,리버뷰,138.94,202203,19,148000,8,1970
용산구,이태원동,청화1,174.38,202203,20,290000,4,1982
용산구,이촌동,정우,257.85,202203,22,246000,10,1972
용산구,한남동,나인원한남,206.8953,202203,24,850000,8,2019
용산구,후암동,후암미주,62.28,202203,24,110000,2,1980
용산구,한남동,리버티하우스,143.15,202203,27,135000,15,2001
용산구,신계동,용산e편한세상,84.21,202204,1,210000,10,2011
용산구,한강로2가,한강로대우아이빌,28.22,202204,4,37000,15,2004
용산구,한강로1가,삼각아파트,35.37,202204,7,94000,1,1970
용산구,이촌동,한강(대우),84.98,202204,15,210000,11,2000
용산구,이촌동,한강(대우),84.94,202204,15,238000,19,2000
용산구,이태원동,청화1,142.71,202204,22,260000,6,1982
용산구,후암동,브라운스톤남산,166.98,202204,25,205000,2,2004
용산구,원효로1가,용산더프라임,123.673,202204,27,185000,26,2014
용산구,문배동,프라임펠리스,13.69,202204,30,15900,18,2012
용산구,원효로4가,산호,100.56,202205,2,150000,2,1977
용산구,신계동,용산e편한세상,84.89,202205,6,210000,20,2011
용산구,이촌동,한가람,59.88,202205,9,186000,18,1998
용산구,이촌동,강촌,114.595,202205,11,260000,7,1998
용산구,이촌동,반도,167.18,202205,11,340000,4,1977
용산구,원효로1가,용산더프라임,142.901,202205,12,220000,9,2014
용산구,이촌동,장미(203-14),46.78,202205,13,103500,3,1972
용산구,한강로3가,센트럴파크,135.3849,202205,16,405215,13,2020
용산구,한남동,한남동리첸시아,73.39,202205,16,130000,4,2004
용산구,이촌동,반도,166.34,202205,18,360000,6,1977
용산구,이촌동,강촌,106.645,202205,18,266000,10,1998
용산구,이촌동,한가람,59.88,202205,19,186000,18,1998
용산구,원효로1가,용산더프라임,142.901,202205,26,210000,32,2014
용산구,이촌동,강촌,84.85,202205,27,210000,8,1998
용산구,이촌동,로얄맨숀,186.12,202205,28,247998,12,1972
용산구,원효로4가,풍전,81.72,202206,1,119000,4,1971
용산구,원효로4가,풍전,81.72,202206,1,119000,4,1971
용산구,문배동,프라임펠리스,13.69,202206,3,18800,19,2012
용산구,후암동,후암미주,62.28,202206,4,110000,5,1980
용산구,한남동,한남더힐,235.312,202206,17,800000,6,2011
용산구,이촌동,동원베네스트,84.97,202206,18,170000,10,2005
용산구,이촌동,강촌,84.85,202206,29,231500,11,1998
용산구,문배동,리첸시아용산B,145.75,202207,8,199000,12,2010
용산구,문배동,아크로타워,126.3,202207,13,183000,18,2007
용산구,한남동,한남더힐,235.312,202207,21,890000,3,2011
용산구,이촌동,대림,114.96,202207,23,255000,10,1994
용산구,이촌동,강촌,114.595,202208,10,255000,8,1998
용산구,이촌동,동원베네스트,84.973,202208,18,140100,11,2005
용산구,문배동,용산큐브,13.01,202208,19,19100,16,2013
용산구,이태원동,청화1,142.71,202209,2,250000,11,1982
용산구,이태원동,청화1,104.69,202209,9,200000,8,1982
용산구,이태원동,준아트빌,227.84,202209,13,290000,10,2008
용산구,효창동,세양청마루,84.18,202209,17,99000,15,2006
용산구,문배동,용산큐브,13.01,202209,18,19000,14,2013
용산구,도원동,도원,34.8,202209,28,12000,1,1983
용산구,한남동,시범,59.5,202210,7,120000,5,1970
용산구,이촌동,이촌동삼성리버스위트,137.37,202210,9,320000,6,2002
용산구,한남동,한성1,48.69,202210,11,53000,1,1974
용산구,후암동,후암미주,63.44,202210,22,107000,2,1980
용산구,한강로1가,용산파크자이,99.85,202210,31,160000,6,2005
용산구,보광동,주미,79.21,202211,5,149150,7,1973
용산구,한남동,장미1,74.38,202211,17,176000,3,1976
용산구,이촌동,이촌코오롱(A),114.69,202211,18,200000,6,1999
용산구,문배동,프라임펠리스,13.69,202211,19,16500,14,2012
용산구,보광동,주미,69.39,202211,29,143000,9,1973
용산구,산천동,한강타운,59.69,202212,10,90000,12,2001
용산구,이촌동,강촌,114.595,202212,30,215000,15,1998
은평구,응암동,백련산파크자이,59.905,202201,4,88000,9,2021
은평구,수색동,DMC롯데캐슬더퍼스트,59.96,202201,6,103000,7,2021
은평구,응암동,백련산파크자이,59.905,202201,8,87000,3,2021
은평구,대조동,정익제이원6차,29.95,202201,9,36500,14,2017
은평구,수색동,DMC롯데캐슬더퍼스트,114.95,202201,11,155000,6,2021
은평구,응암동,백련산파크자이,59.905,202201,13,90000,17,2021
은평구,불광동,북한산힐스테이트1차아파트,84.734,202201,15,110000,5,2009
은평구,불광동,연신내역트리플라101동,36.61,202201,17,63000,12,2021
은평구,대조동,대경아르체아파트,29.99,202201,18,42000,9,2021
은평구,대조동,대경아르체아파트,29.99,202201,18,42000,7,2021
은평구,녹번동,힐스테이트녹번,84.9,202201,22,129500,19,2019
은평구,응암동,백련산에스케이뷰아이파크,59.8545,202201,22,90000,18,2020
은평구,불광동,라이프미성,84.65,202201,24,94500,15,1988
은평구,수색동,e편한세상 수색 에코포레,59.895,202201,26,70500,1,2003
은평구,구산동,세영아파트,53.91,202201,26,35900,8,2016
은평구,수색동,DMC롯데캐슬더퍼스트,59.96,202201,27,100000,9,2021
은평구,대조동,영화노블레스아파트,24.41,202201,27,27750,12,2019
은평구,녹번동,힐스테이트녹번,84.898,202201,27,139500,11,2019
은평구,진관동,은평스카이뷰자이,84.7488,202201,29,122000,18,2019
은평구,대조동,대경아르체아파트,29.99,202202,4,41000,15,2021
은평구,응암동,백련산에스케이뷰아이파크,59.9335,202202,7,90000,11,2020
은평구,응암동,백련산에스케이뷰아이파크,84.9039,202202,10,109500,5,2020
은평구,불광동,불광롯데캐슬,114.99,202202,11,132000,16,2018
은평구,구산동,은평서해그랑블,59.21,202202,11,75000,13,2022
은평구,역촌동,역촌센트레빌,84.89,202202,11,85000,9,2011
은평구,응암동,백련산힐스테이트4차,84.98,202202,15,110000,2,2018
은평구,진관동,은평뉴타운솔하임,45.044,202202,18,60000,19,2017
은평구,신사동,미성,83.27,202202,18,65000,2,1987
은평구,응암동,미소세상,29.99,202202,19,28000,4,2017
은평구,대조동,대경아르체아파트,25.28,202202,21,32000,11,2021
은평구,수색동,DMC롯데캐슬더퍼스트,39.83,202202,23,60000,7,2021
은평구,수색동,DMC롯데캐슬더퍼스트,84.93,202202,28,100000,19,2021
은평구,대조동,미래하임,31.8,202202,28,31700,9,2012
은평구,응암동,미소세상,29.99,202203,3,28200,2,2017
은평구,대조동,북한산포레스트,19.08,202203,3,27500,7,2021
은평구,구산동,갈현현대,59.94,202203,4,50000,2,1998
은평구,대조동,대경아르체아파트,29.99,202203,10,42000,10,2021
은평구,대조동,주주베에이,13.56,202203,12,15500,5,2014
은평구,응암동,거장메카(116-22),24.77,202203,12,45800,7,2021
은평구,대조동,대경아르체아파트,25.28,202203,15,32000,10,2021
은평구,응암동,녹번역e편한세상캐슬,84.94,202203,15,128000,15,2021
은평구,신사동,신사성원,59.94,202203,17,59800,3,2000
은평구,대조동,정익제이원아파트(15-114),25.68,202203,18,25600,9,2015
은평구,응암동,백련산힐스테이트3차,59.63,202203,19,84500,2,2011
은평구,응암동,백련산힐스테이트4차,84.98,202203,19,105000,14,2018
은평구,응암동,백련산힐스테이트3차,84.59,202203,19,99500,12,2011
은평구,진관동,은평뉴타운 제각말 푸르지오(5-2단지),84.89,202203,23,110000,7,2010
은평구,응암동,백련산파크자이,55.885,202203,23,80000,5,2021
은평구,응암동,청안파인,30.83,202203,26,21500,10,2012
은평구,대조동,정익제이원아파트(15-114),25.68,202203,29,25900,13,2015
은평구,진관동,상림마을7단지아이파크(702~705동)BL1-4,84.79,202204,2,86000,7,2008
은평구,응암동,서강스카이빌3(116-24),84.98,202204,3,77500,12,2006
은평구,불광동,대호프라자아파트,84.64,202204,5,69700,5,2000
은평구,갈현동,유호루하스,28.26,202204,6,22000,9,2018
은평구,불광동,라이프미성,84.65,202204,7,97000,7,1988
은평구,진관동,은평뉴타운 제각말 푸르지오(5-3단지),101.97,202204,8,147000,6,2010
은평구,진관동,상림마을7단지아이파크(713~718동)BL1-11,84.79,202204,10,88000,2,2008
은평구,응암동,서강스카이빌2,156.39,202204,11,79000,2,2003
은평구,진관동,우물골2단지두산위브(209~222동)BL2-8,84.51,202204,15,78000,1,2009
은평구,구산동,천지로얄,80.25,202204,16,45500,3,2005
은평구,진관동,우물골2단지두산위브(204~208동)BL2-5,84.51,202204,16,95000,1,2009
은평구,불광동,라이프미성,66.7,202204,18,82000,1,1988
은평구,응암동,녹번역e편한세상캐슬,59.96,202204,19,101000,2,2021
은평구,응암동,백련산힐스테이트2차,59.63,202204,21,85000,2,2011
은평구,대조동,대경아르체아파트,29.99,202204,23,42000,13,2021
은평구,역촌동,명남뉴아파트,84.94,202204,27,54000,4,2004
은평구,대조동,제이타워1,12.23,202204,28,12000,9,2012
은평구,응암동,백련산에스케이뷰아이파크,84.9039,202204,29,120000,17,2020
은평구,녹번동,대림아파트(276),133.87,202204,30,118500,19,1993
은평구,응암동,거장메카(116-22),24.77,202204,30,36200,10,2021
은평구,불광동,대호프라자아파트,59.97,202205,6,61000,7,2000
은평구,진관동,상림마을8단지롯데캐슬(810~820동)BL1-1,101.93,202205,13,107000,9,2008
은평구,역촌동,하늘애,84.96,202205,13,81000,7,2007
은평구,증산동,베로니스,54.84,202205,13,72300,4,2019
은평구,역촌동,위산엘리시움,38.69,202205,14,37000,7,2018
은평구,갈현동,한솔,39.96,202205,14,27000,4,1997
은평구,수색동,DMC롯데캐슬더퍼스트,84.93,202205,14,125000,15,2021
은평구,불광동,라이프미성,66.7,202205,18,87000,9,1988
은평구,신사동,이랜드타운아파트,84.9287,202205,19,70000,20,2004
은평구,녹번동,청록MS(91-9),84.61,202205,21,58000,5,2004
은평구,갈현동,지캐슬,41.73,202205,22,27700,6,2003
은평구,응암동,신동아,52.71,202205,22,45000,1,1990
은평구,수색동,DMC롯데캐슬더퍼스트,84.97,202205,23,120000,2,2021
은평구,대조동,대경아르체아파트,29.99,202205,25,45000,2,2021
은평구,응암동,녹번역센트레빌,59.92,202205,28,85700,12,2013
은평구,응암동,거장메카(116-22),24.77,202205,28,36200,8,2021
은평구,역촌동,만민라이프(B동),84.23,202205,28,49000,2,2004
은평구,응암동,백련산파크자이,59.789,202205,28,88700,6,2021
은평구,응암동,유성아이비,47.64,202205,30,40400,9,2011
은평구,역촌동,청우참조은,50.31,202205,30,25100,2,2003
은평구,진관동,은평스카이뷰자이,84.7488,202206,2,125000,10,2019
은평구,역촌동,미랜드,79.16,202206,2,76000,4,2006
은평구,응암동,위산일리온시티,19.28,202206,4,23000,12,2020
은평구,대조동,대경아르체아파트,29.99,202206,7,41000,3,2021
은평구,증산동,디오반,14.46,202206,9,12200,6,2011
은평구,증산동,디오반,14.46,202206,13,12100,6,2011
은평구,갈현동,한솔,84.93,202206,15,64100,2,1997
은평구,응암동,녹번역센트레빌,84.9,202206,17,96500,17,2013
은평구,불광동,효민아크로뷰,15.09,202206,25,24000,19,2021
은평구,진관동,마고정3단지센트레빌(310~322동)BL2-3,167.14,202206,26,120000,3,2009
은평구,구산동,경향파크,84.75,202207,2,47200,13,1989
은평구,녹번동,힐스테이트녹번,59.938,202207,7,94500,3,2019
은평구,불광동,효민아크로뷰,15.09,202207,7,23000,17,2021
은평구,역촌동,역촌월드,57.69,202207,9,33800,3,2003
은평구,구산동,엔에스아파트,56.52,202207,12,22500,5,2003
은평구,진관동,우물골2단지두산위브(245~255동)BL2-6,84.54,202207,14,93000,8,2009
은평구,응암동,녹번역e편한세상캐슬,84.98,202207,15,126000,10,2021
은평구,갈현동,동광갈현베르빌,134.715,202207,16,95000,3,2004
은평구,대조동,제이타워4,12.16,202207,22,9550,8,2013
은평구,불광동,선우아파트,70.82,202207,26,46000,3,2002
은평구,불광동,북한산현대힐스테이트3차아파트,84.97,202207,30,90000,11,2010
은평구,진관동,상림마을6단지푸르지오(606~614동)BL1-7,101.97,202208,3,88000,2,2008
은평구,응암동,청안파인,30.34,202208,9,23000,5,2012
은평구,불광동,제이타워,15.05,202208,11,12700,6,2013
은평구,증산동,디오반,14.46,202208,17,13000,6,2011
은평구,진관동,은평뉴타운솔하임,14.235,202208,19,16500,16,2017
은평구,신사동,라이프씨티,83.04,202208,24,50000,8,1992
은평구,역촌동,거성리젠시,75.21,202208,27,49500,2,2004
은평구,대조동,대경아르체아파트,29.99,202208,29,42000,6,2021
은평구,역촌동,엔에스,56.54,202208,29,24000,9,2001
은평구,진관동,은평뉴타운 제각말 푸르지오(5-4단지),84.89,202209,1,86000,5,2010
은평구,불광동,북한산래미안아파트(1단지),84.9885,202209,3,86000,10,2010
은평구,녹번동,래미안베라힐즈,84.98,202209,8,119000,5,2019
은평구,응암동,펠리시티,55.68,202209,10,67000,13,2022
은평구,응암동,경향렉스빌,84.781,202209,14,67500,7,2004
은평구,응암동,백련산파크자이,59.905,202209,15,79500,9,2021
은평구,역촌동,센타폴리스,84.97,202209,17,68000,3,2004
은평구,역촌동,리더스파크,82.45,202209,20,79000,13,2006
은평구,응암동,녹번역e편한세상캐슬,84.98,202209,21,120000,17,2021
은평구,진관동,우물골2단지두산위브(209~222동)BL2-8,84.51,202209,22,86000,6,2009
은평구,응암동,거장메카(116-22),24.77,202209,25,36200,8,2021
은평구,진관동,은평뉴타운 제각말 푸르지오(5-1단지),101.83,202209,26,105000,8,2010
은평구,불광동,경인에버빌(285-18),29.47,202210,1,29000,9,2018
은평구,진관동,상림마을6단지푸르지오(606~614동)BL1-7,84.79,202210,6,70000,5,2008
은평구,불광동,북한산현대힐스테이트3차아파트,115.41,202210,7,100000,1,2010
은평구,응암동,녹번역e편한세상캐슬,84.94,202210,10,110000,8,2021
은평구,수색동,진흥엣세벨,106.423,202210,11,95000,3,2003
은평구,불광동,효민아크로뷰,15.09,202210,11,24000,20,2021
은평구,응암동,응암아네스트,13.6793,202210,12,12600,16,2014
은평구,대조동,삼성타운,59.4,202210,14,56500,16,1997
은평구,응암동,위산일리온시티,19.28,202210,23,23800,14,2020
은평구,응암동,거장메카(116-22),29.75,202210,23,37200,10,2021
은평구,수색동,DMC롯데캐슬더퍼스트,39.83,202211,4,50000,1,2021
은평구,신사동,신아,57.06,202211,7,34900,7,2008
은평구,진관동,상림마을6단지푸르지오(601~605동)BL1-8,101.93,202211,10,77000,5,2008
은평구,응암동,백련산해모로,59.92,202211,15,75000,4,2020
은평구,갈현동,유호루하스,16.768,202211,18,12000,7,2018
은평구,진관동,구파발9단지래미안(916~928동)BL3-2,134.83,202211,19,110000,4,2010
은평구,응암동,프라임팰리스,71.16,202211,29,50000,14,2003
은평구,응암동,녹번역e편한세상캐슬,59.96,202211,30,82750,6,2021
은평구,갈현동,역촌맨션,53.2,202211,30,29200,4,1973
은평구,갈현동,역촌맨션,53.2,202211,30,29200,2,1973
은평구,갈현동,역촌맨션,65.78,202211,30,36300,2,1973
은평구,수색동,e편한세상 수색 에코포레,59.895,202211,30,50000,1,2003
은평구,진관동,은평스카이뷰자이,84.3363,202212,2,94000,22,2019
은평구,역촌동,미랜드,84.98,202212,2,65000,3,2006
은평구,응암동,백련산에스케이뷰아이파크,59.8545,202212,7,83800,5,2020
은평구,증산동,디오반,14.46,202212,9,11800,7,2011
은평구,녹번동,북한산푸르지오,84.99,202212,17,89700,7,2015
은평구,응암동,서강스카이빌2,156.39,202212,17,80000,13,2003
은평구,신사동,성현,48.78,202212,21,23000,7,2002
은평구,불광동,북한산힐스테이트7차,84.947,202212,23,107000,5,2011
종로구,무악동,인왕산아이파크,84.858,202201,2,139900,16,2008
종로구,숭인동,종로센트레빌,84.92,202201,8,109000,11,2008
종로구,연건동,이화에수풀,16.98,202201,8,19000,11,2014
종로구,행촌동,대성아파트,19.27,202201,12,26000,7,1971
종로구,숭인동,삼전솔하임2차,15,202201,25,10200,7,2012
종로구,효제동,포레스트힐시티,18.7352,202202,7,19000,7,2017
종로구,숭인동,종로유케이201,12.01,202202,23,9500,10,2013
종로구,평창동,롯데낙천대,110.53,202203,3,120000,3,2001
종로구,평창동,벽산블루밍평창힐스,152.06,202203,17,155000,4,2004
종로구,평창동,삼성,84.93,202203,22,78000,1,1998
종로구,교북동,경희궁자이(4단지),37.2635,202203,26,91000,7,2017
종로구,무악동,인왕산아이파크,114.931,202204,2,164000,16,2008
종로구,평창동,밀레니엄,84,202204,4,56000,5,2017
종로구,평동,경희궁자이(3단지),84.9443,202204,5,230000,19,2017
종로구,인의동,효성쥬얼리시티,92.81,202204,9,108000,9,2006
종로구,숭인동,종로청계힐스테이트,59.9426,202204,11,92000,17,2009
종로구,숭인동,종로유케이201,12.08,202204,12,10000,7,2013
종로구,내수동,경희궁의아침4단지,124.17,202204,14,185000,14,2004
종로구,효제동,포레스트힐시티,14.6825,202204,20,17700,8,2017
종로구,명륜2가,아남2,59.4,202204,21,87000,2,1996
종로구,창신동,창신쌍용1,79.87,202204,25,89700,9,1992
종로구,무악동,인왕산아이파크,157.289,202204,26,241000,15,2008
종로구,연건동,이화에수풀,16.98,202204,26,18000,5,2014
종로구,연건동,이화에수풀,19.86,202205,9,24000,7,2014
종로구,연건동,이화에수풀,16.98,202205,13,16000,5,2014
종로구,충신동,CS타워,21.94,202205,19,16000,11,2011
종로구,무악동,인왕산아이파크,84.858,202205,23,135000,7,2008
종로구,평창동,삼성,59.97,202205,27,67000,2,1998
종로구,숭인동,삼전솔하임2차,14.69,202205,30,12000,5,2012
종로구,효제동,포레스트힐시티,16.672,202206,9,17900,5,2017
종로구,사직동,광화문스페이스본(101동~105동),158.99,202206,14,185000,8,2008
종로구,숭인동,삼전솔하임2차,16.67,202206,18,12000,10,2012
종로구,숭인동,종로청계힐스테이트,59.9426,202207,13,85000,2,2009
종로구,이화동,송림아마레스아파트,84.42,202207,19,36500,4,2004
종로구,창신동,두산,59.95,202207,25,90000,8,1999
종로구,익선동,현대뜨레비앙,48.54,202208,4,37500,2,2003
종로구,숭인동,종로중흥S클래스,17.811,202208,22,13300,8,2013
종로구,익선동,현대뜨레비앙,48.54,202208,26,40000,7,2003
종로구,평동,경희궁자이(3단지),84.614,202209,16,189000,7,2017
종로구,평창동,엘리시아,236.07,202209,19,106076,2,2009
종로구,무악동,경희궁롯데캐슬,59.6737,202209,21,110000,2,2019
종로구,숭인동,삼전솔하임4차,15.09,202209,26,12500,10,2014
종로구,숭인동,삼전솔하임4차,15.09,202209,28,12510,16,2014
종로구,익선동,운현신화타워,84.26,202211,2,65000,11,1998
종로구,동숭동,동성아파트(1동),57.96,202211,11,35000,1,1999
종로구,효제동,포레스트힐시티,16.672,202212,8,16000,5,2017
종로구,무악동,현대,60,202212,15,75000,13,2000
종로구,숭인동,종로청계힐스테이트,59.9426,202212,22,73000,18,2009
중구,신당동,신당역솔하임,14.08,202201,4,16000,19,2016
중구,황학동,DUO302,15.97,202201,20,15500,11,2014
중구,황학동,DUO302,15.97,202201,25,15500,11,2014
중구,묵정동,충무,54.18,202201,27,59500,1,1982
중구,황학동,한양I-Class,16.37,202201,27,10000,14,2013
중구,묵정동,묵정,52.46,202202,12,53700,8,1981
중구,충무로5가,충무로헤센스마트,31.02,202202,12,39800,5,2018
중구,황학동,DUO302,15.97,202202,16,14300,15,2014
중구,신당동,약수하이츠,57.63,202202,21,117000,9,1999
중구,정동,삼정아트테라스정동,32.0134,202202,28,48000,2,2020
중구,신당동,남산타운,59.94,202203,1,105000,3,2002
중구,황학동,신당블루카운티,59.95,202203,1,44500,3,2016
중구,중림동,삼성사이버빌리지,59.93,202203,12,133000,9,2001
중구,신당동,신신(2차),59.04,202203,15,31000,2,2001
중구,정동,삼정아트테라스정동,20.0525,202203,16,50169,9,2020
중구,순화동,순화동더샵,84.9,202203,19,130000,21,2007
중구,신당동,약수역더시티,19.06,202203,28,27500,10,2021
중구,황학동,DUO302,15.97,202204,2,15850,18,2014
중구,정동,삼정아트테라스정동,28.1974,202204,4,49500,4,2020
중구,신당동,신당역솔하임,14.08,202204,5,16500,20,2016
중구,신당동,신당역솔하임,14.08,202204,10,16000,16,2016
중구,신당동,약수하이츠,57.63,202204,14,95000,7,1999
중구,신당동,남산타운,84.88,202204,14,145000,16,2002
중구,회현동1가,삼풍,47.54,202204,15,49000,8,1975
중구,흥인동,청계천두산위브더제니스,123.8073,202204,19,168000,34,2014
중구,신당동,약수하이츠,57.63,202204,23,95000,7,1999
중구,신당동,현대,83.97,202204,23,100000,14,1993
중구,흥인동,동대문와이즈캐슬,15.55,202204,30,14000,14,2014
중구,신당동,유정,59.65,202205,14,28000,2,2001
중구,신당동,남산타운,114.88,202205,18,165000,3,2002
중구,신당동,남산타운,59.94,202205,19,121500,12,2002
중구,신당동,남산타운,84.88,202205,19,140000,11,2002
중구,회현동2가,쌍용남산플래티넘,177,202205,25,235000,15,2010
중구,신당동,약수하이츠,57.63,202205,26,93000,7,1999
중구,황학동,한양I-Class,16.37,202205,27,12400,14,2013
중구,충무로5가,충무로헤센스마트,21.04,202205,27,22100,3,2018
중구,신당동,래미안하이베르,84.98,202206,2,137000,12,2011
중구,흥인동,동대문와이즈캐슬,16.55,202206,7,14650,15,2014
중구,신당동,래미안하이베르,59.74,202206,12,108000,1,2011
중구,황학동,그랜드힐오피스텔,24.15,202208,4,16500,10,2017
중구,충무로5가,충무로엘크루메크로시티2차,22.75,202208,30,21800,16,2016
중구,신당동,신당아르브,18.08,202209,5,16000,6,2014
중구,회현동1가,이지-빌,55.9,202209,17,43000,2,2006
중구,신당동,남산타운,84.88,202209,23,123000,5,2002
중구,흥인동,동대문솔하임,23.42,202210,7,27500,19,2016
중구,흥인동,동대문와이즈캐슬,22.07,202210,20,24000,15,2014
중구,황학동,롯데캐슬,84.89,202210,20,94500,26,2008
중구,황학동,롯데캐슬,84.89,202210,20,94500,26,2008
중구,신당동,신당아르브,18.08,202210,24,15100,4,2014
중구,신당동,약수하이츠,57.63,202211,12,86000,15,1999
중구,황학동,DUO302,15.97,202211,14,16000,12,2014
중구,정동,삼정아트테라스정동,22.0989,202211,16,39000,2,2020
중구,신당동,약수하이츠,57.63,202211,24,85000,12,1999
중구,황학동,DUO302,15.97,202211,24,15000,13,2014
중구,황학동,DUO302,15.97,202212,1,15000,13,2014
중구,만리동2가,서울역센트럴자이,59.9707,202212,14,145000,9,2017
중구,황학동,롯데캐슬,84.97,202212,26,85000,22,2008
중구,신당동,한진해모로,59.76,202212,27,87000,6,2001
중랑구,망우동,한일써너스빌리젠시2단지,84.14,202201,2,70000,10,2008
중랑구,상봉동,프레미어스엠코,111.56,202201,3,135000,17,2013
중랑구,신내동,신내11대명,39.76,202201,8,52800,14,1996
중랑구,면목동,면목루브루,54.56,202201,10,42000,2,2021
중랑구,면목동,면목루브루,54.56,202201,10,42000,2,2021
중랑구,상봉동,포시티,14.855,202201,12,11500,9,2014
중랑구,망우동,청광,83.4564,202201,14,59500,4,2001
중랑구,묵동,묵동포레시타,14.95,202201,26,11900,3,2013
중랑구,면목동,남청파인힐(101동),81.93,202201,26,64400,3,2006
중랑구,중화동,범양프레체,17.94,202201,27,12200,15,2012
중랑구,묵동,브라운스톤태릉,59.4364,202201,28,71000,11,2004
중랑구,신내동,석탑,84.6,202201,28,64400,9,1997
중랑구,신내동,동성3,59.4,202201,29,61000,9,1997
중랑구,신내동,동성3,129.37,202202,3,87000,21,1997
중랑구,묵동,묵동자이(2단지),101.91,202202,9,102500,16,2010
중랑구,중화동,범양프레체,17.94,202202,10,11000,14,2012
중랑구,묵동,신내,39.84,202202,14,53000,9,1996
중랑구,묵동,우성,55.74,202202,15,30000,4,1975
중랑구,신내동,경원,55.89,202202,19,26500,5,1989
중랑구,묵동,우성,48.13,202202,21,31500,2,1975
중랑구,상봉동,상봉힐스테이,14.75,202202,23,29000,11,2021
중랑구,면목동,용마한신,44.35,202202,28,56000,12,1990
중랑구,면목동,면목한신,84.92,202203,2,83000,6,1987
중랑구,신내동,화성.두산아파트,66.96,202203,12,71000,2,1995
중랑구,면목동,성원상떼빌,59.91,202203,19,63000,19,1997
중랑구,상봉동,주함해븐타워,15.17,202203,24,13500,18,2015
중랑구,신내동,신내6대주,49.77,202203,24,56500,1,1996
중랑구,신내동,화성.두산아파트,66.96,202203,26,60000,8,1995
중랑구,신내동,새한,59.77,202203,26,60000,14,1998
중랑구,상봉동,건영1,84.96,202203,31,76000,5,1997
중랑구,신내동,신내우디안1단지,84.65,202204,2,88000,15,2014
중랑구,망우동,한울네세창,84.68,202204,5,55000,4,2005
중랑구,신내동,동성1,59.4,202204,6,59800,13,1993
중랑구,상봉동,상봉어반뷰,13.26,202204,7,13200,9,2018
중랑구,상봉동,상봉힐스테이,17.25,202204,8,30500,6,2021
중랑구,상봉동,상봉힐스테이,14.75,202204,9,29500,8,2021
중랑구,신내동,새한,59.77,202204,9,60000,12,1998
중랑구,신내동,신내9진흥,33.18,202204,12,45500,5,1996
중랑구,상봉동,상봉힐스테이,16.94,202204,14,30500,10,2021
중랑구,상봉동,상봉힐스테이,16.94,202204,18,30500,7,2021
중랑구,면목동,일신강변,59.99,202204,18,62000,13,1999
중랑구,묵동,현대아이파크,101.4007,202204,20,90000,2,2002
중랑구,상봉동,프레미어스엠코,111.56,202204,20,134500,31,2013
중랑구,중화동,현대휴앤미(102동),76.43,202204,23,53000,6,2007
중랑구,면목동,두산4,84.87,202204,23,93000,25,2000
중랑구,상봉동,상봉베스트원,22.14,202204,26,24500,9,2019
중랑구,망우동,가야써니빌,59.96,202204,29,54500,7,2002
중랑구,신내동,라이프미성,59.23,202204,29,48000,2,1992
중랑구,신내동,신내6대주,49.77,202204,30,61500,3,1996
중랑구,상봉동,우정아파트,81.783,202205,3,90000,18,2002
중랑구,상봉동,포시티,14.855,202205,3,10000,17,2014
중랑구,상봉동,스마트트라움,29.51,202205,6,33750,16,2022
중랑구,상봉동,스마트트라움,29.51,202205,6,33400,13,2022
중랑구,상봉동,스마트트라움,29.51,202205,6,33850,13,2022
중랑구,상봉동,스마트트라움,29.51,202205,6,33750,16,2022
중랑구,상봉동,스마트트라움,29.51,202205,6,33400,13,2022
중랑구,상봉동,스마트트라움,29.51,202205,6,32950,6,2022
중랑구,상봉동,스마트트라움,29.51,202205,6,33100,11,2022
중랑구,상봉동,스마트트라움,29.51,202205,6,32950,6,2022
중랑구,상봉동,스마트트라움,29.51,202205,6,33550,14,2022
중랑구,상봉동,스마트트라움,29.51,202205,6,33550,15,2022
중랑구,상봉동,스마트트라움,29.51,202205,6,33100,11,2022
중랑구,상봉동,스마트트라움,29.51,202205,6,33850,13,2022
중랑구,상봉동,스마트트라움,29.51,202205,6,32750,8,2022
중랑구,상봉동,스마트트라움,29.51,202205,6,33550,13,2022
중랑구,상봉동,스마트트라움,58.21,202205,6,59600,10,2022
중랑구,상봉동,스마트트라움,56.61,202205,6,57350,7,2022
중랑구,상봉동,스마트트라움,29.51,202205,6,33100,12,2022
중랑구,상봉동,스마트트라움,29.51,202205,6,33400,13,2022
중랑구,상봉동,스마트트라움,58.21,202205,6,58300,9,2022
중랑구,상봉동,스마트트라움,29.51,202205,6,33900,16,2022
중랑구,상봉동,스마트트라움,29.51,202205,6,33850,14,2022
중랑구,상봉동,스마트트라움,29.51,202205,6,32750,7,2022
중랑구,상봉동,스마트트라움,58.21,202205,6,59600,9,2022
중랑구,상봉동,스마트트라움,54.57,202205,6,55600,6,2022
중랑구,상봉동,스마트트라움,58.21,202205,6,59600,11,2022
중랑구,상봉동,스마트트라움,58.21,202205,6,59300,9,2022
중랑구,상봉동,스마트트라움,29.51,202205,6,33100,10,2022
중랑구,상봉동,스마트트라움,29.51,202205,6,32900,9,2022
중랑구,상봉동,스마트트라움,29.51,202205,6,32900,9,2022
중랑구,상봉동,스마트트라움,29.51,202205,6,32750,8,2022
중랑구,상봉동,스마트트라움,29.51,202205,6,33700,12,2022
중랑구,상봉동,스마트트라움,54.57,202205,6,55600,6,2022
중랑구,상봉동,스마트트라움,29.51,202205,6,33750,16,2022
중랑구,상봉동,스마트트라움,29.51,202205,6,32750,7,2022
중랑구,상봉동,스마트트라움,29.51,202205,6,33400,8,2022
중랑구,상봉동,스마트트라움,29.51,202205,6,33100,11,2022
중랑구,망우동,EGSoulLeader,13.55,202205,7,9800,5,2012
중랑구,신내동,진로아파트,101.86,202205,11,93000,5,1995
중랑구,면목동,신성,59.91,202205,13,60000,14,1998
중랑구,신내동,동성1,59.4,202205,16,61200,8,1993
중랑구,신내동,라이프미성,59.23,202205,17,47000,2,1992
중랑구,면목동,늘푸른동아,59.65,202205,17,69750,8,2002
중랑구,상봉동,주함해븐타워,15.73,202205,21,14450,15,2015
중랑구,면목동,두산2,84.77,202205,21,79000,11,1995
중랑구,묵동,묵동포레시타,18.59,202205,21,12250,5,2013
중랑구,면목동,면목한신,35.3,202205,23,39700,8,1987
중랑구,상봉동,상봉듀오트리스,131.8,202205,23,125000,7,2016
중랑구,상봉동,포시티,14.855,202205,24,11200,3,2014
중랑구,면목동,대원칸타빌,90.1209,202205,25,85000,16,2003
중랑구,묵동,신내,39.84,202205,27,54000,3,1996
중랑구,면목동,현대휴온,18.17,202205,28,10500,2,2013
중랑구,면목동,현대,84.09,202205,30,75000,3,1994
중랑구,묵동,우성,47.11,202206,1,33000,1,1975
중랑구,면목동,면목삼익아파트,111.94,202206,3,97500,16,1997
중랑구,면목동,늘푸른동아,84.97,202206,4,90000,12,2002
중랑구,묵동,묵동포레시타,18.59,202206,6,12100,5,2013
중랑구,묵동,신도,59.89,202206,7,60000,1,1998
중랑구,신내동,신내6대주,59.76,202206,9,67800,3,1996
중랑구,면목동,면목한신,27,202206,12,36500,10,1987
중랑구,면목동,면목한신,27,202206,13,33000,14,1987
중랑구,신내동,성원,84.32,202206,14,71000,9,1994
중랑구,묵동,묵동포레시타,18.59,202206,18,12000,2,2013
중랑구,면목동,현대휴온,18.17,202206,22,11850,3,2013
중랑구,면목동,현대휴온,18.17,202206,25,15000,3,2013
중랑구,신내동,데시앙,114.71,202206,30,104500,1,2010
중랑구,상봉동,포시티,14.855,202207,1,10000,17,2014
중랑구,상봉동,건영2차,84.96,202207,9,87000,14,1996
중랑구,상봉동,건영캐스빌,84.6475,202207,11,88000,22,2006
중랑구,면목동,신영,14.43,202207,15,13000,5,2013
중랑구,상봉동,우정아파트,81.783,202207,25,88300,13,2002
중랑구,면목동,용마한신,35.44,202207,27,39200,6,1990
중랑구,중화동,한솔e(A동),64.84,202207,28,39500,4,2004
중랑구,상봉동,상봉힐스테이,17.25,202208,11,30500,8,2021
중랑구,상봉동,한일써너스빌,84.55,202208,15,91200,11,2003
중랑구,묵동,신내,49.77,202208,18,57500,7,1996
중랑구,묵동,성원팰리스,20.42,202208,20,34900,7,2020
중랑구,면목동,한양수자인사가정파크,23.1074,202208,22,32500,4,2019
중랑구,망우동,EGSoulLeader,13.42,202208,27,9300,5,2012
중랑구,면목동,사가정센트럴아이파크,84.87,202208,30,133700,16,2020
중랑구,신내동,동성1,59.4,202209,1,54000,12,1993
중랑구,망우동,EGSoulLeader,13.42,202209,3,9900,9,2012
중랑구,상봉동,더클래스,28.25,202209,4,29000,6,2019
중랑구,면목동,신영,14.43,202209,5,8900,6,2013
중랑구,묵동,신안1,59.96,202209,6,61500,9,1999
중랑구,묵동,신내대림아파트,126.28,202209,13,107000,7,1995
중랑구,망우동,더하이어,12.0156,202209,15,10000,9,2013
중랑구,신내동,신내우디안1단지,84.65,202209,23,83950,14,2014
중랑구,면목동,현대휴온,19.83,202209,28,11400,4,2013
중랑구,망우동,더하이어,12.0156,202209,30,9800,15,2013
중랑구,면목동,용마한신,35.44,202210,8,38000,6,1990
중랑구,신내동,중앙하이츠,84.97,202210,14,58000,1,1996
중랑구,망우동,더하이어,12.0156,202210,14,10500,15,2013
중랑구,면목동,쌍용더플래티넘용마산,84.9731,202210,16,111000,4,2020
중랑구,면목동,세모하이츠(B),47.18,202211,17,24500,7,2003
중랑구,신내동,동성아파트,59.4,202211,21,47500,3,1997
중랑구,상봉동,프레미어스엠코,84.83,202211,21,107000,26,2013
중랑구,상봉동,동부아파트,54,202211,23,41600,10,1999
중랑구,상봉동,건영2차아파트,74.25,202211,23,59500,15,1996
중랑구,상봉동,상봉힐스테이,17.25,202211,29,30500,5,2021
중랑구,상봉동,상봉베스트원,22.7,202212,2,19500,12,2019
중랑구,면목동,사가정센트럴아이파크,84.87,202212,16,100000,29,2020
중랑구,상봉동,포시티,14.855,202212,22,13900,7,2014
중랑구,면목동,늘푸른동아,84.97,202212,22,72000,19,2002
중랑구,면목동,면목한신,27,202212,28,27000,4,1987
